Variant SKU,Handle,Title,Variant Price,Variant Inventory Qty,Top Candidate Item Number,Top Candidate Item Name,Top Candidate Score,Top Candidate Qty Total,Top Candidate Regular Price,POS Item Number,POS Item Name,POS Size,POS Qty Total,POS Regular Price,POS On Order Qty,POS Vendor,Match Score,Confidence,Review Notes,Alt1 Item Number,Alt1 Item Name,Alt1 Score,Alt2 Item Number,Alt2 Item Name,Alt2 Score,Review Status,Status Reason,Score Delta vs Alt
hmh00824,1-1-4-grommet-bag-of-10,"1 1/4"" Grommet (bag of 10)",22.0,0.0,788.0,"Grommet 1""",0.677,38.0,1.95,788,"Grommet 1""",1 Pc,38.0,1.95,0,Nickel City Wholesale Garden Supply,0.677,needs-review,Needs review: close alt 789 (Δ=0.001),789,"Grommet 1 1/4""",0.676,1924.0,Grow Bag 5Gal 25Pk,0.668,manual-alt-stronger,token overlap: best 1 >= alt 1.0; number overlap: alt 2.0 > best 1; size overlap: best 0 >= alt 0.0; price delta: alt 0.8891 closer than best 0.9114; fuzzy ratio: best 0.2857142857142857 >= alt 0.2833333333333333,0.0010000000000000009
hmh00621,1-1-4-reservoir-filter,"1 1/4"" reservoir filter",7.59,0.0,729.0,G.H. 20Gal Reservoir Only,0.675,1.0,53.74,1465,20gal Reservoir Lid,1 Pc,3.0,39.05,0,NGW,0.666,needs-review,auto-resolved: alt price proximity,1465,20gal Reservoir Lid,0.666,727.0,G.H. 5Gal Reservoir Only,0.665,ready-alt-validated,token overlap: best 1 >= alt 1.0; number overlap: best 1 >= alt 1.0; size overlap: best 0 >= alt 0.0; price delta: best 4.1449 <= alt 4.1449; fuzzy ratio: best 0.4740740740740741 >= alt 0.4740740740740741; Score delta 0.000,0.0
hmh00837,1-2-fill-drain-fitting-bag-of-10,"1/2"" Fill & Drain Fitting (Bag of 10)",15.9,0.0,1546.0,"Short Tub Outlet Fitting 1/2""",0.749,0.0,2.0,1546,"Short Tub Outlet Fitting 1/2""",1 Pc,0.0,2.0,0,NGW,0.749,needs-review,Verify vs alt 2610 (score 0.639),261,"Reducer Fitting 1/2"" to 3/8""",0.639,2895.0,"Tru Hole1 1/8-1 1/4"" Fitting",0.631,ready-strong-gap,Match score exceeds alt by 0.110,0.10999999999999999
hmh00822,1-2-grommet-bag-of-25,"1/2"" Grommet (bag of 25)",17.0,0.0,963.0,Grow Bag 5Gal,0.697,261.0,0.64,963,Grow Bag 5Gal,1 Pc,261.0,0.64,0,NGW,0.697,needs-review,Needs review: close alt 1924 (Δ=0.022),1924,Grow Bag 5Gal 25Pk,0.675,2874.0,25 mesh bubble bag 5 gallon,0.67,ready-alt-validated,token overlap: best 1 >= alt 1.0; number overlap: best 1 >= alt 1.0; size overlap: best 0 >= alt 0.0; price delta: best 0.9624 <= alt 0.9782; fuzzy ratio: best 0.4424778761061947 >= alt 0.4032258064516129; Score delta 0.022,0.02199999999999991
hmh00823,1-grommet-bag-of-10,"1"" Grommet (bag of 10)",19.0,0.0,1924.0,Grow Bag 5Gal 25Pk,0.682,0.0,0.37,921,Pump Filter Bag Large,1 Pc,12.0,11.24,0,NGW,0.672,needs-review,auto-resolved: alt price proximity,921,Pump Filter Bag Large,0.672,788.0,"Grommet 1""",0.657,ready-alt-validated,token overlap: best 1 >= alt 1.0; number overlap: best 2 >= alt 2.0; size overlap: best 0 >= alt 0.0; price delta: best 0.4084 <= alt 0.4084; fuzzy ratio: best 0.3676470588235294 >= alt 0.3676470588235294; Score delta 0.000,0.0
hmh01326,10-in-hose-clamps,10 in. hose clamps,2.8,0.0,1126.0,"Worm Gear Clamp 10""",0.776,15.0,4.3,1126,"Worm Gear Clamp 10""",1 Pc,15.0,4.3,0,Nickel City Wholesale Garden Supply,0.776,needs-review,Verify vs alt 705 (score 0.684),705,"Flexible Ducting 10""x25'",0.684,2987.0,"14"" x 25' Can Duct w/ 2 clamps",0.67,ready-strong-gap,Match score exceeds alt by 0.092,0.09199999999999997
hmh01544,100-ft-black-white-panda-film-poly,100 ft. Black & White Panda Film (poly),100.5,0.0,2634.0,Panda Film 5.5 ml. 100`,0.771,-2.0,98.24,2634,Panda Film 5.5 ml. 100`,10x100,-2.0,98.24,0,Nickel City Wholesale Garden Supply,0.771,needs-review,auto-resolved: price proximity,1378,Panda Film 100' Roll,0.771,2388.0,"G.H. Black 1/8"" Drip Line 100'",0.723,manual-review,Needs human confirmation,0.0
hmh00855,1000-w-hps-alto-agrolite-xt-140000-lumens,1000 W HPS Alto Agrolite XT 140000 lumens,99.95,0.0,1493.0,Phillips Agrolite XT 1000w,0.632,16.0,79.95,1493,Phillips Agrolite XT 1000w,1 Box,16.0,79.95,0,Nickel City Wholesale Garden Supply,0.632,needs-review,auto-resolved: price proximity,1504,Plantmax 1000w HPS,0.631,1503.0,Plantmax 600w HPS,0.628,manual-review,Needs human confirmation,0.0010000000000000009
hmh01327,12-in-hose-clamps,12 in. hose clamps,4.0,0.0,1125.0,"Worm Gear Clamp 12""",0.776,39.0,5.87,1125,"Worm Gear Clamp 12""",1 Pc,39.0,5.87,0,Nickel City Wholesale Garden Supply,0.776,needs-review,Verify vs alt 2987 (score 0.687),2987,"14"" x 25' Can Duct w/ 2 clamps",0.687,706.0,"Flexible Ducting 12""x25'",0.684,ready-strong-gap,Match score exceeds alt by 0.089,0.08899999999999997
hmh01120,120v-120v-4-light-switcher,120V - 120V 4 Light Switcher,148.0,0.0,1214.0,LT4-120 4 Light Timer,0.91,1.0,233.45,1214,LT4-120 4 Light Timer,1 Box,1.0,233.45,0,Nickel City Wholesale Garden Supply,0.91,needs-review,Needs review: close alt 1222 (Δ=0.003),1222,LT4-120-B 4 Light Timer,0.907,1219.0,LT4-240 4 Light Timer,0.855,ready-alt-validated,token overlap: best 2 >= alt 2.0; number overlap: best 1 >= alt 1.0; size overlap: best 0 >= alt 0.0; price delta: best 0.5774 <= alt 0.5774; fuzzy ratio: best 0.3458646616541353 >= alt 0.3407407407407407; Score delta 0.003,0.0030000000000000027
hmh00729,16-can-filter-flange-max,"16"" Can Filter Flange Max",38.33,0.0,1131.0,"CAN Max-Fan 16""",0.685,1.0,1216.38,1131,"CAN Max-Fan 16""",1 Box,1.0,1216.38,0,Nickel City Wholesale Garden Supply,0.685,needs-review,Verify vs alt 2986 (score 0.601),2986,"COMBO Max 14 w/Can 150 & 14"" Fl",0.601,536.0,"CAN 6"" Flange",0.513,ready-strong-gap,Match score exceeds alt by 0.084,0.08400000000000007
hmh00730,18-can-filter-flange-max,"18"" Can Filter Flange Max",41.66,0.0,2277.0,"CAN Max-Fan 18""",0.696,1.0,1531.34,2277,"CAN Max-Fan 18""",1 Box,1.0,1531.34,0,Nickel City Wholesale Garden Supply,0.696,needs-review,Verify vs alt 2986 (score 0.601),2986,"COMBO Max 14 w/Can 150 & 14"" Fl",0.601,537.0,"CAN 8"" Flange",0.513,ready-strong-gap,Match score exceeds alt by 0.095,0.09499999999999997
hmh01481,2-sunblaster-t5-combo-6400k-2232-lumens,2' Sunblaster T5 Combo 6400k (2232 Lumens),40.5,0.0,2497.0,Sunblaster 2' T5 Combo,0.768,6.0,42.99,2497,Sunblaster 2' T5 Combo,1 Pc,6.0,42.99,0,Nickel City Wholesale Garden Supply,0.768,needs-review,auto-resolved: price proximity,3032,SunBlaster/LED Strip Lights 24,0.744,1898.0,Sunblaster 2' Reflector,0.69,ready-gap,Match score exceeds alt by 0.024,0.02400000000000002
hmh00842,3-in-net-pot-case-of-100,3 in. Net-Pot (case of 100),56.0,0.0,1354.0,"3"" Net Pot",0.767,47.0,0.59,1354,"3"" Net Pot",1 Pc,47.0,0.59,0,NGW,0.767,needs-review,auto-resolved: text similarity,813,"3.75"" Net Pot",0.734,1685.0,Pot Elevator - 13 in,0.632,ready-gap,Match score exceeds alt by 0.033,0.03300000000000003
hmh01708,315-chm-4k-greenpower-luminaires,315 CHM 4K GREENPOWER LUMINAIRES,89.0,0.0,3258.0,315 Supreme-Lux Flower 4K lamp,0.65,10.0,99.99,3258,315 Supreme-Lux Flower 4K lamp,315,10.0,99.99,0,lDL Wholesale,0.65,needs-review,Verify vs alt 2888 (score 0.510),2888,D-Papillon 315W FULL SPECTRUM,0.51,3512.0,Hortilux 600W CHM lamp,0.213,ready-strong-gap,Match score exceeds alt by 0.140,0.14
hmh00833,4-76-gallon-bucket-no-handle,4.76 Gallon Bucket - No Handle,7.95,0.0,2398.0,5 Gal. Bucket,0.642,81.0,11.99,2398,5 Gal. Bucket,1 Pc,81.0,11.99,0,Sunlight Supply inc.,0.642,needs-review,auto-resolved: price proximity,3658,Agrowlyte Gallon 4 to 1 Wash,0.626,1363.0,Bubble bucket kit,0.609,manual-review,Needs human confirmation,0.016000000000000014
hmh00934,4-light-timer-120-v,4 Light Timer (120 V.),335.0,0.0,1222.0,LT4-120-B 4 Light Timer,1.073,1.0,233.45,1222,LT4-120-B 4 Light Timer,1 Box,1.0,233.45,0,Nickel City Wholesale Garden Supply,1.073,needs-review,Needs review: close alt 1214 (Δ=0.005),1214,LT4-120 4 Light Timer,1.069,1218.0,LT4-240-LTO 4 Light Timer,0.933,ready-alt-validated,token overlap: best 2 >= alt 2.0; number overlap: best 2 >= alt 2.0; size overlap: best 0 >= alt 0.0; price delta: best 0.3031 <= alt 0.3031; fuzzy ratio: best 0.512396694214876 >= alt 0.5042016806722689; Score delta 0.004,0.0040000000000000036
hmh00901,6-ft-rail-only,6 ft Rail only,25.95,0.0,3244.0,instant ZIPPER 6.5 ft.,0.733,7.0,14.99,3244,instant ZIPPER 6.5 ft.,6.5,7.0,14.99,0,,0.733,needs-review,Verify vs alt 3148 (score 0.638),3148,OD Tray 4 ft x 6 ft - Black,0.638,3552.0,Big Eas4.7 ft x 4.7 ft x 6.5 ft,0.626,ready-strong-gap,Match score exceeds alt by 0.095,0.09499999999999997
hmh01731,8-pack-of-badboy-ho-t-5-4-ft-triphosphor-bloom-2,8 Pack of BadBoy HO T-5 4 ft Triphosphor Bloom,96.0,0.0,2252.0,"T5/24"" Sunlite 865 K lamp HO",0.665,12.0,9.25,2252,"T5/24"" Sunlite 865 K lamp HO",2 ft.,12.0,9.25,0,Nickel City Wholesale Garden Supply,0.665,needs-review,Verify vs alt 2005 (score 0.617),2005,Bamboo Stakes 4',0.617,3578.0,AUTO Froot by the Foot/ 70 Day,0.612,ready-alt-validated,token overlap: best 2 >= alt 2.0; number overlap: best 1 >= alt 1.0; size overlap: best 0 >= alt 0.0; price delta: best 0.9036 <= alt 0.9324; fuzzy ratio: best 0.3297872340425531 >= alt 0.2427745664739884; Score delta 0.048,0.04800000000000004
hmh00967,8oz-electrode-storage-solution,8oz electrode storage solution,8.75,0.0,305.0,pH 7.0 Calibration Solution 8oz,0.675,14.0,7.37,305,pH 7.0 Calibration Solution 8oz,8 Oz,14.0,7.37,0,Nickel City Wholesale Garden Supply,0.675,needs-review,Verify vs alt 1211 (score 0.629),1211,Genesis 1500ppm Solution 8oz,0.629,1212.0,Genesis 1413 TDS Solution 8oz,0.627,ready-alt-validated,token overlap: best 2 >= alt 2.0; number overlap: best 0 >= alt 0.0; size overlap: best 0 >= alt 0.0; price delta: best 0.1577 <= alt 0.2240; fuzzy ratio: best 0.419753086419753 >= alt 0.4161073825503356; Score delta 0.046,0.04600000000000004
,ac-wsa20-b-automatic-water-sprayer-2-liter,"AC-WSA20-B Automatic Water Sprayer, 2-Liter",29.99,0.0,3369.0,Jacto-8C Backpack Sprayer -2Gal,0.64,0.0,264.0,3369,Jacto-8C Backpack Sprayer -2Gal,2 gallon,0.0,264.0,0,BFG,0.64,needs-review,Verify vs alt 2347 (score 0.511),2347,Trimpro Rotor w/ Workstation,0.511,3068.0,360 Trigger Sprayer,0.361,ready-strong-gap,Match score exceeds alt by 0.129,0.129
hmh01201,air-tight-6-a-c-w-15-socket-set,Air Tight 6 A/C - w/15' Socket Set,75.0,0.0,1951.0,AiroFlow Hood,0.77,2.0,155.42,1951,AiroFlow Hood,1 Box,2.0,155.42,0,Nickel City Wholesale Garden Supply,0.77,needs-review,Verify vs alt 734 (score 0.637),734,Socket Set 15' Cord,0.637,757.0,"Ultragrow A/C 6""",0.609,ready-strong-gap,Match score exceeds alt by 0.133,0.133
,athena-camg-1-gallon,Athena CaMg 1 Gallon,45.0,0.0,3138.0,Athena Grow A 4-0-1 Gal.,1.16,4.0,45.0,3138,Athena Grow A 4-0-1 Gal.,gallon,4.0,45.0,0,Athena,1.16,needs-review,Needs review: close alt 3139 (Δ=0.000),3139,Athena Grow B 1-3-5 Gal.,1.16,3631.0,Athena Grow A 1-3-5 /5 Gal.,1.147,ready-alt-validated,token overlap: best 1 >= alt 1.0; number overlap: best 1 >= alt 1.0; size overlap: best 0 >= alt 0.0; price delta: best inf <= alt inf; fuzzy ratio: best 0.6274509803921569 >= alt 0.6274509803921569; Score delta 0.000,0.0
,athena-camg-2,Athena CaMg,45.0,0.0,3134.0,Athena CaMg Supplement Gal.,0.685,1.0,45.0,3134,Athena CaMg Supplement Gal.,gallon,1.0,45.0,0,Athena,0.685,needs-review,auto-resolved: price proximity,1988,CaMg+ 2.5Gal,0.66,918.0,G.O. CaMg+ 6 Gal,0.612,ready-gap,Match score exceeds alt by 0.025,0.025000000000000022
hmh01471,autumn-quart,Autumn Quart,19.7,0.0,2758.0,G-10 qt,0.746,-1.0,58.45,2758,G-10 qt,qt,-1.0,58.45,0,Nickel City Wholesale Garden Supply,0.746,needs-review,Verify vs alt 2425 (score 0.677),2425,Decision Qt,0.677,3444.0,Floralicious plus qt.,0.65,ready-strong-gap,Match score exceeds alt by 0.069,0.06899999999999995
hmh01730,badboy-ho-t-5-4-ft-triphosphor-grow-54-w-6500-k-2,"BadBoy HO T-5 4 ft Triphosphor Grow 54 W, 6500 K",15.95,0.0,2252.0,"T5/24"" Sunlite 865 K lamp HO",0.709,12.0,9.25,2252,"T5/24"" Sunlite 865 K lamp HO",2 ft.,12.0,9.25,0,Nickel City Wholesale Garden Supply,0.709,needs-review,Verify vs alt 776 (score 0.616),776,BadBoy T5 4'-12 Fixture w/ bulb,0.616,774.0,BadBoy T5 4'-6 Fixture w/ Bulbs,0.614,ready-strong-gap,Match score exceeds alt by 0.093,0.09299999999999997
hmh01709,badboy-ho-t-5-triphosphor-bloom-54w-2900k,BadBoy HO T-5 Triphosphor Bloom 54W 2900K,15.95,0.0,3137.0,Athena Bloom B 0.7-6.5 Gal.,0.656,8.0,45.0,3137,Athena Bloom B 0.7-6.5 Gal.,gallon,8.0,45.0,0,Athena,0.656,needs-review,auto-resolved: price proximity,3281,Athena Bloom A 5 Gal,0.654,3282.0,Athena Bloom B 5 Gal,0.654,manual-review,Needs human confirmation,0.0020000000000000018
hmh00536,badboy-t-5-4-ft-16-lamp-fixture-864-w,BADBOY T-5 4 ft - 16 Lamp Fixture 864 W,399.0,0.0,774.0,BadBoy T5 4'-6 Fixture w/ Bulbs,0.695,9.0,239.0,777,BadBoy T5 4'-16 Fixture w/ Bulb,1 Box,16.0,499.0,0,Nickel City Wholesale Garden Supply,0.693,needs-review,auto-resolved: alt price proximity,777,BadBoy T5 4'-16 Fixture w/ Bulb,0.693,773.0,BadBoy T5 4'-4 Fixture w/ Bulbs,0.688,ready-alt-validated,token overlap: best 2 >= alt 2.0; number overlap: best 2 >= alt 2.0; size overlap: best 0 >= alt 0.0; price delta: best 0.2506 <= alt 0.2506; fuzzy ratio: best 0.5222222222222223 >= alt 0.5222222222222223; Score delta 0.000,0.0
hmh00532,badboy-t-5-4-ft-4-lamp-fixture-216-w,BADBOY T-5 4 ft - 4 Lamp Fixture 216 W,140.0,0.0,777.0,BadBoy T5 4'-16 Fixture w/ Bulb,0.696,16.0,499.0,774,BadBoy T5 4'-6 Fixture w/ Bulbs,1 Box,9.0,239.0,0,Nickel City Wholesale Garden Supply,0.692,needs-review,auto-resolved: alt price proximity,774,BadBoy T5 4'-6 Fixture w/ Bulbs,0.692,773.0,BadBoy T5 4'-4 Fixture w/ Bulbs,0.679,ready-alt-validated,token overlap: best 2 >= alt 2.0; number overlap: best 1 >= alt 1.0; size overlap: best 0 >= alt 0.0; price delta: best 0.7071 <= alt 0.7071; fuzzy ratio: best 0.519774011299435 >= alt 0.519774011299435; Score delta 0.000,0.0
hmh00533,badboy-t-5-4-ft-6-lamp-fixture-324-w,BADBOY T-5 4 ft - 6 Lamp Fixture 324 W,175.0,0.0,773.0,BadBoy T5 4'-4 Fixture w/ Bulbs,0.692,13.0,170.0,773,BadBoy T5 4'-4 Fixture w/ Bulbs,1 Box,13.0,170.0,0,Nickel City Wholesale Garden Supply,0.692,needs-review,auto-resolved: price proximity,777,BadBoy T5 4'-16 Fixture w/ Bulb,0.69,774.0,BadBoy T5 4'-6 Fixture w/ Bulbs,0.685,manual-review,Needs human confirmation,0.0020000000000000018
hmh00534,badboy-t-5-4-ft-8-lamp-fixture-432-w,BADBOY T-5 4 ft - 8 Lamp Fixture 432 W,200.0,0.0,773.0,BadBoy T5 4'-4 Fixture w/ Bulbs,0.692,13.0,170.0,773,BadBoy T5 4'-4 Fixture w/ Bulbs,1 Box,13.0,170.0,0,Nickel City Wholesale Garden Supply,0.692,needs-review,auto-resolved: price proximity,775,BadBoy T5 4'-8 Fixture w/ bulbs,0.685,777.0,BadBoy T5 4'-16 Fixture w/ Bulb,0.684,manual-review,Needs human confirmation,0.006999999999999895
hmh00261,bcuzz-bio-nrg-growth-c-1l,B'Cuzz BIO-NRG Growth-C 1L,16.7,0.0,1350.0,B'Cuzz Growth-C Qt,0.743,6.0,16.32,135,B'Cuzz Growth-C Qt,liter,6.0,16.32,0,Nickel City Wholesale Garden Supply,0.743,needs-review,Verify vs alt 1069 (score 0.702),1069,B'Cuzz Flavor-C Qt,0.702,1068.0,B'Cuzz Bloom-C Qt,0.669,manual-alt-stronger,token overlap: alt 3.0 > best 2; number overlap: best 0 >= alt 0.0; size overlap: best 0 >= alt 0.0; price delta: best 0.0228 <= alt 0.0228; fuzzy ratio: best 0.5426356589147286 >= alt 0.3676470588235294,0.041000000000000036
hmh01224,bcuzz-booster-pack,B'cuzZ Booster Pack,12.95,0.0,3135.0,Athena PK Bloom booster Gal.,0.722,6.0,45.0,3135,Athena PK Bloom booster Gal.,gallon,6.0,45.0,0,Athena,0.722,needs-review,Verify vs alt 1066 (score 0.635),1066,B'Cuzz Tabzz,0.635,2096.0,B'cuzz Booster Pack,0.615,ready-strong-gap,Match score exceeds alt by 0.087,0.08699999999999997
hmh01226,bcuzz-coco-nutrition-componet-a-1l,B'Cuzz CoCo Nutrition Componet A 1L,16.1,0.0,2098.0,B'Cuzz Coco Nutrition B Qt,0.702,2.0,16.1,2098,B'Cuzz Coco Nutrition B Qt,1 Qt,2.0,16.1,0,Nickel City Wholesale Garden Supply,0.702,needs-review,Needs review: close alt 2097 (Δ=0.009),2097,B'cuzz Coco Nutrition A Qt,0.693,1070.0,B'Cuzz Hydro Nutrition A Qt,0.581,manual-alt-stronger,token overlap: best 3 >= alt 3.0; number overlap: best 0 >= alt 0.0; size overlap: best 0 >= alt 0.0; price delta: best 0.0000 <= alt 0.0056; fuzzy ratio: alt 0.532608695652174 > best 0.4971751412429379,0.009000000000000008
hmh01228,bcuzz-coco-nutrition-componet-a-5l,B'Cuzz CoCo Nutrition Componet A 5L,65.5,0.0,1072.0,B'Cuzz Hydro Nutrition A 5L,0.731,5.0,50.34,1072,B'Cuzz Hydro Nutrition A 5L,5 Lt,5.0,50.34,0,Nickel City Wholesale Garden Supply,0.731,needs-review,auto-resolved: price proximity,2098,B'Cuzz Coco Nutrition B Qt,0.727,1073.0,B'Cuzz Hydro Nutrition B 5L,0.724,manual-review,Needs human confirmation,0.0040000000000000036
hmh01227,bcuzz-coco-nutrition-componet-b-1l,B'Cuzz CoCo Nutrition Componet B 1L,16.1,0.0,2098.0,B'Cuzz Coco Nutrition B Qt,0.727,2.0,16.1,2098,B'Cuzz Coco Nutrition B Qt,1 Qt,2.0,16.1,0,Nickel City Wholesale Garden Supply,0.727,needs-review,Verify vs alt 2097 (score 0.675),2097,B'cuzz Coco Nutrition A Qt,0.675,1071.0,B'Cuzz Hydro Nutrition B Qt,0.581,ready-strong-gap,Match score exceeds alt by 0.052,0.051999999999999935
hmh01229,bcuzz-coco-nutrition-componet-b-5l,B'Cuzz CoCo Nutrition Componet B 5L,65.5,0.0,2098.0,B'Cuzz Coco Nutrition B Qt,0.739,2.0,16.1,2098,B'Cuzz Coco Nutrition B Qt,1 Qt,2.0,16.1,0,Nickel City Wholesale Garden Supply,0.739,needs-review,auto-resolved: text similarity,1073,B'Cuzz Hydro Nutrition B 5L,0.731,1072.0,B'Cuzz Hydro Nutrition A 5L,0.724,manual-review,Needs human confirmation,0.008000000000000007
hmh00276,bcuzz-growth-stimulator-12oz,B'Cuzz Growth Stimulator - 12oz,22.0,0.0,1350.0,B'Cuzz Growth-C Qt,0.777,6.0,16.32,135,B'Cuzz Growth-C Qt,liter,6.0,16.32,0,Nickel City Wholesale Garden Supply,0.777,needs-review,auto-resolved: price proximity,1185,B’Cuzz Bloom Stimulator 0-0-0.7,0.762,1055.0,B'Cuzz Grow 12oz,0.713,manual-review,Needs human confirmation,0.015000000000000013
hmh00263,bcuzz-hydro-a-1l,B'Cuzz Hydro A 1L,16.1,0.0,1202.0,B'Cuzz Hydro A 10L,0.757,0.0,89.95,1202,B'Cuzz Hydro A 10L,10 Liter,0.0,89.95,0,Nickel City Wholesale Garden Supply,0.757,needs-review,Needs review: close alt 1203 (Δ=0.019),1203,B'Cuzz Hydro B 10L,0.738,1350.0,B'Cuzz Growth-C Qt,0.581,ready-alt-validated,token overlap: best 1 >= alt 1.0; number overlap: best 0 >= alt 0.0; size overlap: best 0 >= alt 0.0; price delta: best 4.5870 <= alt 4.5870; fuzzy ratio: best 0.6491228070175439 >= alt 0.6140350877192983; Score delta 0.019,0.019000000000000017
hmh00264,bcuzz-hydro-a-5l,B'Cuzz Hydro A 5L,51.5,0.0,1202.0,B'Cuzz Hydro A 10L,0.738,0.0,89.95,1202,B'Cuzz Hydro A 10L,10 Liter,0.0,89.95,0,Nickel City Wholesale Garden Supply,0.738,needs-review,Needs review: close alt 1203 (Δ=0.019),1203,B'Cuzz Hydro B 10L,0.718,2244.0,B'Cuzz Flavor-C 5L,0.718,ready-alt-validated,token overlap: best 1 >= alt 1.0; number overlap: best 0 >= alt 0.0; size overlap: best 0 >= alt 0.0; price delta: best 0.7466 <= alt 0.7466; fuzzy ratio: best 0.6140350877192983 >= alt 0.5789473684210527; Score delta 0.020,0.020000000000000018
hmh00265,bcuzz-hydro-b-1l,B'Cuzz Hydro B 1L,16.1,0.0,1203.0,B'Cuzz Hydro B 10L,0.757,0.0,89.95,1203,B'Cuzz Hydro B 10L,10 liter,0.0,89.95,0,Nickel City Wholesale Garden Supply,0.757,needs-review,Verify vs alt 1202 (score 0.709),1202,B'Cuzz Hydro A 10L,0.709,1350.0,B'Cuzz Growth-C Qt,0.561,ready-alt-validated,token overlap: best 1 >= alt 1.0; number overlap: best 0 >= alt 0.0; size overlap: best 0 >= alt 0.0; price delta: best 4.5870 <= alt 4.5870; fuzzy ratio: best 0.6491228070175439 >= alt 0.5614035087719298; Score delta 0.048,0.04800000000000004
hmh00266,bcuzz-hydro-b-5l,B'Cuzz Hydro B 5L,51.5,0.0,1203.0,B'Cuzz Hydro B 10L,0.738,0.0,89.95,1203,B'Cuzz Hydro B 10L,10 liter,0.0,89.95,0,Nickel City Wholesale Garden Supply,0.738,needs-review,auto-resolved: text similarity,2244,B'Cuzz Flavor-C 5L,0.718,2242.0,B'cuzz Growth-C 5L,0.702,ready-gap,Match score exceeds alt by 0.020,0.020000000000000018
hmh00475,bcuzz-roxx-bimatrix-growing-slab-36-x-6-x-3,B'cuzZ Roxx Bimatrix Growing Slab 36 x 6 x 3,7.5,0.0,388.0,"BiMatrix 6"" Slab",0.764,-43.0,7.45,388,"BiMatrix 6"" Slab",Slab,-43.0,7.45,0,Nickel City Wholesale Garden Supply,0.764,needs-review,Verify vs alt 387 (score 0.661),387,"Bimatrix Xtra-Long 6"" Slab",0.661,389.0,"BiMatrix 8"" Slab",0.518,ready-strong-gap,Match score exceeds alt by 0.103,0.10299999999999998
hmh00477,bcuzz-roxx-bimatrix-growing-slab-40-x-6-x-3,B'cuzZ Roxx Bimatrix Growing Slab 40 x 6 x 3,7.5,0.0,388.0,"BiMatrix 6"" Slab",0.751,-43.0,7.45,388,"BiMatrix 6"" Slab",Slab,-43.0,7.45,0,Nickel City Wholesale Garden Supply,0.751,needs-review,Verify vs alt 387 (score 0.673),387,"Bimatrix Xtra-Long 6"" Slab",0.673,389.0,"BiMatrix 8"" Slab",0.504,ready-strong-gap,Match score exceeds alt by 0.078,0.07799999999999996
hmh00470,bcuzz-roxx-rooting-blocks-4-x-4-x-2-5-42-40mm-hole-strip-of-6,"B'cuzZ Roxx Rooting Blocks 4 x 4 x 2.5, 42/40mm hole (strip of 6)",4.53,0.0,381.0,Roxx 3x3x2.5 8ct,0.775,98.0,4.04,381,Roxx 3x3x2.5 8ct,8 Ct,98.0,4.04,0,Nickel City Wholesale Garden Supply,0.775,needs-review,Verify vs alt 382 (score 0.734),382,Roxx 3x3x2.5 (No Hole) 8ct,0.734,380.0,Mini-Blocks 1.5x1.5x1.5 / 48ct,0.596,ready-alt-validated,token overlap: best 4 >= alt 4.0; number overlap: best 1 >= alt 1.0; size overlap: best 0 >= alt 0.0; price delta: best 0.1082 <= alt 0.1082; fuzzy ratio: best 0.2816901408450704 >= alt 0.2604651162790697; Score delta 0.041,0.041000000000000036
hmh00471,bcuzz-roxx-rooting-blocks-4-x-4-x-4-no-hole-strip-of-6,"B'cuzZ Roxx Rooting Blocks 4 x 4 x 4, no hole (strip of 6)",5.95,0.0,385.0,Roxx 4x4x4 (No Hole) 6ct,0.763,163.0,5.8,385,Roxx 4x4x4 (No Hole) 6ct,6 Ct,163.0,5.8,0,Nickel City Wholesale Garden Supply,0.763,needs-review,Verify vs alt 382 (score 0.687),382,Roxx 3x3x2.5 (No Hole) 8ct,0.687,381.0,Roxx 3x3x2.5 8ct,0.524,ready-strong-gap,Match score exceeds alt by 0.076,0.07599999999999996
,bio365-bioblend-high-porosity-blend-1-5cu-ft-bag-blend-of-fine-coir-coarse-peat-super-coarse-perlite,"bio365™ BIOBLEND™ High Porosity Blend - 1.5cu ft - Bag - Blend of Fine Coir, Coarse Peat, & Super Coarse Perlite",29.99,0.0,3383.0,bio365™ BIOBLEND™ - 1.5cu ft,0.766,33.0,29.99,3383,bio365™ BIOBLEND™ - 1.5cu ft,1.5 cu. ft.,33.0,29.99,0,BFG,0.766,needs-review,Verify vs alt 3381 (score 0.561),3381,bio365™ BIOALL,0.561,3382.0,bio365™ BIOFLOWER,0.503,ready-strong-gap,Match score exceeds alt by 0.205,0.20499999999999996
,bio365-bioflower-nutrient-dense-mix-1-5cu-ft-bag-blend-of-fine-coir-coarse-peat-super-coarse-perlite,"bio365™ BIOFLOWER™ Nutrient Dense Mix - 1.5cu ft - Bag - Blend of Fine Coir, Coarse Peat, & Super Coarse Perlite",35.99,0.0,3383.0,bio365™ BIOBLEND™ - 1.5cu ft,0.672,33.0,29.99,3382,bio365™ BIOFLOWER,1.5 cu. ft.,1.0,33.99,0,BFG,0.651,needs-review,auto-resolved: alt price proximity,3382,bio365™ BIOFLOWER,0.651,3381.0,bio365™ BIOALL,0.548,ready-alt-validated,token overlap: best 3 >= alt 3.0; number overlap: best 1 >= alt 1.0; size overlap: best 0 >= alt 0.0; price delta: best inf <= alt inf; fuzzy ratio: best 0.3215686274509804 >= alt 0.3215686274509804; Score delta 0.000,0.0
hmh00252,bioweed-1-gal,BioWeed 1 gal,62.16,0.0,3138.0,Athena Grow A 4-0-1 Gal.,1.107,4.0,45.0,3138,Athena Grow A 4-0-1 Gal.,gallon,4.0,45.0,0,Athena,1.107,needs-review,Needs review: close alt 3139 (Δ=0.000),3139,Athena Grow B 1-3-5 Gal.,1.107,3631.0,Athena Grow A 1-3-5 /5 Gal.,1.105,ready-alt-validated,token overlap: best 1 >= alt 1.0; number overlap: best 1 >= alt 1.0; size overlap: best 0 >= alt 0.0; price delta: best 0.2761 <= alt 0.2761; fuzzy ratio: best 0.4 >= alt 0.4; Score delta 0.000,0.0
,bloom-grease-fermented-flowering-plant-juice,Bloom Grease * Fermented Flowering Plant Juice,29.97,100.0,3650.0,Bloom GREASE canna 1000 ml,0.685,12.0,106.0,365,Bloom GREASE canna 1000 ml,1000 ml,12.0,106.0,0,GREASE,0.685,needs-review,Verify vs alt 3649 (score 0.649),3649,Bloom GREASE canna 500 ml,0.649,3542.0,GREASE CANNABLOOM FERMENTED 250,0.63,manual-alt-stronger,token overlap: best 2 >= alt 2.0; number overlap: best 0 >= alt 0.0; size overlap: best 0 >= alt 0.0; price delta: best inf <= alt inf; fuzzy ratio: alt 0.4415584415584415 > best 0.4331210191082802,0.03600000000000003
hmh00405,bloom-natural-5-gal,Bloom Natural 5 gal,421.2,0.0,3136.0,Athena Bloom A 4-0-5 Gal.,1.301,8.0,45.0,3136,Athena Bloom A 4-0-5 Gal.,gallon,8.0,45.0,0,Athena,1.301,needs-review,Needs review: close alt 3137 (Δ=0.025),3137,Athena Bloom B 0.7-6.5 Gal.,1.276,3502.0,N.C.R. Bloom 2.5 Gallon,1.208,ready-alt-validated,token overlap: best 2 >= alt 2.0; number overlap: best 1 >= alt 1.0; size overlap: best 0 >= alt 0.0; price delta: best 0.8932 <= alt 0.8932; fuzzy ratio: best 0.5116279069767442 >= alt 0.4661654135338345; Score delta 0.025,0.02499999999999991
hmh01792,botanicare-growilla-bud-12-lb,Botanicare Growilla Bud 12 lb,59.95,0.0,3197.0,FloraPro® Grow 10-12-22/5lb,0.753,6.0,36.5,3197,FloraPro® Grow 10-12-22/5lb,5 lb,6.0,36.5,0,Hawthorne Hydoponics LLC,0.753,needs-review,Verify vs alt 3198 (score 0.674),3198,FloraPro® Bloom 7-12-27/ 5lb,0.674,3192.0,DTE Blood Meal 12 - 0 - 0-5lb,0.656,ready-strong-gap,Match score exceeds alt by 0.079,0.07899999999999996
,botanicare-organicare-true-earth-potting-mix-o-m-r-i,Botanicare Organicare True Earth Potting Mix (O.M.R.I.),20.5,0.0,2209.0,Organicare True Earth PotMix1.7,0.65,151.0,20.5,2209,Organicare True Earth PotMix1.7,1.75 cu ft.,151.0,20.5,0,Hawthorne Hydoponics LLC,0.65,needs-review,Verify vs alt 2969 (score 0.578),2969,D.T.Earth Vegan Mix 3-2-2 6lb.,0.578,1644.0,Mother Earth Coco + Perlite Mix,0.511,ready-strong-gap,Match score exceeds alt by 0.072,0.07200000000000006
hmh01857,calnesium-defficiency-correction-supplemnt-2-5-ga,CALNESIUM Defficiency Correction Supplemnt 2.5 Ga,114.96,0.0,1539.0,CALNESIUM /Cal & Mag Sup 2.5 G,0.714,2.0,114.0,1539,CALNESIUM /Cal & Mag Sup 2.5 G,2.5 g,2.0,114.0,0,Nickel City Wholesale Garden Supply,0.714,needs-review,Verify vs alt 3217 (score 0.486),3217,Athena Clean Line Perafoam 5 Ga,0.486,3091.0,CALNESIUM /Cal & Mag Sup.Gal.,0.328,ready-strong-gap,Match score exceeds alt by 0.228,0.22799999999999998
hmh01858,calnesium-defficiency-correction-supplemnt-6-gal,CALNESIUM Defficiency Correction Supplemnt 6 gal,185.96,0.0,3137.0,Athena Bloom B 0.7-6.5 Gal.,0.673,8.0,45.0,2583,G.H. Ripen® 0.5 - 7 - 6 Gal.,gallon,8.0,115.89,0,Hawthorne Hydoponics LLC,0.67,needs-review,auto-resolved: alt price proximity,2583,G.H. Ripen® 0.5 - 7 - 6 Gal.,0.67,3283.0,BioBud® 0.5 - 0.1 - 1/--6 Gal.,0.642,ready-alt-validated,token overlap: best 1 >= alt 1.0; number overlap: best 1 >= alt 1.0; size overlap: best 0 >= alt 0.0; price delta: best 0.3768 <= alt 0.3768; fuzzy ratio: best 0.2983425414364641 >= alt 0.2983425414364641; Score delta 0.000,0.0
hmh01856,calnesium-defficiency-correction-supplemnt-gal,CALNESIUM Defficiency Correction Supplemnt Gal,57.95,0.0,3091.0,CALNESIUM /Cal & Mag Sup.Gal.,0.662,3.0,57.99,3091,CALNESIUM /Cal & Mag Sup.Gal.,gallon,3.0,57.99,0,Nickel City Wholesale Garden Supply,0.662,needs-review,Verify vs alt 3152 (score 0.535),3152,Athena Balance (osmoregulation),0.535,3134.0,Athena CaMg Supplement Gal.,0.491,ready-strong-gap,Match score exceeds alt by 0.127,0.127
hmh01855,calnesium-defficiency-correction-supplemnt-qt,CALNESIUM Defficiency Correction Supplemnt Qt.,19.95,0.0,3090.0,CALNESIUM /Cal & Mag Sup.Qt.,0.649,7.0,20.99,309,CALNESIUM /Cal & Mag Sup.Qt.,qt.,7.0,20.99,0,Nickel City Wholesale Garden Supply,0.649,needs-review,Verify vs alt 1539 (score 0.465),1539,CALNESIUM /Cal & Mag Sup 2.5 G,0.465,2425.0,Decision Qt,0.451,ready-strong-gap,Match score exceeds alt by 0.184,0.184
hmh00700,can-filter-100-w-8-ho-620-cfm-fan-combo-freight-shipping-only,"Can-Filter 100 W/ 8"" HO 620 CFM Fan Combo (freight shipping ONLY)",555.53,0.0,1104.0,"CAN-Fan 8"" HO",0.773,1.0,236.77,1104,"CAN-Fan 8"" HO",1 Box,1.0,236.77,0,Nickel City Wholesale Garden Supply,0.773,needs-review,Verify vs alt 2219 (score 0.680),2219,"CAN Max-Fan HO 8""",0.68,1103.0,"CAN-Fan 8""",0.622,ready-strong-gap,Match score exceeds alt by 0.093,0.09299999999999997
hmh00699,can-filter-75-w-8-ho-559-cfm-fan-combo-freight-shipping-only,"Can-Filter 75 W/ 8"" HO 559 CFM Fan Combo (freight shipping ONLY)",551.08,0.0,1104.0,"CAN-Fan 8"" HO",0.775,1.0,236.77,1104,"CAN-Fan 8"" HO",1 Box,1.0,236.77,0,Nickel City Wholesale Garden Supply,0.775,needs-review,Verify vs alt 2219 (score 0.682),2219,"CAN Max-Fan HO 8""",0.682,1103.0,"CAN-Fan 8""",0.629,ready-strong-gap,Match score exceeds alt by 0.093,0.09299999999999997
,centurion-pro-tabletop-trimming-machine-wet-or-dry,Centurion Pro Tabletop Trimming Machine Wet or Dry,2999.0,0.0,3203.0,CenturionPro® Tabletop  Pro dry,0.724,0.0,3895.0,3203,CenturionPro® Tabletop  Pro dry,tabel top,0.0,3895.0,0,Hawthorne Hydoponics LLC,0.724,needs-review,auto-resolved: text similarity,3344,Centurion Tabletop Pro,0.704,3142.0,Athena Pro Dry Bloom 0-12-24,0.457,ready-gap,Match score exceeds alt by 0.020,0.020000000000000018
,centurion-pro-tabletop-trimming-machine-wet-or-dry,,,,3344.0,Centurion Tabletop Pro,0.716,0.0,3100.0,3344,Centurion Tabletop Pro,15 lb an hr,0.0,3100.0,0,,0.716,needs-review,Verify vs alt 3203 (score 0.652),3203,CenturionPro® Tabletop  Pro dry,0.652,3142.0,Athena Pro Dry Bloom 0-12-24,0.472,ready-strong-gap,Match score exceeds alt by 0.064,0.06399999999999995
,centurion-pro-tabletop-trimming-machine-wet-or-dry,,,,3344.0,Centurion Tabletop Pro,0.716,0.0,3100.0,3344,Centurion Tabletop Pro,15 lb an hr,0.0,3100.0,0,,0.716,needs-review,Verify vs alt 3203 (score 0.652),3203,CenturionPro® Tabletop  Pro dry,0.652,3142.0,Athena Pro Dry Bloom 0-12-24,0.472,ready-strong-gap,Match score exceeds alt by 0.064,0.06399999999999995
,centurion-pro-tabletop-trimming-machine-wet-or-dry,,,,3344.0,Centurion Tabletop Pro,0.716,0.0,3100.0,3344,Centurion Tabletop Pro,15 lb an hr,0.0,3100.0,0,,0.716,needs-review,Verify vs alt 3203 (score 0.652),3203,CenturionPro® Tabletop  Pro dry,0.652,3142.0,Athena Pro Dry Bloom 0-12-24,0.472,ready-strong-gap,Match score exceeds alt by 0.064,0.06399999999999995
,cloudray-s9-gen-2-grow-tent-clip-fan-9,"CLOUDRAY S9, Gen 2 Grow Tent Clip Fan 9”",38.0,0.0,3556.0,"7"" clip fan 2 speed",0.762,15.0,23.99,3556,"7"" clip fan 2 speed","7""",15.0,23.99,0,BFG,0.762,needs-review,Verify vs alt 2386 (score 0.505),2386,UNO 2x4 Grow Tent,0.505,2627.0,"UNO 2 speed 4"" fan 190 CFM",0.457,ready-strong-gap,Match score exceeds alt by 0.257,0.257
,cloudray-s9-gen-2-grow-tent-clip-fan-9-oscillating,"CLOUDRAY S9, Gen 2 Grow Tent Clip Fan 9” Oscillating",99.0,10.0,3556.0,"7"" clip fan 2 speed",0.691,15.0,23.99,3556,"7"" clip fan 2 speed","7""",15.0,23.99,0,BFG,0.691,needs-review,Verify vs alt 2386 (score 0.458),2386,UNO 2x4 Grow Tent,0.458,3443.0,"Hurricane 12"" Oscillating fan",0.447,ready-strong-gap,Match score exceeds alt by 0.233,0.23299999999999993
hmh01562,cocotek-bloom-a-gal,CocoTek Bloom A Gal.,34.0,0.0,3360.0,CocoTek BLOOM-A 6 G.,1.209,0.0,99.0,336,CocoTek BLOOM-A 6 G.,6 gallon,0.0,99.0,0,Nickel City Wholesale Garden Supply,1.209,needs-review,Needs review: close alt 3359 (Δ=0.003),3359,CocoTek BLOOM-B 6 Ga,1.206,3281.0,Athena Bloom A 5 Gal,1.095,ready-alt-validated,token overlap: best 3 >= alt 3.0; number overlap: best 0 >= alt 0.0; size overlap: best 0 >= alt 0.0; price delta: best 1.9118 <= alt 1.9118; fuzzy ratio: best 0.639344262295082 >= alt 0.6341463414634146; Score delta 0.003,0.0030000000000001137
hmh01563,cocotek-bloom-b-gal,CocoTek Bloom B Gal.,34.0,0.0,3359.0,CocoTek BLOOM-B 6 Ga,1.215,0.0,99.0,3359,CocoTek BLOOM-B 6 Ga,6 gallon,0.0,99.0,0,Nickel City Wholesale Garden Supply,1.215,needs-review,Needs review: close alt 3360 (Δ=0.024),336,CocoTek BLOOM-A 6 G.,1.191,3282.0,Athena Bloom B 5 Gal,1.095,ready-alt-validated,token overlap: best 3 >= alt 3.0; number overlap: best 0 >= alt 0.0; size overlap: best 0 >= alt 0.0; price delta: best 1.9118 <= alt 1.9118; fuzzy ratio: best 0.6504065040650406 >= alt 0.6065573770491803; Score delta 0.024,0.02400000000000002
hmh01559,cocotek-bloom-b-qts,Cocotek Bloom B Qts,15.89,0.0,3359.0,CocoTek BLOOM-B 6 Ga,0.92,0.0,99.0,3359,CocoTek BLOOM-B 6 Ga,6 gallon,0.0,99.0,0,Nickel City Wholesale Garden Supply,0.92,needs-review,Needs review: close alt 3360 (Δ=0.024),336,CocoTek BLOOM-A 6 G.,0.896,3282.0,Athena Bloom B 5 Gal,0.641,ready-alt-validated,token overlap: best 2 >= alt 2.0; number overlap: best 0 >= alt 0.0; size overlap: best 0 >= alt 0.0; price delta: best 5.2303 <= alt 5.2303; fuzzy ratio: best 0.6341463414634146 >= alt 0.5901639344262295; Score delta 0.024,0.02400000000000002
hmh01560,cocotek-grow-a-gal,CocoTek Grow A Gal.,34.0,0.0,3360.0,CocoTek BLOOM-A 6 G.,0.951,0.0,99.0,336,CocoTek BLOOM-A 6 G.,6 gallon,0.0,99.0,0,Nickel City Wholesale Garden Supply,0.951,needs-review,Needs review: close alt 3359 (Δ=0.011),3359,CocoTek BLOOM-B 6 Ga,0.939,3138.0,Athena Grow A 4-0-1 Gal.,0.931,ready-alt-validated,token overlap: best 2 >= alt 2.0; number overlap: best 0 >= alt 0.0; size overlap: best 0 >= alt 0.0; price delta: best 1.9118 <= alt 1.9118; fuzzy ratio: best 0.5166666666666667 >= alt 0.4958677685950413; Score delta 0.012,0.01200000000000001
hmh01561,cocotek-grow-b-gal,CocoTek Grow B Gal.,34.0,0.0,3359.0,CocoTek BLOOM-B 6 Ga,0.958,0.0,99.0,3359,CocoTek BLOOM-B 6 Ga,6 gallon,0.0,99.0,0,Nickel City Wholesale Garden Supply,0.958,needs-review,Needs review: close alt 3360 (Δ=0.025),336,CocoTek BLOOM-A 6 G.,0.932,3139.0,Athena Grow B 1-3-5 Gal.,0.931,ready-alt-validated,token overlap: best 2 >= alt 2.0; number overlap: best 0 >= alt 0.0; size overlap: best 0 >= alt 0.0; price delta: best 1.9118 <= alt 1.9118; fuzzy ratio: best 0.5289256198347108 >= alt 0.4833333333333333; Score delta 0.026,0.025999999999999912
,cri-series-dli-cri-series-630w-cmh-240v,,,,2620.0,DLI JOULE-Series 1000W 400V D/E,0.644,2.0,499.0,262,DLI JOULE-Series 1000W 400V D/E,120/240,2.0,499.0,0,Nickel City Wholesale Garden Supply,0.644,needs-review,Verify vs alt 3368 (score 0.493),3368,Series LED Multilayer 600 FS-DC,0.493,2607.0,APEX-DLI Toplighting LED,0.486,ready-strong-gap,Match score exceeds alt by 0.151,0.15100000000000002
hmh00256,diamond-black-1-gal,Diamond Black 1 gal,52.3,0.0,275.0,Diamond Black Gal,1.22,6.0,52.95,275,Diamond Black Gal,1 Gal,6.0,52.95,0,Nickel City Wholesale Garden Supply,1.22,needs-review,Needs review: close alt 3451 (Δ=0.000),3451,Diamond Black Gal,1.22,274.0,Diamond Black Qt,0.958,ready-alt-validated,token overlap: best 3 >= alt 3.0; number overlap: best 1 >= alt 1.0; size overlap: best 0 >= alt 0.0; price delta: best 0.0124 <= alt 0.0124; fuzzy ratio: best 0.6065573770491803 >= alt 0.6065573770491803; Score delta 0.000,0.0
hmh00685,diamond-black-6-gal,Diamond Black 6 gal,209.98,0.0,275.0,Diamond Black Gal,0.871,6.0,52.95,275,Diamond Black Gal,1 Gal,6.0,52.95,0,Nickel City Wholesale Garden Supply,0.871,needs-review,Needs review: close alt 3451 (Δ=0.000),3451,Diamond Black Gal,0.871,3137.0,Athena Bloom B 0.7-6.5 Gal.,0.835,ready-alt-validated,token overlap: best 3 >= alt 3.0; number overlap: best 0 >= alt 0.0; size overlap: best 0 >= alt 0.0; price delta: best 0.7478 <= alt 0.7478; fuzzy ratio: best 0.5901639344262295 >= alt 0.5901639344262295; Score delta 0.000,0.0
,dli-diode-series-led-toplighting-led-fixture-long,DLI-DIODE-Series-LED Toplighting LED Fixture (Long),799.0,0.0,2607.0,APEX-DLI Toplighting LED,0.721,3.0,1399.0,2607,APEX-DLI Toplighting LED,240V/led top,3.0,1399.0,0,Nickel City Wholesale Garden Supply,0.721,needs-review,Verify vs alt 2620 (score 0.533),262,DLI JOULE-Series 1000W 400V D/E,0.533,3368.0,Series LED Multilayer 600 FS-DC,0.532,ready-strong-gap,Match score exceeds alt by 0.188,0.18799999999999994
,dli-diode-series-led-toplighting-led-fixture-long,,,,2607.0,APEX-DLI Toplighting LED,0.709,3.0,1399.0,2607,APEX-DLI Toplighting LED,240V/led top,3.0,1399.0,0,Nickel City Wholesale Garden Supply,0.709,needs-review,Verify vs alt 3368 (score 0.583),3368,Series LED Multilayer 600 FS-DC,0.583,1925.0,E-Series LED Adapter - 120 - 2,0.533,ready-strong-gap,Match score exceeds alt by 0.126,0.126
,dli-diode-series-led-toplighting-led-fixture-long,,,,2607.0,APEX-DLI Toplighting LED,0.709,3.0,1399.0,2607,APEX-DLI Toplighting LED,240V/led top,3.0,1399.0,0,Nickel City Wholesale Garden Supply,0.709,needs-review,Verify vs alt 3368 (score 0.583),3368,Series LED Multilayer 600 FS-DC,0.583,1925.0,E-Series LED Adapter - 120 - 2,0.533,ready-strong-gap,Match score exceeds alt by 0.126,0.126
hmh00329,double-super-b-1-liter,Double Super B+ 1 liter,34.99,0.0,1586.0,Super Double B+ Lt,0.779,21.0,27.98,1586,Super Double B+ Lt,1 Lt,21.0,27.98,0,Nickel City Wholesale Garden Supply,0.779,needs-review,Verify vs alt 3039 (score 0.702),3039,Hortilux® LU 1000 DE/HTL Double,0.702,2955.0,GREENPOWER-630CMH double 240V,0.651,ready-strong-gap,Match score exceeds alt by 0.077,0.07700000000000007
hmh00331,double-super-b-10-liter,Double Super B+ 10 liter,205.99,0.0,1588.0,Super Double B+ 10L,0.746,4.0,206.23,1588,Super Double B+ 10L,10 Lt,4.0,206.23,0,Nickel City Wholesale Garden Supply,0.746,needs-review,Verify vs alt 1857 (score 0.556),1857,Super Double B+ 500ml,0.556,1586.0,Super Double B+ Lt,0.492,ready-strong-gap,Match score exceeds alt by 0.190,0.18999999999999995
hmh00330,double-super-b-4-liter,Double Super B+ 4 liter,109.99,0.0,1587.0,Super Double B+ 4L,0.743,11.0,86.98,1587,Super Double B+ 4L,4 Lt,11.0,86.98,0,Nickel City Wholesale Garden Supply,0.743,needs-review,Verify vs alt 1857 (score 0.587),1857,Super Double B+ 500ml,0.587,236.0,Mother Earth Bloom 4L,0.574,ready-strong-gap,Match score exceeds alt by 0.156,0.15600000000000003
,dutch-lighting-innovations-joule-series-1000w-de-120v-240v,“Dutch Lighting Innovations”  JOULE-SERIES 1000W DE 120V – 240V,450.0,0.0,3465.0,Dutch Lighting Innovations DLM-,0.768,1.0,350.0,3465,Dutch Lighting Innovations DLM-,4 zone,1.0,350.0,0,Phive8,0.768,needs-review,Verify vs alt 2620 (score 0.717),262,DLI JOULE-Series 1000W 400V D/E,0.717,3287.0,Voltage Converter inverter1000W,0.403,ready-strong-gap,Match score exceeds alt by 0.051,0.051000000000000045
hmh01633,e-papillon-600-watt-240v-w-lamp-2,E-Papillon 600 Watt 240V. W / Lamp,199.0,0.0,3512.0,Hortilux 600W CHM lamp,0.632,0.0,99.0,2646,Hortilux Blue MH Lamp - 600 Wat,,4.0,139.0,0,Nickel City Wholesale Garden Supply,0.631,needs-review,auto-resolved: alt price proximity,2646,Hortilux Blue MH Lamp - 600 Wat,0.631,1524.0,SE600W Ceramic HPS lamp Kit,0.628,ready-alt-validated,token overlap: best 2 >= alt 2.0; number overlap: best 1 >= alt 1.0; size overlap: best 0 >= alt 0.0; price delta: best 0.3015 <= alt 0.3015; fuzzy ratio: best 0.2012578616352201 >= alt 0.2012578616352201; Score delta 0.000,0.0
,e-papillon-630-watt-led,E-Papillon 630 Watt LED,659.0,0.0,2886.0,D-Papillon Double  630/ 240V.,0.779,6.0,599.0,2886,D-Papillon Double  630/ 240V.,630 Watt CMH,6.0,599.0,0,Nickel City Wholesale Garden Supply,0.779,needs-review,Verify vs alt 2511 (score 0.641),2511,E Papillon Lighting System 630,0.641,3421.0,E-pap 660Watt LED diming 240V,0.438,ready-strong-gap,Match score exceeds alt by 0.138,0.138
hmh00838,extension-fitting-bag-of-10,Extension Fitting (bag of 10),4.5,0.0,822.0,Extension Fitting CAP,0.713,286.0,0.83,822,Extension Fitting CAP,1 Pc,286.0,0.83,0,Nickel City Wholesale Garden Supply,0.713,needs-review,auto-resolved: price proximity,3055,10 ft. Lamp Extension Cords,0.687,1406.0,SULFUR POWDER 10LB BAG,0.653,ready-gap,Match score exceeds alt by 0.026,0.025999999999999912
hmh01712,eye-hortilux-e-start-metal-halide-1000watt,Eye Hortilux e-Start Metal Halide  1000Watt,45.5,0.0,2658.0,e-Start Metal Halide 1000 watt,0.769,4.0,94.95,2658,e-Start Metal Halide 1000 watt,,4.0,94.95,0,Nickel City Wholesale Garden Supply,0.769,needs-review,Verify vs alt 3262 (score 0.443),3262,Bud Start 20 Litre,0.443,1478.0,Solarmax 1000w MH,0.437,ready-strong-gap,Match score exceeds alt by 0.326,0.326
hmh01713,eye-hortilux-e-start-metal-halide-lamps-2,Eye Hortilux e-Start Metal Halide Lamps,50.0,0.0,2649.0,T5 2` Phillips Star Coat 64K,0.64,46.0,10.95,2649,T5 2` Phillips Star Coat 64K,2`,46.0,10.95,0,Nickel City Wholesale Garden Supply,0.64,needs-review,auto-resolved: price proximity,1744,Lighting Start 2.5 GAL.,0.626,3519.0,Lighting Start 2.5 Gallon,0.625,manual-review,Needs human confirmation,0.014000000000000012
hmh01190,f-h-d-super-saucer-8,"F.H.D. Super Saucer 8""",1.0,0.0,1976.0,"Mondi 8"" Saucer Black",0.754,366.0,1.89,1976,"Mondi 8"" Saucer Black",1 Pc,366.0,1.89,0,Nickel City Wholesale Garden Supply,0.754,needs-review,Verify vs alt 1781 (score 0.674),1781,"Bond 8'x1"" bamboo super pole",0.674,3647.0,Super Clean Neem Oil - 8oz,0.598,ready-strong-gap,Match score exceeds alt by 0.080,0.07999999999999996
,face-fat-auto-8-seed-pk,,,,3579.0,AUTO GMO Auto,1.099,0.0,,3579,AUTO GMO Auto,8 PK,0.0,,0,@Flowers-HEMP,1.099,needs-review,Needs review: close alt  (Δ=0.021),,Cannabis Seed AUTO,1.078,3257.0,"G.M.O. Auto ""OG""",1.011,ready-no-alt,No alternate candidate available,0.020999999999999908
,face-fat-auto-8-seed-pk,,,,3579.0,AUTO GMO Auto,1.099,0.0,,3579,AUTO GMO Auto,8 PK,0.0,,0,@Flowers-HEMP,1.099,needs-review,Needs review: close alt  (Δ=0.021),,Cannabis Seed AUTO,1.078,3257.0,"G.M.O. Auto ""OG""",1.011,ready-no-alt,No alternate candidate available,0.020999999999999908
hmh01038,final-phase-1-lt,Final Phase (1 lt),20.8,0.0,266.0,Final Phase 4L,0.741,-1.0,50.97,266,Final Phase 4L,4 Lt,-1.0,50.97,0,Advanced Nutrients,0.741,needs-review,auto-resolved: token overlap,255,Revive Lt,0.733,226.0,Overdrive Lt,0.725,manual-review,Needs human confirmation,0.008000000000000007
hmh00180,flora-bloom-16-oz,Flora Bloom 16 oz,10.39,0.0,2900.0,Physan 20™ 16 oz,0.773,1.0,11.99,29,Physan 20™ 16 oz,16 oz.,1.0,11.99,0,Sunlight Supply inc.,0.773,needs-review,Needs review: close alt 3154 (Δ=0.018),3154,ph up 16 oz,0.755,3229.0,Orca® Liquid Mycorrhizae 16 oz.,0.736,manual-alt-stronger,token overlap: best 1 >= alt 1.0; number overlap: best 1 >= alt 1.0; size overlap: best 0 >= alt 0.0; price delta: alt 0.1290 closer than best 0.1540; fuzzy ratio: best 0.4 >= alt 0.3673469387755102,0.018000000000000016
hmh01828,flora-bloom-275-gal,Flora Bloom 275 gal,3215.95,0.0,3502.0,N.C.R. Bloom 2.5 Gallon,0.97,0.0,149.0,3502,N.C.R. Bloom 2.5 Gallon,2.5 gallon,0.0,149.0,0,Hawthorne Hydoponics LLC,0.97,needs-review,Needs review: close alt 3281 (Δ=0.004),3281,Athena Bloom A 5 Gal,0.966,3282.0,Athena Bloom B 5 Gal,0.966,manual-alt-stronger,token overlap: best 2 >= alt 2.0; number overlap: best 0 >= alt 0.0; size overlap: best 0 >= alt 0.0; price delta: alt 0.9378 closer than best 0.9537; fuzzy ratio: best 0.5271317829457365 >= alt 0.5203252032520326,0.0040000000000000036
hmh00170,flora-micro-16-oz,Flora Micro 16 oz,11.22,0.0,2900.0,Physan 20™ 16 oz,0.773,1.0,11.99,29,Physan 20™ 16 oz,16 oz.,1.0,11.99,0,Sunlight Supply inc.,0.773,needs-review,Needs review: close alt 3154 (Δ=0.018),3154,ph up 16 oz,0.755,3229.0,Orca® Liquid Mycorrhizae 16 oz.,0.736,manual-alt-stronger,token overlap: best 1 >= alt 1.0; number overlap: best 1 >= alt 1.0; size overlap: best 0 >= alt 0.0; price delta: alt 0.0455 closer than best 0.0686; fuzzy ratio: best 0.4 >= alt 0.3673469387755102,0.018000000000000016
hmh01830,flora-micro-55-gal,Flora Micro 55 gal,1200.0,0.0,66.0,Flora Nova Grow Gal,0.72,15.0,115.34,66,Flora Nova Grow Gal,1 Gal,15.0,115.34,0,Nickel City Wholesale Garden Supply,0.72,needs-review,Verify vs alt 612 (score 0.671),612,Micro Hydro Gal,0.671,97.0,flora micro pt.,0.66,ready-alt-validated,token overlap: best 2 >= alt 2.0; number overlap: best 0 >= alt 0.0; size overlap: best 0 >= alt 0.0; price delta: best 0.9039 <= alt 0.9705; fuzzy ratio: best 0.4881889763779528 >= alt 0.2260869565217391; Score delta 0.049,0.04899999999999993
hmh00011,florablend-qt,FloraBlend qt,13.07,0.0,2758.0,G-10 qt,0.76,-1.0,58.45,2758,G-10 qt,qt,-1.0,58.45,0,Nickel City Wholesale Garden Supply,0.76,needs-review,Verify vs alt 3444 (score 0.710),3444,Floralicious plus qt.,0.71,2425.0,Decision Qt,0.698,ready-strong-gap,Match score exceeds alt by 0.050,0.050000000000000044
hmh00205,floraduo-a-1-gal,FloraDuo A 1 gal,35.89,0.0,196.0,FloraDuo (Part-B) Gal,1.346,7.0,40.96,196,FloraDuo (Part-B) Gal,1 Gal,7.0,40.96,0,NGW,1.346,needs-review,Needs review: close alt 197 (Δ=0.000),197,FloraDuo (Part-A) Gal,1.346,3138.0,Athena Grow A 4-0-1 Gal.,1.114,ready-alt-validated,token overlap: best 2 >= alt 2.0; number overlap: best 1 >= alt 1.0; size overlap: best 0 >= alt 0.0; price delta: best 0.1413 <= alt 0.1418; fuzzy ratio: best 0.5925925925925926 >= alt 0.5925925925925926; Score delta 0.000,0.0
hmh00204,floraduo-a-1-qt,FloraDuo A 1 qt,15.89,0.0,193.0,FloraDuo (Part-B) Qt,1.337,21.0,16.37,193,FloraDuo (Part-B) Qt,1 Qt,21.0,16.37,0,NGW,1.337,needs-review,Needs review: close alt 195 (Δ=0.000),195,FloraDuo (Part-A) Qt,1.337,196.0,FloraDuo (Part-B) Gal,0.921,ready-alt-validated,token overlap: best 2 >= alt 2.0; number overlap: best 1 >= alt 1.0; size overlap: best 0 >= alt 0.0; price delta: best 0.0302 <= alt 0.0302; fuzzy ratio: best 0.5769230769230769 >= alt 0.5769230769230769; Score delta 0.000,0.0
hmh00203,floraduo-a-16-oz,FloraDuo A 16 oz,11.09,0.0,3154.0,ph up 16 oz,0.826,0.0,11.73,3154,ph up 16 oz,16 oz,0.0,11.73,0,Nickel City Wholesale Garden Supply,0.826,needs-review,Needs review: close alt 2900 (Δ=0.003),29,Physan 20™ 16 oz,0.824,3229.0,Orca® Liquid Mycorrhizae 16 oz.,0.787,ready-alt-validated,token overlap: best 1 >= alt 1.0; number overlap: best 1 >= alt 1.0; size overlap: best 0 >= alt 0.0; price delta: best 0.0577 <= alt 0.0812; fuzzy ratio: best 0.375 >= alt 0.3703703703703703; Score delta 0.002,0.0020000000000000018
hmh00207,floraduo-a-6-gal,FloraDuo A 6 gal,158.5,0.0,1916.0,FloraDuo (Part-B) 6Gal,1.003,2.0,146.63,1916,FloraDuo (Part-B) 6Gal,6 Gal,2.0,146.63,0,Nickel City Wholesale Garden Supply,1.003,needs-review,Needs review: close alt 1917 (Δ=0.000),1917,FloraDuo (Part-A) 6Gal,1.003,196.0,FloraDuo (Part-B) Gal,0.996,ready-alt-validated,token overlap: best 2 >= alt 2.0; number overlap: best 1 >= alt 1.0; size overlap: best 0 >= alt 0.0; price delta: best 0.0749 <= alt 0.0749; fuzzy ratio: best 0.5151515151515151 >= alt 0.5151515151515151; Score delta 0.000,0.0
hmh00210,floraduo-b-1-gal,FloraDuo B 1 gal,35.89,0.0,196.0,FloraDuo (Part-B) Gal,1.336,7.0,40.96,196,FloraDuo (Part-B) Gal,1 Gal,7.0,40.96,0,NGW,1.336,needs-review,Needs review: close alt 197 (Δ=0.010),197,FloraDuo (Part-A) Gal,1.326,3138.0,Athena Grow A 4-0-1 Gal.,1.114,ready-alt-validated,token overlap: best 2 >= alt 2.0; number overlap: best 1 >= alt 1.0; size overlap: best 0 >= alt 0.0; price delta: best 0.1413 <= alt 0.1418; fuzzy ratio: best 0.5740740740740741 >= alt 0.5555555555555556; Score delta 0.010,0.010000000000000009
hmh00209,floraduo-b-1-qt,FloraDuo B 1 qt,15.89,0.0,193.0,FloraDuo (Part-B) Qt,1.327,21.0,16.37,193,FloraDuo (Part-B) Qt,1 Qt,21.0,16.37,0,NGW,1.327,needs-review,Needs review: close alt 195 (Δ=0.011),195,FloraDuo (Part-A) Qt,1.316,196.0,FloraDuo (Part-B) Gal,0.911,ready-alt-validated,token overlap: best 2 >= alt 2.0; number overlap: best 1 >= alt 1.0; size overlap: best 0 >= alt 0.0; price delta: best 0.0302 <= alt 0.0302; fuzzy ratio: best 0.5576923076923077 >= alt 0.5384615384615384; Score delta 0.011,0.010999999999999899
hmh00208,floraduo-b-16-oz,FloraDuo B 16 oz,11.09,0.0,3154.0,ph up 16 oz,0.826,0.0,11.73,3154,ph up 16 oz,16 oz,0.0,11.73,0,Nickel City Wholesale Garden Supply,0.826,needs-review,Needs review: close alt 2900 (Δ=0.003),29,Physan 20™ 16 oz,0.824,3229.0,Orca® Liquid Mycorrhizae 16 oz.,0.77,ready-alt-validated,token overlap: best 1 >= alt 1.0; number overlap: best 1 >= alt 1.0; size overlap: best 0 >= alt 0.0; price delta: best 0.0577 <= alt 0.0812; fuzzy ratio: best 0.375 >= alt 0.3703703703703703; Score delta 0.002,0.0020000000000000018
hmh00212,floraduo-b-6-gal,FloraDuo B 6 gal,170.0,0.0,1916.0,FloraDuo (Part-B) 6Gal,1.003,2.0,146.63,1916,FloraDuo (Part-B) 6Gal,6 Gal,2.0,146.63,0,Nickel City Wholesale Garden Supply,1.003,needs-review,Needs review: close alt 1917 (Δ=0.008),1917,FloraDuo (Part-A) 6Gal,0.995,196.0,FloraDuo (Part-B) Gal,0.986,ready-alt-validated,token overlap: best 2 >= alt 2.0; number overlap: best 1 >= alt 1.0; size overlap: best 0 >= alt 0.0; price delta: best 0.1375 <= alt 0.1375; fuzzy ratio: best 0.5151515151515151 >= alt 0.5; Score delta 0.008,0.007999999999999896
hmh00175,floragro-16-oz,FloraGro 16 oz,10.39,0.0,3154.0,ph up 16 oz,0.823,0.0,11.73,3154,ph up 16 oz,16 oz,0.0,11.73,0,Nickel City Wholesale Garden Supply,0.823,needs-review,Needs review: close alt 2900 (Δ=0.002),29,Physan 20™ 16 oz,0.821,3229.0,Orca® Liquid Mycorrhizae 16 oz.,0.76,ready-alt-validated,token overlap: best 1 >= alt 1.0; number overlap: best 1 >= alt 1.0; size overlap: best 0 >= alt 0.0; price delta: best 0.1290 <= alt 0.1540; fuzzy ratio: best 0.3695652173913043 >= alt 0.3653846153846153; Score delta 0.002,0.0020000000000000018
hmh00232,florakleen-1-gal,FloraKleen 1 gal,24.29,0.0,3138.0,Athena Grow A 4-0-1 Gal.,1.096,4.0,45.0,3138,Athena Grow A 4-0-1 Gal.,gallon,4.0,45.0,0,Athena,1.096,needs-review,Needs review: close alt 3139 (Δ=0.000),3139,Athena Grow B 1-3-5 Gal.,1.096,3631.0,Athena Grow A 1-3-5 /5 Gal.,1.095,ready-alt-validated,token overlap: best 1 >= alt 1.0; number overlap: best 1 >= alt 1.0; size overlap: best 0 >= alt 0.0; price delta: best 0.8526 <= alt 0.8526; fuzzy ratio: best 0.3801652892561983 >= alt 0.3801652892561983; Score delta 0.000,0.0
hmh00189,floranova-bloom-16-oz,FloraNova Bloom 16 oz,15.89,0.0,2900.0,Physan 20™ 16 oz,0.777,1.0,11.99,29,Physan 20™ 16 oz,16 oz.,1.0,11.99,0,Sunlight Supply inc.,0.777,needs-review,Verify vs alt 3154 (score 0.740),3154,ph up 16 oz,0.74,3229.0,Orca® Liquid Mycorrhizae 16 oz.,0.723,ready-alt-validated,token overlap: best 1 >= alt 1.0; number overlap: best 1 >= alt 1.0; size overlap: best 0 >= alt 0.0; price delta: best 0.2454 <= alt 0.2618; fuzzy ratio: best 0.4067796610169492 >= alt 0.3396226415094339; Score delta 0.037,0.03700000000000003
hmh00187,floranova-grow-1-gal,FloraNova Grow 1 gal,92.3,0.0,3138.0,Athena Grow A 4-0-1 Gal.,1.16,4.0,45.0,3138,Athena Grow A 4-0-1 Gal.,gallon,4.0,45.0,0,Athena,1.16,needs-review,Needs review: close alt 3139 (Δ=0.000),3139,Athena Grow B 1-3-5 Gal.,1.16,3631.0,Athena Grow A 1-3-5 /5 Gal.,1.156,ready-alt-validated,token overlap: best 1 >= alt 1.0; number overlap: best 1 >= alt 1.0; size overlap: best 0 >= alt 0.0; price delta: best 0.5125 <= alt 0.5125; fuzzy ratio: best 0.4961240310077519 >= alt 0.4961240310077519; Score delta 0.000,0.0
hmh00185,floranova-grow-16-oz,FloraNova Grow 16 oz,15.89,0.0,2900.0,Physan 20™ 16 oz,0.829,1.0,11.99,29,Physan 20™ 16 oz,16 oz.,1.0,11.99,0,Sunlight Supply inc.,0.829,needs-review,Needs review: close alt 3154 (Δ=0.018),3154,ph up 16 oz,0.81,3229.0,Orca® Liquid Mycorrhizae 16 oz.,0.758,ready-alt-validated,token overlap: best 1 >= alt 1.0; number overlap: best 1 >= alt 1.0; size overlap: best 0 >= alt 0.0; price delta: best 0.2454 <= alt 0.2618; fuzzy ratio: best 0.3793103448275862 >= alt 0.3461538461538461; Score delta 0.019,0.018999999999999906
hmh01391,gaia-mania-gallon,Gaia Mania Gallon,50.0,0.0,2349.0,Gaia Mania Gal,0.755,6.0,51.32,2349,Gaia Mania Gal,1 Gal,6.0,51.32,0,,0.755,needs-review,Verify vs alt 2350 (score 0.706),235,Gaia Mania 2.5Gal,0.706,3462.0,Rainmaker 2 Gallon (8 Liter),0.669,ready-alt-validated,token overlap: best 3 >= alt 3.0; number overlap: best 0 >= alt 0.0; size overlap: best 0 >= alt 0.0; price delta: best 0.0264 <= alt 1.0528; fuzzy ratio: best 0.3809523809523809 >= alt 0.375; Score delta 0.049,0.049000000000000044
hmh00564,garden-fungicide-1-gal,Garden Fungicide 1 gal,16.95,0.0,3138.0,Athena Grow A 4-0-1 Gal.,1.11,4.0,45.0,3138,Athena Grow A 4-0-1 Gal.,gallon,4.0,45.0,0,Athena,1.11,needs-review,Needs review: close alt 3139 (Δ=0.000),3139,Athena Grow B 1-3-5 Gal.,1.11,3632.0,Athena Grow B 1-3-5 /5 Gal.,1.108,ready-alt-validated,token overlap: best 1 >= alt 1.0; number overlap: best 1 >= alt 1.0; size overlap: best 0 >= alt 0.0; price delta: best 1.6549 <= alt 1.6549; fuzzy ratio: best 0.4060150375939849 >= alt 0.4060150375939849; Score delta 0.000,0.0
,gmo-og-auto-seed-8-pack,,,,3579.0,AUTO GMO Auto,1.385,0.0,,3579,AUTO GMO Auto,8 PK,0.0,,0,@Flowers-HEMP,1.385,needs-review,Needs review: close alt 3257 (Δ=0.008),3257,"G.M.O. Auto ""OG""",1.377,,Cannabis Seed AUTO,1.054,ready-alt-validated,token overlap: alt missing; number overlap: alt missing; size overlap: alt missing; price delta: alt missing; fuzzy ratio: alt missing; Score delta 0.008,0.008000000000000007
,grease-gun-auto-seed-8pk,Grease Gun Auto-Seed 8pk,50.0,0.0,3560.0,Facefat Strain Auto FEM,0.691,0.0,,356,Facefat Strain Auto FEM,8pk,0.0,,0,@Flowers-HEMP,0.691,needs-review,Verify vs alt 3545 (score 0.532),3545,NANO SULFURTERPENE Boost 250ml.,0.532,3648.0,GREASE yellow Finisher 1 liter,0.528,ready-strong-gap,Match score exceeds alt by 0.159,0.15899999999999992
,grease-gun-auto-seed-8pk,,,,3560.0,Facefat Strain Auto FEM,0.664,0.0,,356,Facefat Strain Auto FEM,8pk,0.0,,0,@Flowers-HEMP,0.664,needs-review,Verify vs alt  (score 0.567),,Cannabis Seed AUTO,0.567,3579.0,AUTO GMO Auto,0.566,ready-no-alt,No alternate candidate available,0.09700000000000009
,grodan-gro-block-improved-gr22-jumbo-with-hole-6-x-6-x-4-case-of-64,"Grodan Gro-Block Improved  Jumbo with Hole, 6"" x 6"" x 4"" - Case of 64",5.4,0.0,1459.0,Grodan Gro 6 x 6 x 6 HUGO,0.677,0.0,3.75,1459,Grodan Gro 6 x 6 x 6 HUGO,6x6x6,0.0,3.75,0,Hawthorne Hydoponics LLC,0.677,needs-review,Verify vs alt 1460 (score 0.590),146,Grodan Gro 6x6x4 Jumbo,0.59,3434.0,"PARAGRO Jumbo, 6"" x 6""x4""",0.502,ready-strong-gap,Match score exceeds alt by 0.087,0.08700000000000008
,grow-grease-fermented-vegetative-plant-juice,Grow Grease * Fermented Vegetative Plant Juice,29.97,100.0,3542.0,GREASE CANNABLOOM FERMENTED 250,0.675,0.0,29.95,3542,GREASE CANNABLOOM FERMENTED 250,250 ml.,0.0,29.95,0,GEASE,0.675,needs-review,Verify vs alt 3544 (score 0.629),3544,Fermented vegetative canna 250,0.629,3605.0,GREASE Fermented Cannabis Kit,0.598,ready-alt-validated,token overlap: best 2 >= alt 2.0; number overlap: best 0 >= alt 0.0; size overlap: best 0 >= alt 0.0; price delta: best inf <= alt inf; fuzzy ratio: best 0.4642857142857143 >= alt 0.3926380368098159; Score delta 0.046,0.04600000000000004
,gummibears-auto-seed-8pk,Gummibears Auto-Seed 8pk,50.0,0.0,3560.0,Facefat Strain Auto FEM,0.666,0.0,,3563,Gummibears 41.2% Day-50/50-11G.,12 gram,0.0,50.0,0,@Flowers-HEMP,0.653,needs-review,auto-resolved: alt price proximity,3563,Gummibears 41.2% Day-50/50-11G.,0.653,3582.0,G.M.O. X MendoBreath/ Auto,0.494,ready-alt-validated,token overlap: best 2 >= alt 2.0; number overlap: best 0 >= alt 0.0; size overlap: best 0 >= alt 0.0; price delta: best inf <= alt inf; fuzzy ratio: best 0.5039370078740157 >= alt 0.5039370078740157; Score delta 0.000,0.0
,gummibears-auto-seed-8pk,,,,3560.0,Facefat Strain Auto FEM,0.635,0.0,,356,Facefat Strain Auto FEM,8pk,0.0,,0,@Flowers-HEMP,0.635,needs-review,Verify vs alt 3563 (score 0.598),3563,Gummibears 41.2% Day-50/50-11G.,0.598,3579.0,AUTO GMO Auto,0.545,manual-alt-stronger,token overlap: best 2 >= alt 2.0; number overlap: best 0 >= alt 0.0; size overlap: best 0 >= alt 0.0; price delta: best inf <= alt inf; fuzzy ratio: alt 0.3529411764705882 > best 0.2954545454545454,0.03700000000000003
hmh01395,herculean-harvest-gallon,Herculean Harvest Gallon,36.0,0.0,2358.0,Herculean Harvest Gal,0.761,4.0,38.99,2358,Herculean Harvest Gal,1 Gal,4.0,38.99,0,Nickel City Wholesale Garden Supply,0.761,needs-review,auto-resolved: price proximity,2359,Herculean Harvest 2.5Gal,0.748,1366.0,Neptune's Fish  2 - 4 -1,0.705,manual-review,Needs human confirmation,0.013000000000000012
hmh01394,herculean-harvest-quart,Herculean Harvest Quart,17.0,0.0,2357.0,Herculean Harvest Qt,0.761,-1.0,12.32,2357,Herculean Harvest Qt,1 Qt,-1.0,12.32,0,Nickel City Wholesale Garden Supply,0.761,needs-review,auto-resolved: text similarity,1714,Harvest Moon-All Purpose Qt,0.735,3384.0,Neptunes Harvest 32oz 2-4-2,0.698,ready-gap,Match score exceeds alt by 0.026,0.026000000000000023
hmh00293,holland-secret-grow-4l,Holland Secret Grow 4L,37.95,0.0,1575.0,Holland Secret Micro 4L. 5-0-2,1.154,13.0,42.98,1575,Holland Secret Micro 4L. 5-0-2,4 Liter,13.0,42.98,0,Nickel City Wholesale Garden Supply,1.154,needs-review,Needs review: close alt 1579 (Δ=0.015),1579,Holland Secret Bloom 4L. 0-6-4,1.139,1577.0,Holland Secret Grow 4L 2-1-7,0.957,ready-alt-validated,token overlap: best 2 >= alt 2.0; number overlap: best 0 >= alt 0.0; size overlap: best 0 >= alt 0.0; price delta: best 0.1325 <= alt 0.1325; fuzzy ratio: best 0.6438356164383562 >= alt 0.6164383561643836; Score delta 0.015,0.014999999999999902
hmh01518,hortilux-lu400-watt-htl-en,Hortilux LU400 Watt/HTL/EN,45.5,0.0,3039.0,Hortilux® LU 1000 DE/HTL Double,0.701,7.0,149.95,3039,Hortilux® LU 1000 DE/HTL Double,1,7.0,149.95,0,Nickel City Wholesale Garden Supply,0.701,needs-review,auto-resolved: price proximity,138,HORTILUX DE 1000-VS,0.679,3454.0,HORTILUX DE 1000-VS,0.679,ready-gap,Match score exceeds alt by 0.022,0.02199999999999991
hmh01517,hortilux-lu600-watt-htl-en-hps,Hortilux LU600 Watt/HTL/EN HPS,45.5,0.0,3039.0,Hortilux® LU 1000 DE/HTL Double,0.661,7.0,149.95,3039,Hortilux® LU 1000 DE/HTL Double,1,7.0,149.95,0,Nickel City Wholesale Garden Supply,0.661,needs-review,auto-resolved: text similarity,3512,Hortilux 600W CHM lamp,0.632,1380.0,HORTILUX DE 1000-VS,0.629,ready-gap,Match score exceeds alt by 0.029,0.029000000000000026
hmh00353,humboldt-bloom-5-gal,Humboldt Bloom 5 gal,117.0,0.0,3281.0,Athena Bloom A 5 Gal,1.502,1.0,200.0,3281,Athena Bloom A 5 Gal,5 gallon,1.0,200.0,0,Athena,1.502,needs-review,Needs review: close alt 3282 (Δ=0.000),3282,Athena Bloom B 5 Gal,1.502,3136.0,Athena Bloom A 4-0-5 Gal.,1.48,ready-alt-validated,token overlap: best 2 >= alt 2.0; number overlap: best 1 >= alt 1.0; size overlap: best 0 >= alt 0.0; price delta: best 0.7094 <= alt 0.7094; fuzzy ratio: best 0.512 >= alt 0.512; Score delta 0.000,0.0
hmh00342,humboldt-grow-1-gal,Humboldt Grow 1 gal,29.84,0.0,3138.0,Athena Grow A 4-0-1 Gal.,1.471,4.0,45.0,3138,Athena Grow A 4-0-1 Gal.,gallon,4.0,45.0,0,Athena,1.471,needs-review,Needs review: close alt 3139 (Δ=0.000),3139,Athena Grow B 1-3-5 Gal.,1.471,3631.0,Athena Grow A 1-3-5 /5 Gal.,1.468,ready-alt-validated,token overlap: best 1 >= alt 1.0; number overlap: best 1 >= alt 1.0; size overlap: best 0 >= alt 0.0; price delta: best 0.5080 <= alt 0.5080; fuzzy ratio: best 0.4566929133858268 >= alt 0.4566929133858268; Score delta 0.000,0.0
hmh00365,humboldt-master-a-1-gal,Humboldt Master A 1 gal,70.2,0.0,563.0,Master-A Gal,1.189,-19.0,73.0,563,Master-A Gal,1 Gal,-19.0,73.0,0,Nickel City Wholesale Garden Supply,1.189,needs-review,Needs review: close alt 567 (Δ=0.008),567,Master-B Gal,1.181,3138.0,Athena Grow A 4-0-1 Gal.,1.099,ready-alt-validated,token overlap: best 2 >= alt 2.0; number overlap: best 1 >= alt 1.0; size overlap: best 0 >= alt 0.0; price delta: best 0.0399 <= alt 0.0399; fuzzy ratio: best 0.549618320610687 >= alt 0.5343511450381679; Score delta 0.008,0.008000000000000007
hmh00364,humboldt-master-a-1-qt,Humboldt Master A 1 qt,23.4,0.0,562.0,Master-A Qt,1.181,10.0,22.87,562,Master-A Qt,1 Qt,10.0,22.87,0,Nickel City Wholesale Garden Supply,1.181,needs-review,Needs review: close alt 566 (Δ=0.009),566,Master-B Qt,1.172,574.0,FlavorFul Qt,0.93,ready-alt-validated,token overlap: best 2 >= alt 2.0; number overlap: best 1 >= alt 1.0; size overlap: best 0 >= alt 0.0; price delta: best 0.0226 <= alt 0.0226; fuzzy ratio: best 0.5354330708661418 >= alt 0.5196850393700787; Score delta 0.009,0.009000000000000119
hmh00366,humboldt-master-a-2-5-gal,Humboldt Master A 2.5 gal,146.24,0.0,564.0,Master-A 2.5Gal,1.114,2.0,142.95,564,Master-A 2.5Gal,2.5 Gal,2.0,142.95,0,Nickel City Wholesale Garden Supply,1.114,needs-review,Needs review: close alt 568 (Δ=0.008),568,Master-B 2.5Gal,1.106,3411.0,Athena I.P.M. /5 Gal,1.01,ready-alt-validated,token overlap: best 2 >= alt 2.0; number overlap: best 2 >= alt 2.0; size overlap: best 0 >= alt 0.0; price delta: best 0.0225 <= alt 0.0225; fuzzy ratio: best 0.5857142857142857 >= alt 0.5714285714285714; Score delta 0.008,0.008000000000000007
hmh00369,humboldt-master-b-1-gal,Humboldt Master B 1 gal,70.2,0.0,567.0,Master-B Gal,1.189,5.0,73.0,567,Master-B Gal,1 Gal,5.0,73.0,0,Nickel City Wholesale Garden Supply,1.189,needs-review,Needs review: close alt 563 (Δ=0.008),563,Master-A Gal,1.181,3138.0,Athena Grow A 4-0-1 Gal.,1.107,ready-alt-validated,token overlap: best 2 >= alt 2.0; number overlap: best 1 >= alt 1.0; size overlap: best 0 >= alt 0.0; price delta: best 0.0399 <= alt 0.0399; fuzzy ratio: best 0.549618320610687 >= alt 0.5343511450381679; Score delta 0.008,0.008000000000000007
hmh00368,humboldt-master-b-1-qt,Humboldt Master B 1 qt,23.4,0.0,566.0,Master-B Qt,1.181,9.0,22.87,566,Master-B Qt,1 Qt,9.0,22.87,0,Nickel City Wholesale Garden Supply,1.181,needs-review,Needs review: close alt 562 (Δ=0.009),562,Master-A Qt,1.172,574.0,FlavorFul Qt,0.93,ready-alt-validated,token overlap: best 2 >= alt 2.0; number overlap: best 1 >= alt 1.0; size overlap: best 0 >= alt 0.0; price delta: best 0.0226 <= alt 0.0226; fuzzy ratio: best 0.5354330708661418 >= alt 0.5196850393700787; Score delta 0.009,0.009000000000000119
hmh00370,humboldt-master-b-2-5-gal,Humboldt Master B 2.5 gal,146.24,0.0,568.0,Master-B 2.5Gal,1.114,2.0,142.95,568,Master-B 2.5Gal,2.5 Gal,2.0,142.95,0,Nickel City Wholesale Garden Supply,1.114,needs-review,Needs review: close alt 564 (Δ=0.008),564,Master-A 2.5Gal,1.106,3631.0,Athena Grow A 1-3-5 /5 Gal.,1.014,ready-alt-validated,token overlap: best 2 >= alt 2.0; number overlap: best 2 >= alt 2.0; size overlap: best 0 >= alt 0.0; price delta: best 0.0225 <= alt 0.0225; fuzzy ratio: best 0.5857142857142857 >= alt 0.5714285714285714; Score delta 0.008,0.008000000000000007
hmh00376,humboldt-oneness-1-gal,Humboldt Oneness 1 gal,85.08,0.0,3138.0,Athena Grow A 4-0-1 Gal.,1.085,4.0,45.0,3138,Athena Grow A 4-0-1 Gal.,gallon,4.0,45.0,0,Athena,1.085,needs-review,Needs review: close alt 3139 (Δ=0.000),3139,Athena Grow B 1-3-5 Gal.,1.085,3631.0,Athena Grow A 1-3-5 /5 Gal.,1.085,ready-alt-validated,token overlap: best 1 >= alt 1.0; number overlap: best 1 >= alt 1.0; size overlap: best 0 >= alt 0.0; price delta: best 0.4711 <= alt 0.4711; fuzzy ratio: best 0.3609022556390977 >= alt 0.3609022556390977; Score delta 0.000,0.0
hmh00442,humboldt-sticky-foliar-feed-16-oz,Humboldt Sticky Foliar Feed 16 oz,16.0,0.0,2900.0,Physan 20™ 16 oz,0.668,1.0,11.99,29,Physan 20™ 16 oz,16 oz.,1.0,11.99,0,Sunlight Supply inc.,0.668,needs-review,Needs review: close alt 3154 (Δ=0.002),3154,ph up 16 oz,0.666,3229.0,Orca® Liquid Mycorrhizae 16 oz.,0.656,ready-alt-validated,token overlap: best 1 >= alt 1.0; number overlap: best 1 >= alt 1.0; size overlap: best 0 >= alt 0.0; price delta: best 0.2506 <= alt 0.2669; fuzzy ratio: best 0.2957746478873239 >= alt 0.2923076923076923; Score delta 0.002,0.0020000000000000018
hmh00387,hydro-deuce-16-oz,Hydro-Deuce 16 oz,12.62,0.0,3154.0,ph up 16 oz,0.844,0.0,11.73,3154,ph up 16 oz,16 oz,0.0,11.73,0,Nickel City Wholesale Garden Supply,0.844,needs-review,Needs review: close alt 2900 (Δ=0.004),29,Physan 20™ 16 oz,0.84,3229.0,Orca® Liquid Mycorrhizae 16 oz.,0.726,manual-alt-stronger,token overlap: best 1 >= alt 1.0; number overlap: best 1 >= alt 1.0; size overlap: best 0 >= alt 0.0; price delta: alt 0.0499 closer than best 0.0705; fuzzy ratio: best 0.4081632653061224 >= alt 0.4,0.0040000000000000036
,hydro-logic-110v-pressure-booster-pump-for-stealth,Hydro-Logic® 110V Pressure Booster Pump for Stealth,180.0,0.0,1010.0,Booster Pump for Stealth RO,0.732,7.0,184.75,101,Booster Pump for Stealth RO,1 Pc,7.0,184.75,0,Nickel City Wholesale Garden Supply,0.732,needs-review,Verify vs alt 1009 (score 0.529),1009,Booster Pump for Merlin Garden,0.529,1247.0,Subterra Root Booster 0-1-1,0.407,ready-strong-gap,Match score exceeds alt by 0.203,0.20299999999999996
hmh01745,hydrodyamics-clonex-mist-300ml,Hydrodyamics Clonex Mist 300Ml,25.26,0.0,2993.0,Clonex Mist 750 ML,0.69,5.0,52.0,2993,Clonex Mist 750 ML,740 ml,5.0,52.0,0,Nickel City Wholesale Garden Supply,0.69,needs-review,Verify vs alt 3036 (score 0.593),3036,Clonex Mist Concentrate Qt.,0.593,2892.0,Clonex Mist 300 grams,0.589,ready-strong-gap,Match score exceeds alt by 0.097,0.09699999999999998
hmh01608,hydrodynamics-ionic-grow-3-1-5-premium-plant-nutrient-2-5-gallon,HydroDynamics Ionic® Grow 3-1-5 Premium Plant Nutrient 2.5 gallon,100.0,0.0,2449.0,Ionic Grow Gal. 3-1-5,0.709,15.0,56.1,2449,Ionic Grow Gal. 3-1-5,1 Gal,15.0,56.1,0,Nickel City Wholesale Garden Supply,0.709,needs-review,auto-resolved: stronger numeric overlap,3357,Ionic PK Boost 2.5 Gallon,0.691,2225.0,Ionic Siol Bloom 5 gallon,0.674,manual-review,Needs human confirmation,0.018000000000000016
hmh01606,hydrodynamics-ionic-grow-3-1-5-premium-plant-nutrient-qt,HydroDynamics Ionic® Grow 3-1-5 Premium Plant Nutrient Qt.,22.44,0.0,2446.0,Ionic Grow Qt 3-1-5,0.772,39.0,22.44,2446,Ionic Grow Qt 3-1-5,1 Qt,39.0,22.44,0,Nickel City Wholesale Garden Supply,0.772,needs-review,Verify vs alt 2452 (score 0.677),2452,Ionic Soil/Coco Grow Qt3-1-5,0.677,3553.0,Ionic® Bloom 3 - 2 - 6 Qt.,0.641,ready-strong-gap,Match score exceeds alt by 0.095,0.09499999999999997
,introducing-the-scietetics-coco-8-block-1-5gal,"Introducing the SCIETETICS COCO 8"" BLOCK / 1.5Gal,",4.88,0.0,2624.0,Mother Earth® Coco 1.8 cu.Ft.,0.677,0.0,30.23,2624,Mother Earth® Coco 1.8 cu.Ft.,1.8 cu. ft.,0.0,30.23,0,Hawthorne Hydoponics LLC,0.677,needs-review,Verify vs alt 1644 (score 0.617),1644,Mother Earth Coco + Perlite Mix,0.617,2454.0,Ionic Soil/Coco Grow Gal. 3-1-5,0.573,ready-strong-gap,Match score exceeds alt by 0.060,0.06000000000000005
,introducing-the-scietetics-coco-8-block-1-5gal,,,,2624.0,Mother Earth® Coco 1.8 cu.Ft.,0.64,0.0,30.23,2624,Mother Earth® Coco 1.8 cu.Ft.,1.8 cu. ft.,0.0,30.23,0,Hawthorne Hydoponics LLC,0.64,needs-review,Verify vs alt 1644 (score 0.579),1644,Mother Earth Coco + Perlite Mix,0.579,2263.0,Big Mama  8 in x 8 in x 8  1 pi,0.558,ready-strong-gap,Match score exceeds alt by 0.061,0.061000000000000054
hmh00305,jungle-green-10-kg,Jungle Green 10 kg,400.0,0.0,1617.0,Jungle Green 2kg,0.705,6.0,56.4,1617,Jungle Green 2kg,2 Kg,6.0,56.4,0,Nickel City Wholesale Garden Supply,0.705,needs-review,Verify vs alt 2847 (score 0.610),2847,Yield Up 10 Kg.,0.61,1616.0,Jungle Green 500g,0.536,ready-strong-gap,Match score exceeds alt by 0.095,0.09499999999999997
hmh00237,koolbloom-16-lb,KoolBloom 16 lb,235.0,0.0,104.0,MaxiBloom 16Lb,0.694,5.0,124.5,105,Kool Bloom Soluable 16Lb,16 Lb,7.0,229.71,0,Nickel City Wholesale Garden Supply,0.692,needs-review,auto-resolved: alt price proximity,105,Kool Bloom Soluable 16Lb,0.692,103.0,MaxiGro 16Lb,0.642,ready-alt-validated,token overlap: best 1 >= alt 1.0; number overlap: best 1 >= alt 1.0; size overlap: best 0 >= alt 0.0; price delta: best 0.0225 <= alt 0.0225; fuzzy ratio: best 0.4545454545454545 >= alt 0.4545454545454545; Score delta 0.000,0.0
hmh00236,koolbloom-2-2-lb,KoolBloom 2.2 lb,31.09,0.0,2903.0,D.T.E. Bat Guano 9 - 3 - 1 2 lb,0.796,6.0,8.85,413,Granular Mycorrhizae 3 - 1 - 2,1 pound,0.0,19.99,0,,0.775,needs-review,auto-resolved: alt price proximity,413,Granular Mycorrhizae 3 - 1 - 2,0.775,3586.0,D.T.E.Bio-Live™ 5-4-2 - 25lb,0.768,ready-alt-validated,token overlap: best 1 >= alt 1.0; number overlap: best 1 >= alt 1.0; size overlap: best 0 >= alt 0.0; price delta: best 0.3570 <= alt 0.3570; fuzzy ratio: best 0.28125 >= alt 0.28125; Score delta 0.000,0.0
hmh00346,mayan-microzyme1-gal,Mayan Microzyme1 gal,250.0,0.0,3411.0,Athena I.P.M. /5 Gal,0.714,0.0,425.0,3411,Athena I.P.M. /5 Gal,5 gal,0.0,425.0,0,Athena,0.714,needs-review,auto-resolved: price proximity,3138,Athena Grow A 4-0-1 Gal.,0.705,3139.0,Athena Grow B 1-3-5 Gal.,0.705,manual-review,Needs human confirmation,0.009000000000000008
,meet-source-turbo,Meet Source Turbo,600.0,0.0,1113.0,Source Extracter,0.774,3.0,599.0,1113,Source Extracter,1 oz.,3.0,599.0,0,Nickel City Wholesale Garden Supply,0.774,needs-review,Verify vs alt 3009 (score 0.398),3009,TurboKloneT24 ClonerTurbo &Dome,0.398,2358.0,Herculean Harvest Gal,0.291,ready-strong-gap,Match score exceeds alt by 0.376,0.376
hmh01903,microbiometer-refill-kit,microBIOMETER® Refill Kit,100.0,0.0,439.0,microBIOMETER®Starter kit,0.663,10.0,135.0,439,microBIOMETER®Starter kit,10 test,10.0,135.0,0,Nickel City Wholesale Garden Supply,0.663,needs-review,Verify vs alt 2019 (score 0.571),2019,Advanced Nutrients Starter Kit,0.571,339.0,Micro Irrigation Kit,0.548,ready-strong-gap,Match score exceeds alt by 0.092,0.09200000000000008
,mother-earth-terracraft-potting-soil,Mother Earth® Terracraft™ Potting Soil,28.99,0.0,1446.0,M.E.Terracraft Potting Soil 2cf,0.754,44.0,25.99,1446,M.E.Terracraft Potting Soil 2cf,2 cubic,44.0,25.99,0,Hawthorne Hydoponics LLC,0.754,needs-review,Verify vs alt 1557 (score 0.654),1557,Mother Earth Grow Lt,0.654,2624.0,Mother Earth® Coco 1.8 cu.Ft.,0.585,ready-strong-gap,Match score exceeds alt by 0.100,0.09999999999999998
hmh01045,nirvana-1-gal,Nirvana (1 gal),80.0,0.0,3138.0,Athena Grow A 4-0-1 Gal.,1.097,4.0,45.0,3138,Athena Grow A 4-0-1 Gal.,gallon,4.0,45.0,0,Athena,1.097,needs-review,Needs review: close alt 3139 (Δ=0.000),3139,Athena Grow B 1-3-5 Gal.,1.097,3631.0,Athena Grow A 1-3-5 /5 Gal.,1.096,ready-alt-validated,token overlap: best 1 >= alt 1.0; number overlap: best 1 >= alt 1.0; size overlap: best 0 >= alt 0.0; price delta: best 0.4375 <= alt 0.4375; fuzzy ratio: best 0.3826086956521739 >= alt 0.3826086956521739; Score delta 0.000,0.0
hmh01493,ona-pro-gel-pail-1-gal,Ona Pro Gel Pail (1 Gal),39.95,0.0,2164.0,Ona Pro Gel Gal,1.442,-4.0,39.05,2164,Ona Pro Gel Gal,1 Gal,-4.0,39.05,0,NGW,1.442,needs-review,Needs review: close alt 1909 (Δ=0.002),1909,ONA Pro Gel Pail Gal,1.44,1862.0,Ona Fresh Linen Gel Pail,1.203,manual-alt-stronger,token overlap: alt 5.0 > best 4; number overlap: best 1 >= alt 1.0; size overlap: best 0 >= alt 0.0; price delta: best 0.0225 <= alt 0.0225; fuzzy ratio: best 0.6050420168067226 >= alt 0.5645161290322581,0.0020000000000000018
hmh01047,overdrive-1-gal,Overdrive (1 gal),118.54,0.0,3138.0,Athena Grow A 4-0-1 Gal.,1.081,4.0,45.0,3138,Athena Grow A 4-0-1 Gal.,gallon,4.0,45.0,0,Athena,1.081,needs-review,Needs review: close alt 3139 (Δ=0.000),3139,Athena Grow B 1-3-5 Gal.,1.081,3631.0,Athena Grow A 1-3-5 /5 Gal.,1.08,ready-alt-validated,token overlap: best 1 >= alt 1.0; number overlap: best 1 >= alt 1.0; size overlap: best 0 >= alt 0.0; price delta: best 0.6204 <= alt 0.6204; fuzzy ratio: best 0.3529411764705882 >= alt 0.3529411764705882; Score delta 0.000,0.0
hmh00974,ph-200-waterproof-ph-meter-2,PH-200: Waterproof pH Meter,99.0,0.0,3594.0,Ph Up 2.5 Gallon,0.703,1.0,145.0,1046,HM pH-200 Meter,1 Box,5.0,69.0,0,Nickel City Wholesale Garden Supply,0.679,needs-review,auto-resolved: alt text similarity,1046,HM pH-200 Meter,0.679,2073.0,HM pH-200 Probe Replacement,0.601,ready-alt-validated,token overlap: best 1 >= alt 1.0; number overlap: best 1 >= alt 1.0; size overlap: best 0 >= alt 0.0; price delta: best 0.3030 <= alt 0.3030; fuzzy ratio: best 0.4094488188976378 >= alt 0.4094488188976378; Score delta 0.000,0.0
hmh01213,ph-perfect-sensi-bloom-part-a-1-gal,pH Perfect Sensi Bloom part A (1 gal),40.56,0.0,2168.0,Sensi Bloom B Lt (pHP),1.188,-3.0,18.66,2168,Sensi Bloom B Lt (pHP),1 Lt,-3.0,18.66,0,Advanced Nutrients,1.188,needs-review,Needs review: close alt 2167 (Δ=0.027),2167,Sensi Bloom A Lt (pHP),1.161,2169.0,Sensi Grow A/ liter,1.124,ready-alt-validated,token overlap: best 5 >= alt 5.0; number overlap: best 1 >= alt 1.0; size overlap: best 0 >= alt 0.0; price delta: best 0.5399 <= alt 0.5399; fuzzy ratio: best 0.4606060606060606 >= alt 0.4121212121212121; Score delta 0.027,0.026999999999999913
hmh00976,ph-probe-electrode-3-lead-wire,pH probe electrode 3' lead wire,65.95,0.0,1950.0,pH-3 Replacement Probe,0.821,6.0,34.16,195,pH-3 Replacement Probe,1 Pc,6.0,34.16,0,Nickel City Wholesale Garden Supply,0.821,needs-review,Needs review: close alt 1510 (Δ=0.026),151,Replacement Probe for pH-3,0.795,1048.0,CW-503 pH-3 Handheld Meter,0.576,manual-alt-stronger,token overlap: best 2 >= alt 2.0; number overlap: best 1 >= alt 1.0; size overlap: best 0 >= alt 0.0; price delta: best 0.4820 <= alt 0.4820; fuzzy ratio: alt 0.3850931677018633 > best 0.3660130718954248,0.025999999999999912
hmh01685,plagron-cocos-a-5-liter,Plagron Cocos A 5 liter,52.5,0.0,2208.0,Plagron Cocos A 0-4-2 /10 liter,1.553,3.0,113.2,2208,Plagron Cocos A 0-4-2 /10 liter,2.5 liter,3.0,113.2,0,Phive8,1.553,needs-review,Needs review: close alt 2207 (Δ=0.014),2207,Plagron Cocos B 0-4-2 /10 liter,1.538,3001.0,Plagron Cocos A 5L,1.444,manual-alt-stronger,token overlap: best 3 >= alt 3.0; number overlap: best 1 >= alt 1.0; size overlap: best 0 >= alt 0.0; price delta: alt 1.1524 closer than best 1.1562; fuzzy ratio: best 0.6052631578947368 >= alt 0.5789473684210527,0.014999999999999902
hmh01684,plagron-cocos-a-liter,Plagron Cocos A liter,14.0,0.0,2208.0,Plagron Cocos A 0-4-2 /10 liter,1.349,3.0,113.2,2208,Plagron Cocos A 0-4-2 /10 liter,2.5 liter,3.0,113.2,0,Phive8,1.349,needs-review,Needs review: close alt 2207 (Δ=0.015),2207,Plagron Cocos B 0-4-2 /10 liter,1.334,3001.0,Plagron Cocos A 5L,1.209,manual-alt-stronger,token overlap: best 3 >= alt 3.0; number overlap: best 0 >= alt 0.0; size overlap: best 0 >= alt 0.0; price delta: alt 7.0714 closer than best 7.0857; fuzzy ratio: best 0.6351351351351351 >= alt 0.6081081081081081,0.014999999999999902
hmh01687,plagron-cocos-b-5-liter,Plagron Cocos B  5 liter,52.5,0.0,2207.0,Plagron Cocos B 0-4-2 /10 liter,1.553,3.0,113.0,2207,Plagron Cocos B 0-4-2 /10 liter,2.5 liter,3.0,113.0,0,Phive8,1.553,needs-review,Needs review: close alt 2208 (Δ=0.014),2208,Plagron Cocos A 0-4-2 /10 liter,1.538,3002.0,Plagron Cocos B 5L,1.444,ready-alt-validated,token overlap: best 3 >= alt 3.0; number overlap: best 1 >= alt 1.0; size overlap: best 0 >= alt 0.0; price delta: best 1.1524 <= alt 1.1562; fuzzy ratio: best 0.6052631578947368 >= alt 0.5789473684210527; Score delta 0.015,0.014999999999999902
hmh01686,plagron-cocos-b-liter,Plagron Cocos B  liter,14.0,0.0,2207.0,Plagron Cocos B 0-4-2 /10 liter,1.349,3.0,113.0,2207,Plagron Cocos B 0-4-2 /10 liter,2.5 liter,3.0,113.0,0,Phive8,1.349,needs-review,Needs review: close alt 2208 (Δ=0.015),2208,Plagron Cocos A 0-4-2 /10 liter,1.334,3002.0,Plagron Cocos B 5L,1.209,ready-alt-validated,token overlap: best 3 >= alt 3.0; number overlap: best 0 >= alt 0.0; size overlap: best 0 >= alt 0.0; price delta: best 7.0714 <= alt 7.0857; fuzzy ratio: best 0.6351351351351351 >= alt 0.6081081081081081; Score delta 0.015,0.014999999999999902
hmh01690,plagron-hydro-a-5-liter,Plagron Hydro A  5 Liter,57.5,0.0,2208.0,Plagron Cocos A 0-4-2 /10 liter,0.995,3.0,113.2,2208,Plagron Cocos A 0-4-2 /10 liter,2.5 liter,3.0,113.2,0,Phive8,0.995,needs-review,Needs review: close alt 2207 (Δ=0.014),2207,Plagron Cocos B 0-4-2 /10 liter,0.981,3001.0,Plagron Cocos A 5L,0.917,manual-alt-stronger,token overlap: best 1 >= alt 1.0; number overlap: best 1 >= alt 1.0; size overlap: best 0 >= alt 0.0; price delta: alt 0.9652 closer than best 0.9687; fuzzy ratio: best 0.5 >= alt 0.4736842105263157,0.014000000000000012
hmh01692,plagron-hydro-b-5-liter,Plagron Hydro B  5 Liter,57.5,0.0,2207.0,Plagron Cocos B 0-4-2 /10 liter,0.995,3.0,113.0,2207,Plagron Cocos B 0-4-2 /10 liter,2.5 liter,3.0,113.0,0,Phive8,0.995,needs-review,Needs review: close alt 2208 (Δ=0.014),2208,Plagron Cocos A 0-4-2 /10 liter,0.981,3002.0,Plagron Cocos B 5L,0.917,ready-alt-validated,token overlap: best 1 >= alt 1.0; number overlap: best 1 >= alt 1.0; size overlap: best 0 >= alt 0.0; price delta: best 0.9652 <= alt 0.9687; fuzzy ratio: best 0.5 >= alt 0.4736842105263157; Score delta 0.014,0.014000000000000012
hmh01691,plagron-hydro-b-liter,Plagron Hydro B Liter,14.75,0.0,1803.0,Coco B Plagron liter,0.881,12.0,20.95,1803,Coco B Plagron liter,,12.0,20.95,0,Phive8,0.881,needs-review,Needs review: close alt 3520 (Δ=0.010),352,Coco A Plagron liter,0.871,2207.0,Plagron Cocos B 0-4-2 /10 liter,0.79,ready-alt-validated,token overlap: best 1 >= alt 1.0; number overlap: best 0 >= alt 0.0; size overlap: best 0 >= alt 0.0; price delta: best 0.4203 <= alt 0.4203; fuzzy ratio: best 0.3898305084745763 >= alt 0.3709677419354839; Score delta 0.010,0.010000000000000009
hmh00865,plantmax-250w-mh-high-output-24000-lumens,"Plantmax 250W. MH High Output 24,000 lumens",29.95,0.0,1569.0,Agromax 250w MH Conversion,0.884,2.0,58.6,1569,Agromax 250w MH Conversion,1 Box,2.0,58.6,0,System,0.884,needs-review,Needs review: close alt 1498 (Δ=0.026),1498,Plantmax 1000w MH 4200k,0.858,1505.0,Plantmax 220w HPS Conversion,0.856,ready-alt-validated,token overlap: best 4 >= alt 3.0; number overlap: best 1 >= alt 1.0; size overlap: best 0 >= alt 0.0; price delta: best 0.9566 <= alt 0.9566; fuzzy ratio: best 0.4795918367346938 >= alt 0.4327485380116959; Score delta 0.026,0.026000000000000023
hmh00599,plantmax-dual-arc-tube-lamps,Plantmax Dual Arc Tube Lamps,55.0,0.0,3049.0,GREENPOWERLUMINAIRES 630 Remote,0.631,9.0,260.0,3049,GREENPOWERLUMINAIRES 630 Remote,630 CMH,9.0,260.0,0,Nickel City Wholesale Garden Supply,0.631,needs-review,Verify vs alt 3333 (score 0.564),3333,iSunlight® T5 Bloom LED Lamps,0.564,1494.0,Plantmax Dual Arc 1000w,0.474,ready-strong-gap,Match score exceeds alt by 0.067,0.06700000000000006
hmh01722,plantmax-dual-arc-tube-lamps-2,Plantmax Dual Arc Tube Lamps,159.95,0.0,2649.0,T5 2` Phillips Star Coat 64K,0.669,46.0,10.95,2649,T5 2` Phillips Star Coat 64K,2`,46.0,10.95,0,Nickel City Wholesale Garden Supply,0.669,needs-review,Verify vs alt 1451 (score 0.606),1451,REG-2 Dual Co2 Regulator,0.606,2252.0,"T5/24"" Sunlite 865 K lamp HO",0.601,ready-strong-gap,Match score exceeds alt by 0.063,0.06300000000000006
hmh00971,ppm-1500-tds-2-142-ms-16-oz,PPM-1500 TDS / 2.142 ms 16 oz,12.5,0.0,304.0,1500 PPM Calibration Sol. 8oz,0.68,3.0,8.02,304,1500 PPM Calibration Sol. 8oz,8 Oz,3.0,8.02,0,Nickel City Wholesale Garden Supply,0.68,needs-review,Needs review: close alt 1213 (Δ=0.031),1213,Genesis 1413 TDS Solution 16oz,0.648,2900.0,Physan 20™ 16 oz,0.617,manual-alt-stronger,token overlap: best 3 >= alt 2.0; number overlap: best 1 >= alt 1.0; size overlap: best 0 >= alt 0.0; price delta: alt 0.3000 closer than best 0.3584; fuzzy ratio: best 0.238095238095238 >= alt 0.2328767123287671,0.03200000000000003
hmh00970,ppm-1500-tds-2-142-ms-8-oz,PPM-1500 TDS / 2.142 ms 8 oz,8.75,0.0,304.0,1500 PPM Calibration Sol. 8oz,0.655,3.0,8.02,304,1500 PPM Calibration Sol. 8oz,8 Oz,3.0,8.02,0,Nickel City Wholesale Garden Supply,0.655,needs-review,auto-resolved: stronger numeric overlap,1212,Genesis 1413 TDS Solution 8oz,0.636,3430.0,Terp Lock  62% 1/8 oz.,0.621,manual-review,Needs human confirmation,0.019000000000000017
hmh00861,pulse-start-m-h-600w-10000k-for-final-flowering,"Pulse Start M.H.600W. 10,000K for Final Flowering",79.95,0.0,1484.0,"Pulse Start 400w MH 10,000k",1.096,32.0,58.6,1484,"Pulse Start 400w MH 10,000k",1 Box,32.0,58.6,0,Nickel City Wholesale Garden Supply,1.096,needs-review,Needs review: close alt 1490 (Δ=0.002),149,"Pulse Start 1000w MH 10,000k",1.093,1486.0,Pulse Start 600w MH 3000k,0.655,manual-alt-stronger,token overlap: best 5 >= alt 5.0; number overlap: best 1 >= alt 1.0; size overlap: best 0 >= alt 0.0; price delta: alt 0.2220 closer than best 0.2670; fuzzy ratio: best 0.4558139534883721 >= alt 0.4516129032258064,0.0030000000000001137
hmh00856,pulse-start-metal-halide-7000k-for-vegative-growth,"Pulse Start Metal Halide 7,000K for Vegative Growth",59.95,0.0,1485.0,Pulse Start 600w MH 7000k,0.667,4.0,78.15,1485,Pulse Start 600w MH 7000k,1 Box,4.0,78.15,0,Nickel City Wholesale Garden Supply,0.667,needs-review,auto-resolved: price proximity,1488,Pulse Start 1000w MH 7000k,0.663,2658.0,e-Start Metal Halide 1000 watt,0.654,manual-review,Needs human confirmation,0.0040000000000000036
hmh01676,pure-clean-powerful-natural-enzymes-1-liter,Pure Clean Powerful natural enzymes 1 liter,46.0,0.0,2560.0,Pure Enzym Lt,0.682,8.0,44.97,256,Pure Enzym Lt,1 Lt,8.0,44.97,0,Nickel City Wholesale Garden Supply,0.682,needs-review,Verify vs alt 6 (score 0.627),6,Pure Blend Pro Grow Gal,0.627,3213.0,Athena Clean Line Perafoam 1 Ga,0.626,ready-strong-gap,Match score exceeds alt by 0.055,0.05500000000000005
hmh00964,replacement-probe-for-24-7-meter,Replacement Probe for 24-7 Meter,49.0,0.0,1054.0,24-7 PPM Replacement Probe,1.145,2.0,48.83,1054,24-7 PPM Replacement Probe,1 Pc,2.0,48.83,0,Nickel City Wholesale Garden Supply,1.145,needs-review,Needs review: close alt 1053 (Δ=0.002),1053,24-7 pH Replacement Probe,1.143,1452.0,Tri-Meter replacement Probe,0.741,ready-alt-validated,token overlap: best 2 >= alt 2.0; number overlap: best 2 >= alt 2.0; size overlap: best 0 >= alt 0.0; price delta: best 0.0035 <= alt 0.0035; fuzzy ratio: best 0.6432748538011696 >= alt 0.6390532544378699; Score delta 0.002,0.0020000000000000018
hmh01771,rosin-pro-press-auto-electirc-2,ROSIN PRO PRESS Auto Electirc,950.0,0.0,3043.0,"ROSIN PRESS Pneumatic 20 6""X8""",0.744,0.0,1650.0,3043,"ROSIN PRESS Pneumatic 20 6""X8""",130 pounds,0.0,1650.0,0,Nickel City Wholesale Garden Supply,0.744,needs-review,Verify vs alt 3554 (score 0.636),3554,Froot by Foot Auto 36.1%,0.636,21.0,Pure Blend Pro Grow 2.5G,0.615,ready-strong-gap,Match score exceeds alt by 0.108,0.10799999999999998
hmh01775,rosin-pro-press-co-manual-2,ROSIN PRO PRESS CO. Manual,950.0,0.0,3043.0,"ROSIN PRESS Pneumatic 20 6""X8""",0.709,0.0,1650.0,3043,"ROSIN PRESS Pneumatic 20 6""X8""",130 pounds,0.0,1650.0,0,Nickel City Wholesale Garden Supply,0.709,needs-review,auto-resolved: stronger numeric overlap,3042,"ROSIN PRESS Manual H12T 6""X8""",0.686,3488.0,Dyna Mag-Pro 2-15-4/5  gal,0.644,ready-gap,Match score exceeds alt by 0.023,0.02299999999999991
hmh00390,royal-flush-16-oz,Royal Flush 16 oz,8.33,0.0,3154.0,ph up 16 oz,0.767,0.0,11.73,3154,ph up 16 oz,16 oz,0.0,11.73,0,Nickel City Wholesale Garden Supply,0.767,needs-review,Needs review: close alt 2900 (Δ=0.003),29,Physan 20™ 16 oz,0.763,597.0,Royal Flush Pt,0.726,ready-alt-validated,token overlap: best 1 >= alt 1.0; number overlap: best 1 >= alt 1.0; size overlap: best 0 >= alt 0.0; price delta: best 0.4082 <= alt 0.4394; fuzzy ratio: best 0.3877551020408163 >= alt 0.3818181818181818; Score delta 0.004,0.0040000000000000036
,russet,Russet,29.0,0.0,3355.0,Russet  MITE control.8 oz.,0.661,20.0,29.0,3355,Russet  MITE control.8 oz.,8 oz,20.0,29.0,0,Nickel City Wholesale Garden Supply,0.661,needs-review,,,,,,,,ready-no-alt,No alternate candidate available,
,scietetics-ful-v-tech-element-transfer-system-55-gallon,Scietetics Ful V Tech Element Transfer System 55 Gallon,2999.0,8.0,471.0,Ebb & Gro 55Gal Reservoir,0.643,2.0,112.36,471,Ebb & Gro 55Gal Reservoir,Drum,2.0,112.36,0,Nickel City Wholesale Garden Supply,0.643,needs-review,Verify vs alt 3610 (score 0.554),361,"Ful acids""V""TECH  fulvic acids",0.554,3511.0,Rhizium element tranferr 2.5Ga.,0.512,ready-strong-gap,Match score exceeds alt by 0.089,0.08899999999999997
,scietetics-ful-v-tech-element-transfer-system-gallon,Scietetics Ful V Tech Element Transfer System Gallon,69.0,8.0,3610.0,"Ful acids""V""TECH  fulvic acids",0.68,2.0,79.95,361,"Ful acids""V""TECH  fulvic acids",Gallon,2.0,79.95,0,Phive8,0.68,needs-review,Verify vs alt 3511 (score 0.619),3511,Rhizium element tranferr 2.5Ga.,0.619,1755.0,Ruby Ful#$% 15 GAL.,0.575,ready-strong-gap,Match score exceeds alt by 0.061,0.061000000000000054
,scietetics-magcal-5-gallon,Scietetics MagCal 5 Gallon,245.0,0.0,3631.0,Athena Grow A 1-3-5 /5 Gal.,1.014,4.0,200.0,3631,Athena Grow A 1-3-5 /5 Gal.,5  GALLON,4.0,200.0,0,Athena,1.014,needs-review,Needs review: close alt 3632 (Δ=0.007),3632,Athena Grow B 1-3-5 /5 Gal.,1.006,3411.0,Athena I.P.M. /5 Gal,0.997,ready-alt-validated,token overlap: best 1 >= alt 1.0; number overlap: best 1 >= alt 1.0; size overlap: best 0 >= alt 0.0; price delta: best inf <= alt inf; fuzzy ratio: best 0.2833333333333333 >= alt 0.2666666666666666; Score delta 0.008,0.008000000000000007
,self-watering-fabric-pot-base-4-pack,"Self-Watering Fabric Pot Base, 4-Pack",25.13,0.0,2876.0,Square Plastic Pot Black 4 in,0.632,10.0,0.28,2876,Square Plastic Pot Black 4 in,"4""",10.0,0.28,0,Sunlight Supply inc.,0.632,needs-review,auto-resolved: text similarity,1188,"Cow Pot 4""  /12 per",0.619,3422.0,"1/4"" TUBING BARBED tee (100/pk)",0.599,manual-review,Needs human confirmation,0.013000000000000012
hmh01057,sensi-grow-part-a-2-5-gal,Sensi Grow part A (2.5 gal),79.96,0.0,198.0,FloraDuo (Part-A) 2.5Gal,0.951,1.0,92.99,198,FloraDuo (Part-A) 2.5Gal,2.5 Gal,1.0,92.99,0,NGW,0.951,needs-review,Needs review: close alt 199 (Δ=0.017),199,FloraDuo (Part-B) 2.5Gal,0.934,3139.0,Athena Grow B 1-3-5 Gal.,0.921,ready-alt-validated,token overlap: best 2 >= alt 2.0; number overlap: best 2 >= alt 2.0; size overlap: best 0 >= alt 0.0; price delta: best 0.1630 <= alt 0.1630; fuzzy ratio: best 0.2900763358778626 >= alt 0.2595419847328244; Score delta 0.017,0.016999999999999904
hmh01061,sensizym-1-gal,Sensizym (1 gal),110.0,0.0,3138.0,Athena Grow A 4-0-1 Gal.,1.094,4.0,45.0,3138,Athena Grow A 4-0-1 Gal.,gallon,4.0,45.0,0,Athena,1.094,needs-review,Needs review: close alt 3139 (Δ=0.000),3139,Athena Grow B 1-3-5 Gal.,1.094,3631.0,Athena Grow A 1-3-5 /5 Gal.,1.092,ready-alt-validated,token overlap: best 1 >= alt 1.0; number overlap: best 1 >= alt 1.0; size overlap: best 0 >= alt 0.0; price delta: best 0.5909 <= alt 0.5909; fuzzy ratio: best 0.376068376068376 >= alt 0.376068376068376; Score delta 0.000,0.0
,skywalker-auto-skywalker-og-x-gelato-41-auto-5-seed,,,,3257.0,"G.M.O. Auto ""OG""",0.69,0.0,50.0,3257,"G.M.O. Auto ""OG""",8 pk,0.0,50.0,0,@Flowers-HEMP,0.69,needs-review,Needs review: close alt 3571 (Δ=0.022),3571,GELATO #41 @Flowers 32%,0.668,3535.0,Gelato #41 Simi FullTerm 11 G.,0.531,manual-alt-stronger,token overlap: alt 3.0 > best 2; number overlap: alt 1.0 > best 0; size overlap: best 0 >= alt 0.0; price delta: best inf <= alt inf; fuzzy ratio: best 0.4166666666666667 >= alt 0.4158415841584158,0.02199999999999991
,spin-pro-wire-replacments,Spin Pro Wire Replacments,17.95,0.0,1885.0,PRO REPLACMENT charcoal 15lb,0.697,4.0,49.95,1885,PRO REPLACMENT charcoal 15lb,15 lb,4.0,49.95,0,Nickel City Wholesale Garden Supply,0.697,needs-review,Verify vs alt 2051 (score 0.523),2051,Spinpro Replacement Wires,0.523,3399.0,Athena Pro Grow 10 lb.,0.462,ready-strong-gap,Match score exceeds alt by 0.174,0.17399999999999993
hmh00036,subculture-b-200gm-bag,SubCulture B 200gm. Bag,41.95,0.0,374.0,SubCulture B 75g.,0.675,0.0,18.95,374,SubCulture B 75g.,,0.0,18.95,0,Sunlight Supply inc.,0.675,needs-review,Needs review: close alt 375 (Δ=0.000),375,SubCulture M 75g,0.675,2666.0,SubCulture-B 75 Gram,0.567,manual-alt-stronger,token overlap: best 1 >= alt 1.0; number overlap: best 0 >= alt 0.0; size overlap: best 0 >= alt 0.0; price delta: alt 0.5476 closer than best 0.5483; fuzzy ratio: best 0.5 >= alt 0.5,0.0
hmh00037,subculture-m-200gm-bag,SubCulture M 200gm. Bag,39.98,0.0,375.0,SubCulture M 75g,0.675,6.0,18.98,375,SubCulture M 75g,,6.0,18.98,0,Sunlight Supply inc.,0.675,needs-review,Needs review: close alt 374 (Δ=0.010),374,SubCulture B 75g.,0.665,2666.0,SubCulture-B 75 Gram,0.533,ready-alt-validated,token overlap: best 1 >= alt 1.0; number overlap: best 0 >= alt 0.0; size overlap: best 0 >= alt 0.0; price delta: best 0.5253 <= alt 0.5260; fuzzy ratio: best 0.5 >= alt 0.4821428571428571; Score delta 0.010,0.010000000000000009
hmh01704,sunblaster-125w-cf-2500k-2,Sunblaster 125W CF 2500k,59.95,0.0,1735.0,Sunblaster CFL 125w 2500k,0.683,2.0,56.71,1735,Sunblaster CFL 125w 2500k,1 Box,2.0,56.71,0,Nickel City Wholesale Garden Supply,0.683,needs-review,auto-resolved: price proximity,3076,SunBlaster 10K 2ft. lamp,0.675,1898.0,Sunblaster 2' Reflector,0.664,manual-review,Needs human confirmation,0.008000000000000007
hmh01705,sunblaster-200w-cf-6400k-2,Sunblaster 200W CF 6400k,109.95,0.0,1734.0,Sunblaster CFL 200w 6400k,0.686,4.0,49.95,1734,Sunblaster CFL 200w 6400k,1 Box,4.0,49.95,0,Nickel City Wholesale Garden Supply,0.686,needs-review,auto-resolved: price proximity,3076,SunBlaster 10K 2ft. lamp,0.662,1898.0,Sunblaster 2' Reflector,0.657,ready-gap,Match score exceeds alt by 0.024,0.02400000000000002
hmh01186,sunblaster-nanodome,Sunblaster Nanodome,6.95,0.0,2979.0,"Sunblaster 18"" lamp",0.773,1.0,8.95,2979,"Sunblaster 18"" lamp","18""",1.0,8.95,0,Nickel City Wholesale Garden Supply,0.773,needs-review,Verify vs alt 1033 (score 0.663),1033,"SunBlaster T5 24"" 65K",0.663,3592.0,SunBlaster Mini Greenhouse w/T5,0.581,ready-strong-gap,Match score exceeds alt by 0.110,0.10999999999999999
hmh00513,sunsoaker-parabolic-reflector-w-horizonal-socket-bracket,SunSoaker Parabolic Reflector w/ Horizonal Socket bracket,99.0,0.0,760.0,"Sun Soaker 48"" Parabolic",0.689,11.0,130.99,76,"Sun Soaker 48"" Parabolic",1 Box,11.0,130.99,0,Nickel City Wholesale Garden Supply,0.689,needs-review,Verify vs alt 757 (score 0.503),757,"Ultragrow A/C 6""",0.503,758.0,"Ultragrow A/C 8""",0.503,ready-strong-gap,Match score exceeds alt by 0.186,0.18599999999999994
hmh00882,t5-cfl-4-plantmax-warm-54w-3000k-tube-4800-lumens,T5 CFL 4' Plantmax Warm 54W. 3000K tube 4800 lumens,10.95,0.0,1293.0,Sunblaster 4'  T5 Fixture,0.687,8.0,46.95,1293,Sunblaster 4'  T5 Fixture,1 Box,8.0,46.95,0,Nickel City Wholesale Garden Supply,0.687,needs-review,Verify vs alt 1299 (score 0.549),1299,Ultragrow 4'-8 Tube T5 Fixture,0.549,3037.0,Hortilux PowerVegT5-4`54W.HO UV,0.512,ready-strong-gap,Match score exceeds alt by 0.138,0.138
hmh00604,t5-high-output-fluorescent-lamps,T5 High Output Fluorescent Lamps,14.95,0.0,3333.0,iSunlight® T5 Bloom LED Lamps,0.704,15.0,18.0,3333,iSunlight® T5 Bloom LED Lamps,,15.0,18.0,0,Hawthorne Hydoponics LLC,0.704,needs-review,Verify vs alt 3659 (score 0.582),3659,UltraGrow 6 lamp T5 /4ft,0.582,2252.0,"T5/24"" Sunlite 865 K lamp HO",0.559,ready-strong-gap,Match score exceeds alt by 0.122,0.122
hmh00340,the-hammer-100-gm,The Hammer 100 gm,169.95,0.0,1612.0,The Hammer 100g,0.706,4.0,166.13,1612,The Hammer 100g,100 g,4.0,166.13,0,Nickel City Wholesale Garden Supply,0.706,needs-review,Verify vs alt 1605 (score 0.569),1605,Ton O Bud 100gm. 0-49-32,0.569,1799.0,SURGE PLUS 350 Gm,0.568,ready-strong-gap,Match score exceeds alt by 0.137,0.137
hmh00339,the-hammer-20-gm,The Hammer 20 gm,41.01,0.0,1611.0,The Hammer 20g,0.694,24.0,39.05,1611,The Hammer 20g,20 g,24.0,39.05,0,Nickel City Wholesale Garden Supply,0.694,needs-review,Verify vs alt 1799 (score 0.572),1799,SURGE PLUS 350 Gm,0.572,688.0,sub culture M 600 gm,0.5,ready-strong-gap,Match score exceeds alt by 0.122,0.122
hmh00768,trimpro-rotor-exit-chute,TRIMPRO ROTOR Exit Chute,17.0,0.0,419.0,Trimpro Rotor,0.693,3.0,1559.11,419,Trimpro Rotor,Box,3.0,1559.11,0,Nickel City Wholesale Garden Supply,0.693,needs-review,Verify vs alt 2347 (score 0.598),2347,Trimpro Rotor w/ Workstation,0.598,423.0,Trimpro w/ Workstation GM,0.402,ready-strong-gap,Match score exceeds alt by 0.095,0.09499999999999997
hmh00769,trimpro-rotor-replacement-motor,TRIMPRO ROTOR replacement motor,395.0,0.0,430.0,Trimbox Bag Replacement,0.731,0.0,38.12,43,Trimbox Bag Replacement,1 Pc,0.0,38.12,0,Nickel City Wholesale Garden Supply,0.731,needs-review,Verify vs alt 419 (score 0.671),419,Trimpro Rotor,0.671,424.0,Trimpro Replacement GM,0.666,ready-strong-gap,Match score exceeds alt by 0.060,0.05999999999999994
hmh00766,trimpro-rotor-work-station-w-rotor,TRIMPRO ROTOR Work Station w/ Rotor,2050.0,0.0,2347.0,Trimpro Rotor w/ Workstation,0.651,3.0,1754.61,2347,Trimpro Rotor w/ Workstation,2 Boxes,3.0,1754.61,0,Nickel City Wholesale Garden Supply,0.651,needs-review,Verify vs alt 419 (score 0.614),419,Trimpro Rotor,0.614,423.0,Trimpro w/ Workstation GM,0.484,ready-alt-validated,token overlap: best 2 >= alt 2.0; number overlap: best 0 >= alt 0.0; size overlap: best 0 >= alt 0.0; price delta: best 0.1441 <= alt 0.2395; fuzzy ratio: best 0.5217391304347826 >= alt 0.3888888888888889; Score delta 0.037,0.03700000000000003
,turtle-taffy-auto-seed-8pk,Turtle Taffy Auto – Seed 8pk,50.0,0.0,3560.0,Facefat Strain Auto FEM,0.676,0.0,,356,Facefat Strain Auto FEM,8pk,0.0,,0,@Flowers-HEMP,0.676,needs-review,Verify vs alt 3566 (score 0.600),3566,TurtleTaffy 75 day 20%Sat/80%In,0.6,3257.0,"G.M.O. Auto ""OG""",0.471,ready-strong-gap,Match score exceeds alt by 0.076,0.07600000000000007
,turtle-taffy-auto-seed-8pk,,,,3560.0,Facefat Strain Auto FEM,0.659,0.0,,356,Facefat Strain Auto FEM,8pk,0.0,,0,@Flowers-HEMP,0.659,needs-review,Verify vs alt 3566 (score 0.545),3566,TurtleTaffy 75 day 20%Sat/80%In,0.545,3579.0,AUTO GMO Auto,0.535,ready-strong-gap,Match score exceeds alt by 0.114,0.11399999999999999
hmh00950,two-way-splitter-3-8-in,TWO WAY SPLITTER 3/8 in.,6.25,0.0,1017.0,"Two Way Splitter 1/4""",0.703,-1.0,5.62,1017,"Two Way Splitter 1/4""",1 Pc,-1.0,5.62,0,Nickel City Wholesale Garden Supply,0.703,needs-review,Verify vs alt 2829 (score 0.630),2829,Poly Tubing Black 3/8 in 50 ft,0.63,2548.0,FloraFlex 8 in FloraCap 2.0,0.597,ready-strong-gap,Match score exceeds alt by 0.073,0.07299999999999995
hmh00778,vortex-12-in-2050-cfm-v-series,"Vortex 12 in., 2050 cfm - V-Series",799.0,0.0,525.0,"Vortex 12"" Inline Fan",0.721,8.0,403.66,525,"Vortex 12"" Inline Fan",1 Box,8.0,403.66,0,Nickel City Wholesale Garden Supply,0.721,needs-review,auto-resolved: price proximity,526,"Vortex 12""L Inline Fan",0.69,2279.0,"Q-Max 12"" Fan",0.674,ready-gap,Match score exceeds alt by 0.031,0.031000000000000028
hmh00774,vortex-4-in-172-cfm,"Vortex 4 in., 172 cfm",168.95,0.0,3419.0,FloraFlex 4 in - 6 in Stacker,0.648,200.0,1.23,2119,"Can Lite 4"" 225 cfm",1 Box,10.0,149.95,0,Nickel City Wholesale Garden Supply,0.622,needs-review,auto-resolved: alt price proximity,2119,"Can Lite 4"" 225 cfm",0.622,1099.0,"CAN Fan 4""",0.591,ready-alt-validated,token overlap: best 1 >= alt 1.0; number overlap: best 1 >= alt 1.0; size overlap: best 0 >= alt 0.0; price delta: best 0.1125 <= alt 0.1125; fuzzy ratio: best 0.3934426229508196 >= alt 0.3934426229508196; Score delta 0.000,0.0
,white-widow-auto-feminised-white-widow-x-ruderalis-5-seed,White Widow Auto (Feminised) White Widow x Ruderalis-5 Seed,45.0,0.0,1961.0,Haze Auto x White Widow Auto,0.779,0.0,50.0,1961,Haze Auto x White Widow Auto,8,0.0,50.0,0,,0.779,needs-review,Verify vs alt 756 (score 0.404),756,"Uno 42"" Parabolic",0.404,865.0,White Widow 2oz,0.354,ready-strong-gap,Match score exceeds alt by 0.375,0.375
