Variant SKU,Handle,Title,Variant Price,Variant Inventory Qty,Top Candidate Item Number,Top Candidate Item Name,Top Candidate Score,Top Candidate Qty Total,Top Candidate Regular Price,POS Item Number,POS Item Name,POS Size,POS Qty Total,POS Regular Price,POS On Order Qty,POS Vendor,Match Score,Confidence,Review Notes,Alt1 Item Number,Alt1 Item Name,Alt1 Score,Alt2 Item Number,Alt2 Item Name,Alt2 Score
hmh01237,xtreme-tea-brews-90-gm-pack,Xtreme Tea Brews 90 gm pack,10.99,0,2124,Flo-N-Brew Tea Kit,0.585,2,58.60,,,,0,,0,,0.585,low-score,Ambiguous: Δ=0.120,2192,Xtreme Tea 90g,0.465,2191,Xtreme Tea 90g 10ct Bag,0.409
,white-rhino-feminised-afghan-x-brazilian-x-south-indian-photo-5-seed,White Rhino (Feminised) Afghan x Brazilian x South Indian Photo-5 Seed,45.00,0,756,"Uno 42"" Parabolic",0.445,10,99.89,,,,0,,0,,0.445,low-score,Ambiguous: Δ=0.180,2823,D.T.E. Neem Seed Meal 6-1-2/5lb,0.264,1216,PS-1 Day/Night Photo Switch,0.192
,white-rhino-feminised-afghan-x-brazilian-x-south-indian-photo-5-seed,,,,756,"Uno 42"" Parabolic",0.415,10,99.89,,,,0,,0,,0.415,low-score,Ambiguous: Δ=0.149,2823,D.T.E. Neem Seed Meal 6-1-2/5lb,0.266,268,Rhino Skin Lt,0.259
hmh00634,tsc-1-24-hour-timestat,TSC-1 - 24 hour / Timestat,132.00,0,2268,UNO Single Mechanical Timer,0.618,106,13.95,,,,0,,0,,0.618,low-score,High stock (~106) - manual confirmation,2706,UltraGrow 24 Hour Timer 120V,0.580,1245,CD-6NG Co2 Generator,0.394
GEN-2eNG,uno-gen-2eng,UNO GEN-2eNG,200.00,100,999,UNO-GEN-1elp Propane,0.573,1,399.00,,,,0,,0,,0.573,low-score,Ambiguous: Δ=0.028,1308,GEN-2eNG Nat. Gas Co2 Generator,0.545,3494,UNO 4x8 Grow Tent,0.536
hmh00759,trimbox-workstation-stand-only,TRIMBOX Workstation STAND ONLY,395.00,0,2201,Bucket Master Stand,0.622,18,9.77,,,,0,,0,,0.622,low-score,Ambiguous: Δ=0.170,423,Trimpro w/ Workstation GM,0.452,2833,Lightrail 4.0 Drive Motor Only,0.434
,white-rhino-feminised-afghan-x-brazilian-x-south-indian-5-seed,White Rhino (Feminised) Afghan x Brazilian x South Indian-5 seed,45.00,0,756,"Uno 42"" Parabolic",0.437,10,99.89,,,,0,,0,,0.437,low-score,Ambiguous: Δ=0.171,2823,D.T.E. Neem Seed Meal 6-1-2/5lb,0.265,1702,"6"" Flange (white box)",0.200
,4of32-wonder-pie-feminised-wedding-cake-x-og-kush-5-seed,Wonder Pie (Feminised) Wedding Cake x OG Kush/ 5 Seed,50.00,0,3523,OUTER SPACE CAKE,0.199,0,,,,,0,,0,,0.199,low-score,Ambiguous: Δ=0.012,3570,WEDDING GELATO,0.187,3257,"G.M.O. Auto ""OG""",0.183
hmh00909,trolley-slave,Trolley Slave,23.95,0,895,Add-A-Lamp Hardware Kit,0.337,12,23.41,,,,0,,0,,0.337,low-score,Ambiguous: Δ=0.010,1530,Drive Trolley Wheel O-Ring,0.326,,,
hmh00930,timer-frequency-duration-no-photo-eye,Timer / frequency & duration (no photo eye),220.00,0,989,CO2 Controller/Monitor/photo I,0.460,0,263.99,,,,0,,0,,0.460,low-score,Ambiguous: Δ=0.006,1225,CST-1P Chrono Seqential Photo,0.454,1215,CYC-4P Cycle Timer w/ Photo,0.425
,teaming-with-fungi-the-organic-growers-guide-to-mycorrhizae,TEAMING WITH FUNGI The Organic Growers Guide to Mycorrhizae,24.95,0,3071,Teaming with Fungi,0.550,7,24.95,,,,0,,0,,0.550,low-score,Ambiguous: Δ=0.083,3196,Cannabis Growers Handbook,0.467,3304,Teaming with Bacteria by Jeff L,0.414
hmh00758,trimbox,TRIMBOX,895.00,0,430,Trimbox Bag Replacement,0.596,0,38.12,,,,0,,0,,0.596,low-score,Ambiguous: Δ=0.070,428,Trimbox,0.526,,,
hmh00931,timer-frequency-duration-photo-eye,Timer/frequency& duration / photo-eye,305.00,0,1225,CST-1P Chrono Seqential Photo,0.479,2,125.00,,,,0,,0,,0.479,low-score,Ambiguous: Δ=0.003,989,CO2 Controller/Monitor/photo I,0.476,1215,CYC-4P Cycle Timer w/ Photo,0.447
,super-lemon-haze-x-rs11-feminised-5-seed,Super Lemon Haze x RS11 (Feminised) -5 Seed,70.00,0,3647,Super Clean Neem Oil - 8oz,0.283,3,22.99,,,,0,,0,,0.283,low-score,Ambiguous: Δ=0.020,1781,"Bond 8'x1"" bamboo super pole",0.263,3547,SUPER Canna Laco Serum 250 ml,0.253
,super-lemon-haze-x-rs11-feminised-5-seed,,,,1857,Super Double B+ 500ml,0.316,4,22.98,,,,0,,0,,0.316,low-score,Ambiguous: Δ=0.025,1961,Haze Auto x White Widow Auto,0.291,3023,"Super Sprout Neop Insert 2""blue",0.290
,super-lemon-haze-x-rs11-feminised-5-seed,,,,1857,Super Double B+ 500ml,0.316,4,22.98,,,,0,,0,,0.316,low-score,Ambiguous: Δ=0.025,1961,Haze Auto x White Widow Auto,0.291,3023,"Super Sprout Neop Insert 2""blue",0.290
,super-lemon-haze-feminised-lemon-skunk-x-super-silver-haze-5-seed,Super Lemon Haze (Feminised) Lemon Skunk x Super Silver Haze 5- Seed,50.00,0,2439,Can Small Storage Bag,0.462,116,0.57,,,,0,,0,,0.462,low-score,High stock (~116) - manual confirmation,3202,Hortilux Silver 600 E Ballast,0.255,3603,SUPER GREASE CANNASUPER LABS,0.219
,super-lemon-haze-x-gmo-feminised-5-seed,Super Lemon Haze x GMO (Feminised) -5 Seed,70.00,0,3647,Super Clean Neem Oil - 8oz,0.286,3,22.99,,,,0,,0,,0.286,low-score,Ambiguous: Δ=0.006,3579,AUTO GMO Auto,0.279,1781,"Bond 8'x1"" bamboo super pole",0.259
,super-lemon-haze-x-gmo-feminised-5-seed,,,,1857,Super Double B+ 500ml,0.319,4,22.98,,,,0,,0,,0.319,low-score,Ambiguous: Δ=0.022,3579,AUTO GMO Auto,0.297,3023,"Super Sprout Neop Insert 2""blue",0.292
,spin-pro-wire-replacments,,,,1885,PRO REPLACMENT charcoal 15lb,0.575,4,49.95,,,,0,,0,,0.575,low-score,Ambiguous: Δ=0.105,1141,Pre-Filter PRO 75,0.470,1142,Pre-Filter PRO 50,0.470
,super-bud-feminised-big-bud-x-skunk-photo-5-seed,Super Bud (Feminised) Big Bud x Skunk Photo. 5 Seed,40.00,0,3097,FoxFarm Big Bloom 2.5 Gallon,0.614,0,167.49,,,,0,,0,,0.614,low-score,Ambiguous: Δ=0.032,1675,Fox Farm Big Bloom 5Gal,0.581,3005,FoxFarm Bloom 0 - 0.5 - 0.7 gal,0.576
,super-bud-feminised-big-bud-x-skunk-photo-5-seed,,,,1675,Fox Farm Big Bloom 5Gal,0.616,2,236.00,,,,0,,0,,0.616,low-score,Ambiguous: Δ=0.008,1660,Bud boom qt 0-6-5,0.609,3005,FoxFarm Bloom 0 - 0.5 - 0.7 gal,0.606
hmh00849,snapture-dovetail,Snapture Dovetail,3.79,0,493,SnapStand Dovetail 90 Degree,0.405,20,3.70,,,,0,,0,,0.405,low-score,High stock (~20) - manual confirmation,,,,,,
,skywalker-auto-skywalker-og-x-gelato-41-auto-5-seed,Skywalker Auto Skywalker OG x Gelato #41 Auto 5 seed,70.00,0,3257,"G.M.O. Auto ""OG""",0.595,0,50.00,,,,0,,0,,0.595,low-score,Ambiguous: Δ=0.050,3571,GELATO #41 @Flowers 32%,0.545,3535,Gelato #41 Simi FullTerm 11 G.,0.444
,super-lemon-haze-feminised-lemon-skunk-x-super-silver-haze5-seed,Super Lemon Haze (Feminised) Lemon Skunk x Super Silver Haze5 Seed,50.00,0,3202,Hortilux Silver 600 E Ballast,0.345,1,249.00,,,,0,,0,,0.345,low-score,Ambiguous: Δ=0.017,3603,SUPER GREASE CANNASUPER LABS,0.328,3023,"Super Sprout Neop Insert 2""blue",0.327
,super-lemon-haze-feminised-lemon-skunk-x-super-silver-haze5-seed,,,,3023,"Super Sprout Neop Insert 2""blue",0.421,89,0.35,,,,0,,0,,0.421,low-score,High stock (~89) - manual confirmation,3647,Super Clean Neem Oil - 8oz,0.415,362,Super Spreader Large,0.401
hmh01439,sunblaster-25-watt-green-visual-lamp-standard-socket,SunBlaster 25 watt green Visual lamp-standard socket,9.88,0,2979,"Sunblaster 18"" lamp",0.533,1,8.95,,,,0,,0,,0.533,low-score,Ambiguous: Δ=0.056,3660,125 watt Sunblaster CFL,0.477,2492,Sunblaster Green 26w,0.414
,super-bud-auto-feminised-super-bud-x-ruderalis-5-seed,Super Bud Auto (Feminised) Super Bud x Ruderalis 5 Seed,40.00,0,2286,Bud Boom 0-6-5,0.568,21,12.98,,,,0,,0,,0.568,low-score,High stock (~21) - manual confirmation,1660,Bud boom qt 0-6-5,0.550,2287,Pt. Bud Boom 16oz. 0-6-5,0.534
,super-bud-auto-feminised-super-bud-x-ruderalis-5-seed,,,,1660,Bud boom qt 0-6-5,0.615,5,15.99,,,,0,,0,,0.615,low-score,Ambiguous: Δ=0.002,2286,Bud Boom 0-6-5,0.613,1978,G.O. Bio Bud 2.5Gal,0.596
hmh00848,snapture-foot-base,Snapture Foot Base,4.79,0,492,SnapStand Foot Base,0.543,6,4.68,,,,0,,0,,0.543,low-score,Ambiguous: Δ=0.010,3496,Frout by Foot,0.533,3554,Froot by Foot Auto 36.1%,0.514
,skunk-auto-feminised-skunk-x-ruderalis-5-seed,Skunk Auto (Feminised) Skunk x Ruderalis 5 Seed,40.00,0,3582,G.M.O. X MendoBreath/ Auto,0.313,0,,,,,0,,0,,0.313,low-score,Ambiguous: Δ=0.011,3560,Facefat Strain Auto FEM,0.302,1389,Blumat Auto watering soil #1,0.299
,skunk-auto-feminised-skunk-x-ruderalis-5-seed,,,,1389,Blumat Auto watering soil #1,0.346,2,4.59,,,,0,,0,,0.346,low-score,Ambiguous: Δ=0.002,3582,G.M.O. X MendoBreath/ Auto,0.343,3579,AUTO GMO Auto,0.318
hmh00850,snapture-cross-fitting,Snapture Cross Fitting,4.79,0,2610,"Reducer Fitting 1/2"" to 3/8""",0.608,219,0.24,,,,0,,0,,0.608,low-score,High stock (~219) - manual confirmation,2611,"3/8"" to 1/4"" Reducer Fitting",0.589,823,Screen Fitting,0.586
hmh00881,t5-cfl-2-plantmax-day-24w-6500k-tube-2520-lumens,T5 CFL 2' Plantmax Day 24W. 6500K tube 2520 lumens,8.95,0,3032,SunBlaster/LED Strip Lights 24,0.487,0,74.95,,,,0,,0,,0.487,low-score,Ambiguous: Δ=0.056,3563,Gummibears 41.2% Day-50/50-11G.,0.431,791,"Blue Tubing 1/2""",0.403
,super-lemon-haze-x-pink-candy-super-lemon-haze-x-pink-candy-5-seed,Super Lemon Haze x Pink Candy Super Lemon Haze x Pink Candy- 5 Seed,70.00,0,2934,AN Bud Candy 10 Liter,0.291,0,231.12,,,,0,,0,,0.291,low-score,Ambiguous: Δ=0.020,2922,AN Bud Candy 23 L,0.271,224,Bud Candy Lt,0.262
,super-lemon-haze-x-pink-candy-super-lemon-haze-x-pink-candy-5-seed,,,,2934,AN Bud Candy 10 Liter,0.354,0,231.12,,,,0,,0,,0.354,low-score,Ambiguous: Δ=0.004,2922,AN Bud Candy 23 L,0.350,224,Bud Candy Lt,0.319
,super-critical-feminised-big-bud-x-skunk-x-white-widow-5-seed,Super Critical (Feminised) Big Bud x Skunk x White Widow-5 Seed,42.00,0,3097,FoxFarm Big Bloom 2.5 Gallon,0.553,0,167.49,,,,0,,0,,0.553,low-score,Ambiguous: Δ=0.020,1675,Fox Farm Big Bloom 5Gal,0.533,3005,FoxFarm Bloom 0 - 0.5 - 0.7 gal,0.530
hmh00880,t5-cfl-2-plantmax-warm-24w-3000k-tube-2280-lumens,"T5 CFL 2' Plantmax Warm 24W 3000K tube 2,280 lumens",8.95,0,3032,SunBlaster/LED Strip Lights 24,0.475,0,74.95,,,,0,,0,,0.475,low-score,Ambiguous: Δ=0.039,1419,Sunmaster 1000w MH Warm Deluxe,0.437,1568,Agromax 400w MH Warm,0.403
,sugarlato-auto-feminised-kings-tart-x-gelato-41-auto-5-seed,Sugarlato Auto (Feminised) King’s Tart x Gelato #41 Auto/ 5 Seed,66.00,0,3571,GELATO #41 @Flowers 32%,0.465,0,50.00,,,,0,,0,,0.465,low-score,Ambiguous: Δ=0.060,3535,Gelato #41 Simi FullTerm 11 G.,0.405,3570,WEDDING GELATO,0.256
,scietetics-production-powder-bloom,Scietetics Production Powder Bloom,120.00,0,3501,N.C.R Bloom 1 gallon,0.611,-3,67.00,,,,0,,0,,0.611,low-score,Ambiguous: Δ=0.011,3502,N.C.R. Bloom 2.5 Gallon,0.601,677,Big Up Powder 8oz,0.591
,scietetics-magcal,Scietetics MagCal,24.95,0,,,,,,,,,0,,0,,,no-match,No match,,,,,,
,scietetics-ful-v-tech-element-transfer-system,Scietetics Ful V Tech Element Transfer System Quart,22.00,0,2415,Ruby Ful#$% Qt,0.562,40,26.84,,,,0,,0,,0.562,low-score,High stock (~40) - manual confirmation,3610,"Ful acids""V""TECH  fulvic acids",0.513,117,Flora Shield Qt,0.490
,scietetics-ful-v-tech-element-transfer-system-255-gallon,Scietetics Ful V Tech Element Transfer System 255 Gallon,14000.00,3,3610,"Ful acids""V""TECH  fulvic acids",0.552,2,79.95,,,,0,,0,,0.552,low-score,Ambiguous: Δ=0.042,3511,Rhizium element tranferr 2.5Ga.,0.510,1755,Ruby Ful#$% 15 GAL.,0.461
,scietetics-development-powder-grow,Scietetics Development Powder Grow,120.00,0,1866,greenwway sulfur powder 10 lb,0.523,1,23.95,,,,0,,0,,0.523,low-score,Ambiguous: Δ=0.026,3320,AZOMITE® SR Powder - 5lb,0.497,1406,SULFUR POWDER 10LB BAG,0.474
hmh00903,robo-stick-lamp-stabilizer,Robo-Stick lamp stabilizer,31.95,0,364,Robo Stik,0.588,3,31.23,,,,0,,0,,0.588,low-score,Ambiguous: Δ=0.082,2979,"Sunblaster 18"" lamp",0.507,3659,UltraGrow 6 lamp T5 /4ft,0.462
hmh00978,replacemnt-probe-for-control-wizard-accurate-ph3-meter,Replacemnt probe for Control Wizard Accurate pH3 Meter,34.95,0,2832,Accurate pH 4 replacement probe,0.601,0,34.95,,,,0,,0,,0.601,low-score,Ambiguous: Δ=0.179,1950,pH-3 Replacement Probe,0.423,2983,Light control 8 light 120/240,0.402
hmh01675,pure-clean-powerful-natural-enzymes,Pure Clean Powerful natural enzymes,32.00,0,2977,Plagron Pure Clean 500 ml,0.575,9,33.60,,,,0,,0,,0.575,low-score,Ambiguous: Δ=0.040,2560,Pure Enzym Lt,0.535,3216,Athena Reset Clean Line 5 Gal.,0.420
hmh00628,plant-supports-50-in-retractable-tension-line-bag-of-10,Plant Supports 50 in. retractable tension line (bag of 10),18.90,0,2988,Plant Success Jellyfish 10 gm.,0.520,0,4.95,,,,0,,0,,0.520,low-score,Ambiguous: Δ=0.066,3078,Soil Moist Natural 1 lb,0.454,1406,SULFUR POWDER 10LB BAG,0.444
,peel-and-stick-zipper-7-ft-x-3-in-double-sided-2-pack,"Peel and Stick Zipper, 7 ft. x 3 in. Double Sided, 2-Pack",15.99,0,2829,Poly Tubing Black 3/8 in 50 ft,0.537,8,16.95,,,,0,,0,,0.537,low-score,Ambiguous: Δ=0.026,2129,"Black Tubing 3/4""",0.511,3020,Duralastics Tray 2 ft x 4 ft ID,0.497
hmh00147,ona-storm,ONA Storm,199.99,0,2164,Ona Pro Gel Gal,0.594,-4,39.05,,,,0,,0,,0.594,low-score,Ambiguous: Δ=0.054,1717,Ona Mist Dispenser,0.540,2488,ONA Gel Apple Crumble Qt,0.481
hmh00940,on-off-switcher-120v-3,ON/OFF Switcher 120V,759.95,0,435,CanFan TCL 6HO 120v,0.556,5,314.96,,,,0,,0,,0.556,low-score,Ambiguous: Δ=0.048,1285,OSW On/Off Switch,0.508,2846,Titan Hercules 3 HI TEMP OFF,0.492
,og-grease-trace-booster,OG Grease * Trace Booster,19.97,100,3651,ALFALFA GREASE extract 1000ml,0.537,12,106.00,,,,0,,0,,0.537,low-score,Ambiguous: Δ=0.015,3650,Bloom GREASE canna 1000 ml,0.522,3649,Bloom GREASE canna 500 ml,0.487
,4of91-nl5-haze-mist-feminised-nl5-x-haze-x-kali-mist-5-seed,NL5 Haze Mist (Feminised) NL5 x Haze x Kali Mist. 5 Seed,40.00,0,2993,Clonex Mist 750 ML,0.235,5,52.00,,,,0,,0,,0.235,low-score,Ambiguous: Δ=0.004,1717,Ona Mist Dispenser,0.231,1861,Ona Mist Fresh Linen 6oz,0.213
,4of91-nl5-haze-mist-feminised-nl5-x-haze-x-kali-mist-5-seed,,,,1717,Ona Mist Dispenser,0.328,-1,24.39,,,,0,,0,,0.328,low-score,Ambiguous: Δ=0.023,2993,Clonex Mist 750 ML,0.305,1861,Ona Mist Fresh Linen 6oz,0.283
hmh01588,nurtadip-growboss,Nutradip GROWBOSS,269.95,0,1030,NutraDip pH Meter,0.463,4,190.00,,,,0,,0,,0.463,low-score,Ambiguous: Δ=0.095,1031,NutraDip TDS/PPM Meter,0.367,2793,Grow Boss Nutri Dip Tri Meter,0.030
,nevilles-haze-feminised-almost-pure-haze-landrace-5-seed,Neville's Haze (Feminised) Almost pure Haze Landrace 5 Seed,50.00,0,26,Pure Blend Pro Grow 5Gal,0.514,1,274.42,,,,0,,0,,0.514,low-score,Ambiguous: Δ=0.007,21,Pure Blend Pro Grow 2.5G,0.508,24,Pure Blend Pro Bloom 5Gal,0.500
,nevilles-haze-feminised-almost-pure-haze-landrace-5-seed,,,,26,Pure Blend Pro Grow 5Gal,0.605,1,274.42,,,,0,,0,,0.605,low-score,Ambiguous: Δ=0.014,21,Pure Blend Pro Grow 2.5G,0.590,24,Pure Blend Pro Bloom 5Gal,0.588
,money-maker-feminised-original-master-kush-x-hindu-kush-x-skunk-5-seed,Money Maker (Feminised) Original Master Kush x Hindu Kush x Skunk-5 Seed,40.00,0,565,Master-A 5Gal,0.500,6,251.61,,,,0,,0,,0.500,low-score,Ambiguous: Δ=0.000,569,Master-B 5Gal,0.500,564,Master-A 2.5Gal,0.493
,money-maker-feminised-original-master-kush-x-hindu-kush-x-skunk-5-seed,,,,565,Master-A 5Gal,0.583,6,251.61,,,,0,,0,,0.583,low-score,Ambiguous: Δ=0.000,569,Master-B 5Gal,0.583,564,Master-A 2.5Gal,0.567
hmh00467,miniblocks-1-5-x-1-5-x-1-5-6-15mm-hole98-plugs-per-matt,"Miniblocks 1.5 x 1.5 x 1.5, 6/15mm hole<br>(98 plugs per matt)",19.95,0,3616,NETAFIM hole plug,0.599,100,0.66,,,,0,,0,,0.599,low-score,High stock (~100) - manual confirmation,3114,Grodon start plugs R/W 50 plugs,0.518,799,"6"" Site Plug",0.505
hmh00939,mlc-16-lights-120-240-volt-universal-x-plug,"MLC 16 Lights (120/240 volt, Universal X-Plug)",619.95,0,2983,Light control 8 light 120/240,0.584,1,299.00,,,,0,,0,,0.584,low-score,Ambiguous: Δ=0.111,1214,LT4-120 4 Light Timer,0.473,1222,LT4-120-B 4 Light Timer,0.471
,jack-herer-auto-feminised-jack-herer-x-ruderalis-5-seed,Jack Herer Auto (Feminised) Jack Herer x Ruderalis-5 Seed,42.00,0,3568,Jacks 5-50-18 UltraViolet 1kg,0.567,5,29.95,,,,0,,0,,0.567,low-score,Ambiguous: Δ=0.294,3582,G.M.O. X MendoBreath/ Auto,0.274,3560,Facefat Strain Auto FEM,0.271
hmh01600,lec-315-240v-2,LEC 315 240V,429.00,0,2787,315 Socket set Adapter,0.608,26,13.95,,,,0,,0,,0.608,low-score,High stock (~26) - manual confirmation,2954,GREENPOWER FIXTURES HORIZ. 315,0.525,2612,Philips LEC 315 3100K Bulb,0.462
,8of32-kings-juice-feminised-mimosa-x-kings-kush-5-seed,King's Juice (Feminised) Mimosa x King's Kush-5 Seed,45.00,0,3607,N.C.R. GROW Juice 2.5 Gallon,0.603,1,180.39,,,,0,,0,,0.603,low-score,Ambiguous: Δ=0.118,2356,Zeus Juice 2.5Gal,0.485,2715,Earth Juice Rainbow Mix Grow,0.271
,8of32-kings-juice-feminised-mimosa-x-kings-kush-5-seed,,,,2356,Zeus Juice 2.5Gal,0.563,10,138.56,,,,0,,0,,0.563,low-score,Ambiguous: Δ=0.011,3607,N.C.R. GROW Juice 2.5 Gallon,0.552,2715,Earth Juice Rainbow Mix Grow,0.263
,kings-kush-feminised-og-kush-x-grape-5-seed,King's Kush (Feminised) OG Kush x Grape -5 Seed,45.00,0,3257,"G.M.O. Auto ""OG""",0.238,0,50.00,,,,0,,0,,0.238,low-score,Ambiguous: Δ=0.048,3661,OG Oganics Bud Candy liter,0.189,3373,OG Organics™ BigMike’s OG Tea,0.184
,jack-herer-feminised-haze-x-red-skunk-5-pk-seed,Jack Herer (Feminised) Haze x Red Skunk-5 pk Seed,44.00,0,2659,PK APATITE 2.5 Gal,0.572,-1,321.00,,,,0,,0,,0.572,low-score,Ambiguous: Δ=0.014,3568,Jacks 5-50-18 UltraViolet 1kg,0.558,3357,Ionic PK Boost 2.5 Gallon,0.545
hmh00446,hygrozyme-4-l,HYGROZYME 4 L,135.25,0,186,Hygrozyme Gal,0.563,6,136.99,,,,0,,0,,0.563,low-score,Ambiguous: Δ=0.016,185,Hygrozyme Lt,0.547,184,Hygrozyme 500ml,0.499
,great-white-shark-feminised-super-skunk-x-brazilian-x-south-indian-5-seed,Great White Shark (Feminised) Super Skunk x Brazilian x South Indian.-5 SEED,45.00,0,756,"Uno 42"" Parabolic",0.385,10,99.89,,,,0,,0,,0.385,low-score,Ambiguous: Δ=0.034,2841,Great White,0.351,3145,"Great White® Mycorrhizae 1 oz,",0.349
,holy-punch-feminised-the-church-x-grape-photo-5-seed,Holy Punch (Feminised) The Church x Grape Photo 5 Seed,45.00,0,1216,PS-1 Day/Night Photo Switch,0.227,7,128.80,,,,0,,0,,0.227,low-score,Ambiguous: Δ=0.004,989,CO2 Controller/Monitor/photo I,0.223,1206,Professional Hole Punch,0.219
,holy-punch-feminised-the-church-x-grape-photo-5-seed,,,,1206,Professional Hole Punch,0.279,0,12.21,,,,0,,0,,0.279,low-score,Ambiguous: Δ=0.074,989,CO2 Controller/Monitor/photo I,0.205,1927,CT-CT-3P,0.204
hmh00038,general-organics-starter-box,General Organics Starter Box,56.25,0,2019,Advanced Nutrients Starter Kit,0.497,1,217.88,,,,0,,0,,0.497,low-score,Ambiguous: Δ=0.003,1818,Personal GROW BOX/ 8 liters,0.494,559,Honey Organic ES Gal,0.476
,grodan-hugo-6in-x-6in-x-6in-pre-cut-holes,Grodan Hugo - 6in x 6in x 6in - Pre-Cut Holes,250.00,10,1459,Grodan Gro 6 x 6 x 6 HUGO,0.547,0,3.75,,,,0,,0,,0.547,low-score,Ambiguous: Δ=0.116,3456,"Grodon Hugo 6""/Cs.- 64",0.431,1360,Flora Flex PotPro Pot 8 in,0.416
,hawaiian-snow-feminised-hawaiian-sativa-x-laos,Hawaiian Snow (Feminised) Hawaiian sativa x Laos,60.00,0,3549,AMBER LABEL - SATIVA 250ml,0.361,0,74.95,,,,0,,0,,0.361,low-score,Ambiguous: Δ=0.060,1329,E.T.-Snow Storm Ultra Qt,0.301,1330,E.T.Snow Storm Ultra 8oz,0.298
,hawaiian-snow-feminised-hawaiian-sativa-x-laos,,,,1330,E.T.Snow Storm Ultra 8oz,0.343,-3,15.95,,,,0,,0,,0.343,low-score,Ambiguous: Δ=0.001,3549,AMBER LABEL - SATIVA 250ml,0.342,1329,E.T.-Snow Storm Ultra Qt,0.295
,francos-lemon-cheese-feminised-super-lemon-haze-x-exodus-cheese-5-sed,Franco's Lemon Cheese (Feminised) Super Lemon Haze x Exodus Cheese -5 sed,50.00,0,1961,Haze Auto x White Widow Auto,0.180,0,50.00,,,,0,,0,,0.180,low-score,Ambiguous: Δ=0.001,3603,SUPER GREASE CANNASUPER LABS,0.179,1781,"Bond 8'x1"" bamboo super pole",0.164
,flowerbomb-kush-feminised-green-crack-x-og-kush-photo-5-seed,Flowerbomb Kush (Feminised) Green Crack x OG Kush photo 5 Seed,50.00,0,2675,Spring Green 2.5 gal,0.580,1,120.70,,,,0,,0,,0.580,low-score,Ambiguous: Δ=0.004,2676,Spring Green 5 gal,0.576,452,TallBoy Green CocoCarbon Filter,0.575
,flowerbomb-kush-feminised-green-crack-x-og-kush-photo-5-seed,,,,2676,Spring Green 5 gal,0.591,1,214.60,,,,0,,0,,0.591,low-score,Ambiguous: Δ=0.003,2675,Spring Green 2.5 gal,0.588,452,TallBoy Green CocoCarbon Filter,0.578
,fullgas-feminised-exodus-cheese-x-sherbert-og-photo-5-seed,Fullgas! (Feminised) Exodus Cheese X Sherbert OG Photo -5 Seed,66.00,0,1216,PS-1 Day/Night Photo Switch,0.198,7,128.80,,,,0,,0,,0.198,low-score,Ambiguous: Δ=0.004,1225,CST-1P Chrono Seqential Photo,0.194,989,CO2 Controller/Monitor/photo I,0.185
,fullgas-feminised-exodus-cheese-x-sherbert-og-photo-5-seed,,,,3661,OG Oganics Bud Candy liter,0.203,-2,35.95,,,,0,,0,,0.203,low-score,Ambiguous: Δ=0.007,3257,"G.M.O. Auto ""OG""",0.196,3373,OG Organics™ BigMike’s OG Tea,0.192
,etoh-pro-rev2-ethanol-botanical-extractor-odorless-closed-loop-high-volume,EtOH Pro REV2 Ethanol Botanical Extractor - Odorless Closed-Loop High Volume,1900.00,0,3234,35 Site Psycloner Pro Aeroponic,0.302,1,125.00,,,,0,,0,,0.302,low-score,Ambiguous: Δ=0.022,1402,Pro mix 3.8 mycorrhizae,0.280,3409,Athena Pro mix kit 1 gal.,0.278
,etoh-pro-rev2-ethanol-botanical-extractor-odorless-closed-loop-high-volume,,,,8,Pure Blend Pro Bloom Soil Gal,0.329,-2,73.00,,,,0,,0,,0.329,low-score,Ambiguous: Δ=0.006,1716,Ona Gel PRO-Repack Tub,0.324,636,Gro Pro Root Master 35,0.323
hmh01422,flora-series-performance-pack-complete-8-week-grow-bloom-starter-kit,Flora Series Performance Pack (Complete 8 week grow/bloom starter kit),52.95,0,325,Tiger Bloom 2 - 8 - 4 Gal,0.519,31,104.29,,,,0,,0,,0.519,low-score,High stock (~31) - manual confirmation,2697,"8""Max-Fan PRO Series 3-speed",0.512,697,"PRO Flange Kit 8""",0.507
hmh00977,control-wizard-accurate-handheld-ph3-meter,Control Wizard Accurate Handheld pH3 Meter,64.95,0,3168,Preset CO2 Mointer Control,0.412,1,429.00,,,,0,,0,,0.412,low-score,Ambiguous: Δ=0.004,3143,Athena Mildew Control 32oz.,0.408,1048,CW-503 pH-3 Handheld Meter,0.405
hmh00151,doktor-doom-spider-mite-knock-out,Doktor Doom Spider Mite Knock Out,14.99,0,344,Spider Mite Knockout 16oz,0.581,41,19.75,,,,0,,0,,0.581,low-score,High stock (~41) - manual confirmation,1436,"TDS Monitor 1/4"" in/out",0.389,3355,Russet  MITE control.8 oz.,0.385
hmh01556,cocotek-grow-a-qts,CocoTek grow A Qts.,15.89,0,661,"CocoTek 14"" Planter",0.614,0,18.28,,,,0,,0,,0.614,low-score,Ambiguous: Δ=0.006,3360,CocoTek BLOOM-A 6 G.,0.608,656,"CocoTek 8"" Basket Liner",0.597
hmh01557,cocotek-grow-b-qts,CocoTek Grow B Qts.,15.89,0,3359,CocoTek BLOOM-B 6 Ga,0.615,0,99.00,,,,0,,0,,0.615,low-score,Ambiguous: Δ=0.001,661,"CocoTek 14"" Planter",0.614,1814,FLOWER BOX F.H.D.4/qts.,0.602
,cri-series-dli-cri-series-630w-cmh-240v,CRI-Series DLI CRI-Series 630W CMH 120V-240V,395.00,0,2620,DLI JOULE-Series 1000W 400V D/E,0.520,2,499.00,,,,0,,0,,0.520,low-score,Ambiguous: Δ=0.026,3642,10ft. Extention /DLI 240V Cord,0.494,2954,GREENPOWER FIXTURES HORIZ. 315,0.474
hmh00332,double-super-b-23-liter,Double Super B+ 23 liter,448.98,0,1857,Super Double B+ 500ml,0.583,4,22.98,,,,0,,0,,0.583,low-score,Ambiguous: Δ=0.091,1586,Super Double B+ Lt,0.492,1589,Super Double B+ 23L,0.468
,cannabis-growers-handbook-the-complete-guide-to-marijuana-and-hemp-cultivationcannabis-growers-handbook-the-complete-guide-to-marijuana-and-hemp-cultivationcannabis-growers-handbook-the-compl,Cannabis Grower's Handbook: The Complete Guide to Marijuana and Hemp CultivationCannabis Grower's Handbook: The Complete Guide to Marijuana and Hemp CultivationCannabis Grower's Handbook: The Complete Guide to Marijuana and Hemp Cultivation,34.95,0,3196,Cannabis Growers Handbook,0.584,0,44.95,,,,0,,0,,0.584,low-score,Ambiguous: Δ=0.281,971,M.J. Horticulture/Medical Bible,0.303,,Cannabis Seed AUTO,0.226
,chemdog-feminized-5-seed,CHEMDOG ( feminized ) 5 seed,45.00,0,,,,,,,,,0,,0,,,no-match,No match,,,,,,
,chemdog-feminized-5-seed,,,,,,,,,,,,0,,0,,,no-match,No match,,,,,,
,cloudlab-866-advance-grow-tent-60-x-60-x-80,"CLOUDLAB 866, Advance Grow Tent 60"" x 60"" x 80""",219.00,0,3494,UNO 4x8 Grow Tent,0.413,-1,289.00,,,,0,,0,,0.413,low-score,Ambiguous: Δ=0.025,3479,OneDeal Grow Tent 4'x4',0.388,3318,Grow Tent - 5ft W x 5ft L x 6.5,0.358
,blue-haze-x-gelato-41-auto-feminised-blue-haze-x-gelato-41-auto-5-seed,Blue Haze x Gelato 41 Auto (Feminised) Blue Haze x Gelato 41 Auto/ 5 Seed,66.00,0,3571,GELATO #41 @Flowers 32%,0.458,0,50.00,,,,0,,0,,0.458,low-score,Ambiguous: Δ=0.049,1961,Haze Auto x White Widow Auto,0.409,295,Sticky Trap Blue,0.385
,blue-haze-x-gelato-41-auto-feminised-blue-haze-x-gelato-41-auto-5-seed,,,,3571,GELATO #41 @Flowers 32%,0.545,0,50.00,,,,0,,0,,0.545,low-score,Ambiguous: Δ=0.045,3535,Gelato #41 Simi FullTerm 11 G.,0.500,1961,Haze Auto x White Widow Auto,0.478
,black-toffee-auto-feminised-larry-bubba-x-gelato-41-auto-5-seed,Black Toffee Auto (Feminised) Larry Bubba x Gelato #41 Auto -5 Seed,66.00,0,3571,GELATO #41 @Flowers 32%,0.448,0,50.00,,,,0,,0,,0.448,low-score,Ambiguous: Δ=0.035,959,Beldon Square Black Pot 5X5X6,0.413,2529,Classic 2100/ 5 Gal.,0.408
,black-toffee-auto-feminised-larry-bubba-x-gelato-41-auto-5-seed,,,,3571,GELATO #41 @Flowers 32%,0.562,0,50.00,,,,0,,0,,0.562,low-score,Ambiguous: Δ=0.091,3535,Gelato #41 Simi FullTerm 11 G.,0.471,959,Beldon Square Black Pot 5X5X6,0.442
hmh00962,big-boy-kdf-85-carbon-filter-well-water-chloramines,BIG BOY KDF-85 CARBON FILTER- WELL WATER & CHLORAMINES,129.00,0,1005,Big Boy KDF85 Carbon Filter,0.542,1,124.14,,,,0,,0,,0.542,low-score,Ambiguous: Δ=0.007,1023,Carbon Filter for Big Boy,0.535,453,Big Boy KDF85/Catalytic Carbon,0.488
hmh01155,calimagic-16oz,CALiMAGic 16oz,12.95,0,2064,CaliMagic Gal,0.553,9,62.89,,,,0,,0,,0.553,low-score,Ambiguous: Δ=0.005,2063,CaliMagic qt,0.548,2066,CaliMagic 6gal,0.525
hmh01765,bi-pin-socket-adpter-for-pgzx18,BI-PIN Socket adpter for PGZX18,16.95,0,2787,315 Socket set Adapter,0.622,26,13.95,,,,0,,0,,0.622,low-score,High stock (~26) - manual confirmation,2875,58 Mogal Socket H.I.D.,0.419,2595,Double Ended Socket Set,0.347
hmh01435,b1cuss-blossombuilder-946-ml,B1Cuss BlossomBuilder 946 ml.,138.95,0,3350,Silicium 100 ML,0.442,17,45.00,,,,0,,0,,0.442,low-score,Ambiguous: Δ=0.036,1778,Flawless Finish  250 ml.,0.406,2993,Clonex Mist 750 ML,0.368
,big-bang-feminised-skunk-x-northern-light-x-el-nino-auto-5-seed,Big Bang (Feminised) Skunk x Northern Light x El Niño AUTO 5 Seed,45.00,0,902,4ft Rail for Light Rail 5,0.545,0,70.36,,,,0,,0,,0.545,low-score,Ambiguous: Δ=0.011,3552,Big Eas4.7 ft x 4.7 ft x 6.5 ft,0.534,3005,FoxFarm Bloom 0 - 0.5 - 0.7 gal,0.508
,banana-krumble-feminised-banana-punch-x-og-kush-5-seed,Banana Krumble (Feminised) Banana Punch x OG Kush-5 Seed,50.00,0,3576,Banana Cream Sundae- Full Term,0.232,0,,,,,0,,0,,0.232,low-score,Ambiguous: Δ=0.022,1206,Professional Hole Punch,0.210,3257,"G.M.O. Auto ""OG""",0.209
,bcuzz-roxx-rooting-blocks-4-x-4-x-4-cs-24-strips-6-per-scrip,B'cuzZ Roxx Rooting Blocks 4 x 4 x 4 --Cs/24 strips @6 per strip,150.00,0,2083,"2"" mini blocks 24 count",0.556,93,6.79,,,,0,,0,,0.556,low-score,High stock (~93) - manual confirmation,336,"Roxx Big Dutch 6""",0.463,861,B'Cuzz Root Aid Gel 4oz,0.455
hmh00524,badboy-ho-t-5-4-ft-triphosphor-bloom-54-w-2900-k,"BADBOY HO T-5 4 ft Triphosphor Bloom 54 W, 2900 K",15.98,0,3136,Athena Bloom A 4-0-5 Gal.,0.600,8,45.00,,,,0,,0,,0.600,low-score,Ambiguous: Δ=0.004,3137,Athena Bloom B 0.7-6.5 Gal.,0.596,776,BadBoy T5 4'-12 Fixture w/ bulb,0.591
,athena-grow-a,,,,,,,,,,,,0,,0,,,no-match,No match,,,,,,
hmh01199,aquaspinners,AquaSpinners,1.15,0,,,,,,,,,0,,0,,,no-match,No match,,,,,,
,arjans-strawberry-haze-feminised-swiss-sativa-x-nl5-haze-mist-5-seed,Arjan's Strawberry Haze (Feminised) Swiss sativa x NL5 Haze Mist-5 seed,45.00,0,3549,AMBER LABEL - SATIVA 250ml,0.215,0,74.95,,,,0,,0,,0.215,low-score,Ambiguous: Δ=0.036,2993,Clonex Mist 750 ML,0.179,1961,Haze Auto x White Widow Auto,0.162
,ac-infinity-self-watering-fabric-pot-base-xl-4-pack,"AC Infinity -Self-Watering Fabric Pot Base XL, 4-Pack",89.99,0,2876,Square Plastic Pot Black 4 in,0.584,10,0.28,,,,0,,0,,0.584,low-score,Ambiguous: Δ=0.044,1188,"Cow Pot 4""  /12 per",0.540,1989,4 x 4 jiffy pots (10/$3.00),0.529
hmh01434,bcuzz-blossombuilder-355-ml,B`Cuzz BlossomBuilder 355 ml.,46.69,0,1202,B'Cuzz Hydro A 10L,0.424,0,89.95,,,,0,,0,,0.424,low-score,Ambiguous: Δ=0.008,1203,B'Cuzz Hydro B 10L,0.416,1185,B’Cuzz Bloom Stimulator 0-0-0.7,0.401
hmh00900,6-ft-add-a-lamp-pkg-includes-rail-pushrod-trolley-hardware,6 ft add-a-lamp pkg. Includes rail pushrod trolley & hardware,59.95,0,895,Add-A-Lamp Hardware Kit,0.612,12,23.41,,,,0,,0,,0.612,low-score,Ambiguous: Δ=0.104,3148,OD Tray 4 ft x 6 ft - Black,0.508,3659,UltraGrow 6 lamp T5 /4ft,0.494
hmh01200,aquaspinners-2,AquaSpinners,1.15,0,,,,,,,,,0,,0,,,no-match,No match,,,,,,
,alienz-auto-feminised-alienz-x-watermelon-auto-5-seed,AlienZ Auto (Feminised) Alienz x Watermelon Auto 5 Seed,66.00,0,1961,Haze Auto x White Widow Auto,0.345,0,50.00,,,,0,,0,,0.345,low-score,Ambiguous: Δ=0.049,3582,G.M.O. X MendoBreath/ Auto,0.295,3560,Facefat Strain Auto FEM,0.291
,ac-infinity-controller-ai-environmental-controller,AC Infinity/CONTROLLER AI+ Environmental Controller,120.00,0,1251,RHC-1 Humidity Controller,0.431,0,261.58,,,,0,,0,,0.431,low-score,Ambiguous: Δ=0.009,3503,Gavita Master Controller EL2 -,0.422,1278,CO2 Controller w/ Remote Sensor,0.418
hmh00854,430-sodium-son-agro-54000-lumens,430 Sodium Son-Agro 54000 lumens,89.95,0,1726,Venture 1000w MH,0.435,9,84.02,,,,0,,0,,0.435,low-score,Ambiguous: Δ=0.003,1503,Plantmax 600w HPS,0.432,1496,Plantmax 400w MH 4200k,0.406
hmh01717,315-chm-3k-greenpower-luminaires,315 CHM 3K GREENPOWER LUMINAIRES,89.00,0,2888,D-Papillon 315W FULL SPECTRUM,0.510,5,350.00,,,,0,,0,,0.510,low-score,Ambiguous: Δ=0.235,1983,PLANT MAX 600 3K,0.274,3512,Hortilux 600W CHM lamp,0.213
hmh00926,2mm-thick-50-mylar-roll,2mm Thick 50' Mylar Roll,48.95,0,2828,Poly Tubing Black 1/4 in 50 ft,0.585,5,11.95,,,,0,,0,,0.585,low-score,Ambiguous: Δ=0.002,875,Block-IR 50' Roll,0.583,2829,Poly Tubing Black 3/8 in 50 ft,0.568
hmh00902,3-ft-extender-rail-a-3-foot-section-of-rail-to-extend-a-6-ft-section-into-a-9-ft,3 ft extender rail- A 3 foot section of rail to extend a 6 ft section into a 9 ft,31.95,0,1359,Botanicare OD Tray 3 ft x 3 ft,0.441,0,113.19,,,,0,,0,,0.441,low-score,Ambiguous: Δ=0.009,3552,Big Eas4.7 ft x 4.7 ft x 6.5 ft,0.433,3181,Botanicare ID Tray 3 ft x 3 ft,0.426
hmh01595,240v-lec-emitting-ceramic-fixture-630-light,240V.LEC®Emitting Ceramic® Fixture 630 Light,250.00,0,2886,D-Papillon Double  630/ 240V.,0.539,6,599.00,,,,0,,0,,0.539,low-score,Ambiguous: Δ=0.039,2511,E Papillon Lighting System 630,0.500,1218,LT4-240-LTO 4 Light Timer,0.401
hmh00997,3-pack-1-5-v-batteries-for-hm-digital-meters,3-pack 1.5 V batteries for HM Digital Meters,8.95,0,1183,3 kg Digital Scale with 1.88 L,0.597,3,42.95,,,,0,,0,,0.597,low-score,Ambiguous: Δ=0.013,3555,Luster Leaf Digital Ph meter,0.584,2659,PK APATITE 2.5 Gal,0.553
hmh01297,2mm-thick-25-mylar-roll,2mm Thick 25' Mylar Roll,30.95,0,2382,Flash-Gro 25' Roll,0.606,9,27.17,,,,0,,0,,0.606,low-score,Ambiguous: Δ=0.022,874,Block-IR 25' Roll,0.583,1378,Panda Film 100' Roll,0.459
hmh00731,20-can-filter-flange-max,"20"" Can Filter Flange Max",45.00,0,2986,"COMBO Max 14 w/Can 150 & 14"" Fl",0.601,0,1110.00,,,,0,,0,,0.601,low-score,Ambiguous: Δ=0.090,539,"CAN 12"" Flange",0.511,536,"CAN 6"" Flange",0.504
hmh00567,2-heavy-duty-neoprene-collars-case-of-200,"2"" heavy duty neoprene collars (case of 200)",90.00,0,818,"2"" Neoprene (Thick)",0.506,152,0.83,,,,0,,0,,0.506,low-score,High stock (~152) - manual confirmation,2844,M.E.- Sugar Load Heavy Brix Mol,0.407,3011,"TurboKlone Klone Collars-1.6""",0.394
,2-heavy-duty-neoprene-collars-case-of-200,,,,818,"2"" Neoprene (Thick)",0.519,152,0.83,,,,0,,0,,0.519,low-score,High stock (~152) - manual confirmation,2844,M.E.- Sugar Load Heavy Brix Mol,0.416,3011,"TurboKlone Klone Collars-1.6""",0.398
hmh00844,2-in-site-plug-case-of-20,2 in. Site Plug (case of 20),10.60,0,2548,FloraFlex 8 in FloraCap 2.0,0.615,130,8.25,,,,0,,0,,0.615,low-score,High stock (~130) - manual confirmation,797,"3"" Site Plug",0.602,798,"4"" Site Plug",0.602
hmh00923,1mm-thick-25-mylar-roll,1mm Thick 25' Mylar Roll,20.95,0,2382,Flash-Gro 25' Roll,0.606,9,27.17,,,,0,,0,,0.606,low-score,Ambiguous: Δ=0.022,874,Block-IR 25' Roll,0.583,1378,Panda Film 100' Roll,0.459
hmh00924,1mm-thick-50-mylar-roll,1mm Thick 50' Mylar Roll,30.95,0,2828,Poly Tubing Black 1/4 in 50 ft,0.585,5,11.95,,,,0,,0,,0.585,low-score,Ambiguous: Δ=0.002,875,Block-IR 50' Roll,0.583,2829,Poly Tubing Black 3/8 in 50 ft,0.568
hmh00937,10a-240v-w-battery-backup,10A 240V w/battery backup,400.00,0,3081,20ft. 240V. power Cord,0.456,12,35.00,,,,0,,0,,0.456,low-score,Ambiguous: Δ=0.048,3421,E-pap 660Watt LED diming 240V,0.408,2667,UltraGrow 240v Mechanical Timer,0.392
hmh00814,10-x-10-x-10-y-connector,"10"" X 10"" X 10"" ""Y"" Connector",33.29,0,1016,"3/8"" Union Connector",0.623,1,4.89,,,,0,,0,,0.623,low-score,Ambiguous: Δ=0.047,1694,Y-Connector 12x10x10,0.576,783,"Tee 1/4""",0.565
hmh00936,10a-120v-w-battery-backup,10A 120V w/battery backup,335.00,0,1214,LT4-120 4 Light Timer,0.390,1,233.45,,,,0,,0,,0.390,low-score,Ambiguous: Δ=0.003,1222,LT4-120-B 4 Light Timer,0.388,2134,Maxell LR1130 Battery,0.387
SKID,dutch-lighting-innovations-joule-series-1000w-de-220v-240v,“Dutch Lighting Innovations”  JOULE-SERIES 1000W DE 120V – 240V/ Skid (62 Fixtures),19000.00,62,3465,Dutch Lighting Innovations DLM-,0.538,1,350.00,,,,0,,0,,0.538,low-score,Ambiguous: Δ=0.057,2620,DLI JOULE-Series 1000W 400V D/E,0.481,2954,GREENPOWER FIXTURES HORIZ. 315,0.385
hmh00829,1-2-in-straight-barbed-bag-of-50,1/2 in. Straight Barbed (bag of 50),27.50,0,3422,"1/4"" TUBING BARBED tee (100/pk)",0.625,9,19.56,,,,0,,0,,0.625,low-score,Ambiguous: Δ=0.005,2295,CAN Storage Bags,0.620,1390,"1/4"" Straight Connector-5pk",0.612
hmh00827,1-2-in-elbow-barbed-bag-of-50,1/2 in. Elbow Barbed (bag of 50),31.50,0,3422,"1/4"" TUBING BARBED tee (100/pk)",0.621,9,19.56,,,,0,,0,,0.621,low-score,Ambiguous: Δ=0.024,2548,FloraFlex 8 in FloraCap 2.0,0.596,2869,"Reducer Tee 1/2"" to 3/8""",0.593
