ID,Product Name,Category,Type,Current Weight,Enter Weight (lbs),Enter Length,Enter Width,Enter Height
13172,"FloraBlend","Nutrients & Supplements",grouped,0,,,,
13173,"FloraBlend qt","Nutrients & Supplements",simple,0,,,,
13178,"BioThrive","Nutrients & Supplements",grouped,0,,,,
13179,"Flora Series","Nutrients & Supplements",grouped,0,,,,
13180,"FloraNova Series","Nutrients & Supplements",grouped,0,,,,
13181,"Maxi Series","Nutrients & Supplements",grouped,0,,,,
13182,"BioBud","Nutrients & Supplements",grouped,0,,,,
13183,"BioMarine","Nutrients & Supplements",grouped,0,,,,
13185,"BioWeed","Nutrients & Supplements",grouped,0,,,,
13186,"CaMg+","Nutrients & Supplements",grouped,0,,,,
13187,"Diamond Black","Nutrients & Supplements",grouped,0,,,,
13188,"Diamond Nectar","Nutrients & Supplements",grouped,0,,,,
13189,"FloraDuo Complete","Nutrients & Supplements",grouped,0,,,,
13190,"Floralicious Series","Nutrients & Supplements",grouped,0,,,,
13191,"Floralicious Plus","Nutrients & Supplements",grouped,0,,,,
13192,"FloraNectar","Nutrients & Supplements",grouped,0,,,,
13193,"Flora Shield","Nutrients & Supplements",grouped,0,,,,
13194,"FloraKleen","Nutrients & Supplements",grouped,0,,,,
13195,"KoolBloom","Nutrients & Supplements",grouped,0,,,,
13196,"Liquid KoolBloom™ 0 - 10 - 10","Nutrients & Supplements",grouped,0,,,,
13197,"Rapid Start","Nutrients & Supplements",grouped,0,,,,
13202,"B'Cuzz BIO-NRG Bloom-C","Nutrients & Supplements",grouped,0,,,,
13203,"B'Cuzz BIO-NRG Flavor","Nutrients & Supplements",grouped,0,,,,
13204,"B'Cuzz BIO-NRG Growth-C","Nutrients & Supplements",grouped,0,,,,
13205,"B'Cuzz Hydro Nutrients","Nutrients & Supplements",grouped,0,,,,
13206,"B'Cuzz PK 13/14","Nutrients & Supplements",grouped,0,,,,
13210,"B'Cuzz Growth Stimulator","Nutrients & Supplements",grouped,0,,,,
13213,"B'Cuzz Root Stimulator","Nutrients & Supplements",grouped,0,,,,
13215,"Better Bloom 12-34-12","Nutrients & Supplements",grouped,0,,,,
13216,"Jungle Green 17-15-17","Nutrients & Supplements",grouped,0,,,,
13217,"Royal Black","Nutrients & Supplements",grouped,0,,,,
13218,"Royal Gold","Nutrients & Supplements",grouped,0,,,,
13219,"Yield Up 9-47-9","Nutrients & Supplements",grouped,0,,,,
13220,"Bud Boom","Nutrients & Supplements",grouped,0,,,,
13221,"Bud Start","Nutrients & Supplements",grouped,0,,,,
13222,"Carbo Blast","Nutrients & Supplements",grouped,0,,,,
13223,"Prop-O-Gator Plant Food","Propagation Supplies",grouped,0,,,,
13227,"Suck it Up","Nutrients & Supplements",grouped,0,,,,
13228,"Double Super B+ Extra Strength","Nutrients & Supplements",grouped,0,,,,
13229,"Ton O Bud 0-10-6","Nutrients & Supplements",grouped,0,,,,
13230,"The Hammer","Nutrients & Supplements",grouped,0,,,,
13231,"Humboldt Grow 2-1-6","Nutrients & Supplements",grouped,0,,,,
13232,"Humboldt Micro 5-0-1","Nutrients & Supplements",grouped,0,,,,
13233,"Humboldt Bloom 0-6-5","Nutrients & Supplements",grouped,0,,,,
13234,"Big Up Powder 0-33-23","Nutrients & Supplements",grouped,0,,,,
13235,"Sea Cal 3-2-8","Nutrients & Supplements",grouped,0,,,,
13236,"Sea Mag 0.2-0.2-3","Nutrients & Supplements",grouped,0,,,,
13237,"Master A","Nutrients & Supplements",grouped,0,,,,
13238,"Master B","Nutrients & Supplements",grouped,0,,,,
13239,"DueceDuece","Nutrients & Supplements",grouped,0,,,,
13241,"Equilibrium Natural","Nutrients & Supplements",grouped,0,,,,
13242,"Hydro-Deuce","Nutrients & Supplements",grouped,0,,,,
13243,"Royal Flush","Nutrients & Supplements",grouped,0,,,,
13244,"Ginormous","Nutrients & Supplements",grouped,0,,,,
13245,"Grow Natural","Nutrients & Supplements",grouped,0,,,,
13246,"Bloom Natural","Nutrients & Supplements",grouped,0,,,,
13247,"Hum-Bolt","Nutrients & Supplements",grouped,0,,,,
13248,"Flavor-Ful","Nutrients & Supplements",grouped,0,,,,
13249,"Verde Growth Catalyst","Nutrients & Supplements",grouped,0,,,,
13250,"Oneness 5-9-4","Nutrients & Supplements",grouped,0,,,,
13251,"Mayan Microzyme","Nutrients & Supplements",grouped,0,,,,
13252,"Prozyme","Nutrients & Supplements",grouped,0,,,,
13253,"Myco Madness Soluble","Nutrients & Supplements",grouped,0,,,,
13254,"Myco Maximum Granular","Nutrients & Supplements",grouped,0,,,,
13255,"Humboldt Honey Hydro Carbs","Nutrients & Supplements",grouped,0,,,,
13256,"Humboldt Honey ES","Nutrients & Supplements",grouped,0,,,,
13257,"Humboldt Roots","Nutrients & Supplements",grouped,0,,,,
13259,"Humboldt Sticky Foliar Feed","Nutrients & Supplements",grouped,0,,,,
13264,"Mykos - Mycorrhizal Inoculant Granular","Nutrients & Supplements",grouped,0,,,,
13267,"CalCarb Calcium Carbonate Foliar Spray","Nutrients & Supplements",grouped,0,,,,
13275,"CocoTek Caps","Pots & Containers",grouped,0,,,,
13276,"CocoTek Liners","Pots & Containers",grouped,0,,,,
13281,"BASIC Magnetic Ballast","Grow Lights Ballast",grouped,0,,,,
13300,"Ultragrow Cool Tube","Grow Lights Ballast",grouped,0,,,,
13309,"ONA Liquid","Odor Control",grouped,0,,,,
13310,"ONA Gel","Odor Control",grouped,0,,,,
13313,"ONA Mist","Odor Control",grouped,0,,,,
13315,"Doktor Doom Fogger","Pest Control",grouped,0,,,,
13317,"Plantacillin","Propagation Supplies",grouped,0,,,,
13320,"Ed Rosenthal's Zero Tolerance Herbal Pesticide-Fungicide","Pest Control",grouped,0,,,,
13321,"TimeMist Plus Programmable Dispenser","Pest Control",grouped,0,,,,
13323,"Safer Garden Fungicide 32oz RTU Spray","Pest Control",grouped,0,,,,
13324,"Block-IR Infra-Red Barrier","Reflective Wall Fabric",grouped,0,,,,
13705,"B'cuzZ Roxx Propagation Trays and Matts","Growing Medium, Propagation Supplies",grouped,0,,,,
13711,"B'cuzZ Roxx Rooting Blocks","Growing Medium",grouped,0,,,,
13718,"B'cuzZ Roxx Bimatrix Growing Slabs","Growing Medium",grouped,0,,,,
13759,"WaterFarm Reservoir - 4 gal","Hydroponic Gardens",simple,0,,,,
13763,"Texas Controller 16 units","Hydroponic Gardens",simple,0,,,,
13764,"Ebb & Gro Monster System Controller","Hydroponic Gardens",simple,0,,,,
13771,"240 Volt Power cord 8 ft .","Grow Lights Ballast",simple,0,,,,
13772,"SunSoaker Parabolic Reflector w/ Horizonal Socket bracket","Grow Lights Ballast",simple,0,,,,
13783,"Ultragrow A/C 6 in. with saftey glass & socket set w/ 15 ft cord","Grow Lights Ballast",simple,0,,,,
13803,"BADBOY T-5 4 ft - 16 Lamp Fixture 864 W","Grow Lights Ballast",simple,0,,,,
13817,"Doktor Doom Total Fogger 5.5 oz","Pest Control",simple,0,,,,
13826,"Plantacillin 1 liter","Pest Control",simple,0,,,,
13827,"Zero Tolerance <b>Herbal Fungicide</b> gal","Pest Control",simple,0,,,,
13832,"TimeMist Plus Programmable Dispenser","Pest Control",simple,0,,,,
13839,"Garden Fungicide 32 oz","Pest Control",simple,0,,,,
13841,"Garden Fungicide 1 gal","Pest Control",simple,0,,,,
13845,"2 heavy duty neoprene collars (case of 200)","Propagation Supplies",simple,0,,,,
13850,"Dual Diaphragm Air Pump","Air Pumps",simple,0,,,,
13851,"TNC Water Pump","Water Pumps",grouped,0,,,,
13852,"Mag Drive Pumps","Water Pumps",grouped,0,,,,
13854,"Reflective Mylar Rolls","Reflective Wall Fabric",grouped,0,,,,
13856,"Stealth RO 300 Customized Reverse Osmosis filter","Water Filtration",simple,0,,,,
13861,"TDS Monitor DM-2 Industrial Dual TDS Monitor","Water Filtration",simple,0,,,,
13862,"Flowmaster - Gallon Meter 3/8 in","Water Filtration",simple,0,,,,
13863,"Accessories & Components","Water Filtration",grouped,0,,,,
13868,"Green Air Genesis Calibration Solutions","pH/EC/TDS Meters & Solutions",grouped,0,,,,
13870,"COM-100: Waterproof EC / TDS / Temp Combo Meter","pH/EC/TDS Meters & Solutions",grouped,0,,,,
13871,"PH-200: Waterproof pH Meter","pH/EC/TDS Meters & Solutions",grouped,0,,,,
13872,"PH / Calibration Solutions","pH/EC/TDS Meters & Solutions",grouped,0,,,,
13874,"Control Wizard Accurate pH3","pH/EC/TDS Meters & Solutions",grouped,0,,,,
13875,"Philips Lighting","Philips",grouped,0,,,,
13876,"Plantmax Pulse Start Metal Halide Lamps","Philips",grouped,0,,,,
13877,"BADBOY HO Triphosphor Lamps","Philips",grouped,0,,,,
13879,"Plantmax SUPER Metal Halide","Philips",simple,0,,,,
13880,"Plantmax SUPER High Pressure Sodium","Philips",grouped,0,,,,
13881,"Plantmax HPS Conversion (MH Ballast)","Philips",grouped,0,,,,
13882,"Plantmax MH Conversion (HPS Ballast)","Philips",grouped,0,,,,
13885,"VEGETATIVE - HPS Ballast","Philips",grouped,0,,,,
13886,"VEGETATIVE - MH Ballast","Philips",grouped,0,,,,
13887,"ALL PHASE High Output Metal Halide Horticultural Lamp","Philips",grouped,0,,,,
13888,"Light Rail 5","Grow Lights Ballast",grouped,0,,,,
13890,"Light Rail Accessories","Grow Lights Ballast",grouped,0,,,,
13891,"Mondi Mist & Spray Premium Compression Sprayer 1.5 qt","Grow Tents AC INFINITY",simple,0,,,,
13892,"Mondi Mist & Spray Delux Compression Sprayer 1.2 qt","Grow Tents AC INFINITY",simple,0,,,,
13894,"Bypass Hand Shears","Grow Tents AC INFINITY",simple,0,,,,
13895,"Grommets","Fittings & Parts",grouped,0,,,,
13896,"Spigot for 6 Gal container","Fittings & Parts",simple,0,,,,
13899,"1 1/4 drain overflow tube","Fittings & Parts",simple,0,,,,
13902,"1/2 Barb Connectors","Fittings & Parts",grouped,0,,,,
13903,"The Bucket Basket","Fittings & Parts",grouped,0,,,,
13904,"Netpots","Pots & Containers",grouped,0,,,,
13905,"Site Plugs","Fittings & Parts",grouped,0,,,,
13906,"Snapture SnapStand","Fittings & Parts",grouped,0,,,,
13911,"24-DT-1 -- 24 Hour Clock Timer","Timers",grouped,0,,,,
13912,"LT4 - 4 Light Timer (120 or 240 V)","Timers",grouped,0,,,,
13914,"LS Series Light and High Load Switcher","Timers",grouped,0,,,,
13915,"ON /OFF Switcher 120V","Timers",grouped,0,,,,
13916,"Vortex Powerfans","Environmental Control",grouped,0,,,,
13918,"Backdraft Dampers","Environmental Control",grouped,0,,,,
13919,"Thermostatically Controlled Centrifugal Fans","Environmental Control",grouped,0,,,,
13924,"Original Can Fans","Environmental Control",grouped,0,,,,
13925,"Can Filters","Air Filtration",grouped,0,,,,
13926,"Can Filter Pre-Filters","Air Filtration",grouped,0,,,,
13927,"Can Filter Flanges","Air Filtration",grouped,0,,,,
13928,"Ducting","Environmental Control",grouped,0,,,,
13929,"Max-Fan","Environmental Control",grouped,0,,,,
13940,"PROfilter reversible carbon filters","Air Filtration",grouped,0,,,,
13941,"38-Special by Can-Filters","Air Filtration",grouped,0,,,,
13942,"The Rack - Collapsible Drying System","Drying & Extraction",grouped,0,,,,
13944,"The TRIMPRO","Trimmers",grouped,0,,,,
13945,"The TRIMPRO WORKSTATION","Trimmers",grouped,0,,,,
13949,"TRIMPRO ROTOR","Trimmers",grouped,0,,,,
13965,"Rare Earth","Nutrients & Supplements",grouped,0,,,,
14317,"COM-100: Waterproof EC / TDS / Temp Combo Meter","pH/EC/TDS Meters & Solutions",simple,0,,,,
14319,"PH-200: Waterproof pH Meter","pH/EC/TDS Meters & Solutions",simple,0,,,,
14324,"Control Wizard Accurate Handheld pH3 Meter","pH/EC/TDS Meters & Solutions",simple,0,,,,
14326,"Replacemnt probe for Control Wizard Accurate pH3 Meter","pH/EC/TDS Meters & Solutions",simple,0,,,,
14346,"3-pack 1.5 V batteries for HM Digital Meters","pH/EC/TDS Meters & Solutions",simple,0,,,,
14348,"Can-Lite Filters","Air Filtration",grouped,0,,,,
14354,"B-52 Vitamin","Nutrients & Supplements",grouped,0,,,,
14355,"Big Bud Bloom Booster","Nutrients & Supplements",grouped,0,,,,
14356,"Bud Blood Bloom Stimulator","Nutrients & Supplements",grouped,0,,,,
14357,"Bud Candy","Nutrients & Supplements",grouped,0,,,,
14358,"Bud Factor X","Nutrients & Supplements",grouped,0,,,,
14359,"CarboLoad","Nutrients & Supplements",grouped,0,,,,
14360,"Final Phase","Nutrients & Supplements",grouped,0,,,,
14362,"Mother Earth Organic Super Tea","Nutrients & Supplements",grouped,0,,,,
14363,"Nirvana","Nutrients & Supplements",grouped,0,,,,
14364,"Overdrive","Nutrients & Supplements",grouped,0,,,,
14365,"Piranha Beneficial Fungi","Nutrients & Supplements",grouped,0,,,,
14367,"Sensi Grow Two-part","Nutrients & Supplements",grouped,0,,,,
14368,"Sensizym","Nutrients & Supplements",grouped,0,,,,
14369,"Tarantula Beneficial Bacteria","Nutrients & Supplements",grouped,0,,,,
14370,"Ultra-premium Connoisseur","Nutrients & Supplements",grouped,0,,,,
14371,"VooDoo Juice Root Booster","Nutrients & Supplements",grouped,0,,,,
14441,"Grow Big Liquid Plant Food (6-4-4)","Nutrients & Supplements",grouped,0,,,,
14442,"Tiger Bloom Liquid Plant Food (2-8-4)","Nutrients & Supplements",grouped,0,,,,
14451,"Big Bloom Liquid Plant Food (1 qt)","Nutrients & Supplements",simple,0,,,,
14453,"Big Bloom Liquid Plant Food (1 gal)","Nutrients & Supplements",simple,0,,,,
14458,"Grow Big Liquid Plant Food (1 gal)","Nutrients & Supplements",simple,0,,,,
14461,"Tiger Bloom Liquid Plant Food (1 qt)","Nutrients & Supplements",simple,0,,,,
14463,"Tiger Bloom Liquid Plant Food (1 gal)","Nutrients & Supplements",simple,0,,,,
14478,"SledgeHammer (1 qt)","Nutrients & Supplements",simple,0,,,,
14508,"Root Pouch","Pots & Containers",grouped,0,,,,
14524,"Socket Sets","Grow Lights Ballast",grouped,0,,,,
14587,"Mondi Super Saucers","Propagation Supplies",grouped,0,,,,
14593,"Mondi Mini Greenhouse 4 and 7 Propagation Domes","Propagation Supplies",grouped,0,,,,
14606,"PH Perfect Ultra-premium Connoisseur","Nutrients & Supplements",grouped,0,,,,
14607,"pH Perfect Sensi Bloom 2-Part","Nutrients & Supplements",grouped,0,,,,
14608,"pH Perfect Sensi Grow 2-Part","Nutrients & Supplements",grouped,0,,,,
14628,"B'CuzZ CoCo Nutrients","Nutrients & Supplements",grouped,0,,,,
14664,"TRIMPRO UNPLUGGED","Trimmers",grouped,0,,,,
14688,"Dyna-Gro Grow","Nutrients & Supplements",grouped,0,,,,
14693,"Dyna-Gro Bloom","Nutrients & Supplements",grouped,0,,,,
14696,"Dyna-Gro Pro Tekt","Nutrients & Supplements",grouped,0,,,,
14719,"UNO Rope Ratchets","Grow Tents AC INFINITY",grouped,0,,,,
14722,"Bond 3-Way Soil Meter","pH/EC/TDS Meters & Solutions",grouped,0,,,,
14736,"EcoPlus Pump Filter Bags","Water Pumps",grouped,0,,,,
14746,"EcoPlus Commercial Air Pumps","Air Pumps",grouped,0,,,,
14750,"UNO Grow Tents","Grow Tents AC INFINITY",grouped,0,,,,
14770,"12 x 18 x 3 Storage Bag (ziploc)","Air Filtration",simple,0,,,,
14788,"ONA Spray","Odor Control",grouped,0,,,,
14792,"Clonex Clone Solution","Propagation Supplies",grouped,0,,,,
14796,"Hydrodyamics Clonex Mist","Propagation Supplies",simple,0,,,,
14802,"Vitamino","Nutrients & Supplements",grouped,0,,,,
14869,"Tritan's Trawl","Nutrients & Supplements",grouped,0,,,,
14876,"Heat Mat Single Tray","Propagation Supplies",simple,0,,,,
14892,"Atami RootBlastic","Nutrients & Supplements",grouped,0,,,,
14899,"B1Cuss BlossomBuilder 946 ml.","Nutrients & Supplements",simple,0,,,,
14905,"SunBlaster 25 watt green Visual lamp-standard socket","Grow Lights Ballast",simple,0,,,,
14970,"Drying Rack 4 Tier","Drying & Extraction",grouped,0,,,,
15011,"Hortilux-Blue Daylight Metal Halide Lamps","Philips",grouped,0,,,,
15036,"Black & White Panda Film (poly)","Reflective Wall Fabric",grouped,0,,,,
15037,"Diamond Silver White Film","Reflective Wall Fabric",grouped,0,,,,
15059,"General Hydroponics® CocoTek® Grow - A 3 - 0 - 1 & B 1 - 2 - 4","Nutrients & Supplements",grouped,0,,,,
15060,"CocoTek grow A Qts.","Nutrients & Supplements",simple,0,,,,
15063,"CocoTek Bloom A Qts.","Nutrients & Supplements",simple,0,,,,
15064,"Cocotek Bloom B Qts","Nutrients & Supplements",simple,0,,,,
15065,"CocoTek Grow A Gal.","Nutrients & Supplements",simple,0,,,,
15066,"CocoTek Grow B Gal.","Nutrients & Supplements",simple,0,,,,
15067,"CocoTek Bloom A Gal.","Nutrients & Supplements",simple,0,,,,
15068,"CocoTek Bloom B Gal.","Nutrients & Supplements",simple,0,,,,
15077,"B'Cuzz® Blossom Builder 0 - 9 - 19","Nutrients & Supplements",grouped,0,,,,
15094,"UNO-2 Speed Controled in line blowers","Environmental Control",grouped,0,,,,
15106,"Dual Lamp Fixture","Grow Lights Ballast",grouped,0,,,,
15110,"240V.LEC®Emitting Ceramic® Fixture 630 Light","Grow Lights Ballast",simple,0,,,,
15112,"Accurate pH 4 w/remote probe","pH/EC/TDS Meters & Solutions",grouped,0,,,,
15113,"Accurate pH 4 w/remote probe","pH/EC/TDS Meters & Solutions",simple,0,,,,
15115,"Accurate pH 4 replacement /remote probe","pH/EC/TDS Meters & Solutions",simple,0,,,,
15117,"LEC 315 240V","Grow Lights Ballast",simple,0,,,,
15120,"Ionic® Bloom 3-2-6 Premium Plant Nutrient Qt.","Nutrients & Supplements",simple,0,,,,
15122,"Ionic® Bloom 3-2-6 Premium Plant Nutrient Gallon","Nutrients & Supplements",simple,0,,,,
15123,"Ionic® Bloom 3-2-6 Premium Plant Nutrient 2.5 Gallon","Nutrients & Supplements",simple,0,,,,
15128,"HydroDynamics Ionic® Grow 3-1-5 Premium Plant Nutrient 2.5 gallon","Nutrients & Supplements",simple,0,,,,
15132,"HydroDynamics Ionic® PK Boost 0-5-6 Premium Plant Nutrient","Nutrients & Supplements",grouped,0,,,,
15137,"Hydrodynamics int. Coco/Soil Grow & Bloom","Nutrients & Supplements",grouped,0,,,,
15138,"Ionic Coco Bloom Soil/hydro Qt.","Nutrients & Supplements",simple,0,,,,
15140,"Ionic Coco Grow Soil/Hydro Qt","Nutrients & Supplements",simple,0,,,,
15141,"Ionic Coco Bloom Soil/hydro Gal","Nutrients & Supplements",simple,0,,,,
15149,"Plagron Terra Bloom & Grow","Nutrients & Supplements",grouped,0,,,,
15150,"Plagron Terra Bloom Qt.","Nutrients & Supplements",simple,0,,,,
15152,"Plagron Terra Bloom Gal.","Nutrients & Supplements",simple,0,,,,
15153,"Plagron Terra grow Qt.","Nutrients & Supplements",simple,0,,,,
15154,"Plagron Terra Grow Gallon","Nutrients & Supplements",simple,0,,,,
15160,"E-Papillon 600 Watt 240V. W / Lamp","Grow Lights Ballast",simple,0,,,,
15165,"D‐Papillon 315W FULL SPECTRUM 240V","Grow Lights Ballast",grouped,0,,,,
15170,"Green Sensation","Nutrients & Supplements",grouped,0,,,,
15185,"Terpinator 0 - 0 - 4 Qt.","Nutrients & Supplements",simple,0,,,,
15187,"Terpinator 0 - 0 - 4 Gallon","Nutrients & Supplements",simple,0,,,,
15195,"Humboldt Nutrients S.I. Structural Integrity","Nutrients & Supplements",grouped,0,,,,
15196,"Humboldt Nutrients S.I. Structural Integrity qt.","Nutrients & Supplements",simple,0,,,,
15200,"Humboldt Nutrients Calyx Magnum 2 - 0 - 0/Qt.","Nutrients & Supplements",simple,0,,,,
15202,"Humboldt Nutrients Calyx Magnum 2 - 0 - 0/Gal.","Nutrients & Supplements",simple,0,,,,
15215,"Pure Clean Natural Enzymes","Nutrients & Supplements",grouped,0,,,,
15219,"Plagron Royal Rush","Nutrients & Supplements",grouped,0,,,,
15223,"Plagron Power Roots","Nutrients & Supplements",grouped,0,,,,
15227,"Cocos A & B","Nutrients & Supplements",grouped,0,,,,
15231,"Plagron Cocos B  liter","Nutrients & Supplements",simple,0,,,,
15232,"Plagron Cocos B  5 liter","Nutrients & Supplements",simple,0,,,,
15233,"plagron Hydro A&B","Nutrients & Supplements",grouped,0,,,,
15234,"Plagron Hydro A Liter","Nutrients & Supplements",simple,0,,,,
15236,"Plagron Hydro A  5 Liter","Nutrients & Supplements",simple,0,,,,
15238,"Plagron Hydro B  5 Liter","Nutrients & Supplements",simple,0,,,,
15250,"BADBOY T5 lighting System","Grow Lights Ballast",grouped,0,,,,
15254,"Sunblaster 125W CF 2500k","Grow Lights Ballast",simple,0,,,,
15255,"Sunblaster 200W CF 6400k","Grow Lights Ballast",simple,0,,,,
15258,"315 CHM 4K GREENPOWER LUMINAIRES","Grow Lights Ballast",simple,0,,,,
15259,"BadBoy HO T-5 Triphosphor Bloom 54W 2900K","Philips",simple,0,,,,
15261,"Eye Hortilux e-Start Metal Halide Lamps","Philips",grouped,0,,,,
15264,"Eye Hortilux e-Start Metal Halide Lamps","Philips",simple,0,,,,
15269,"315 CHM 3K GREENPOWER LUMINAIRES","Grow Lights Ballast",simple,0,,,,
15283,"BadBoy HO T-5 4 ft Triphosphor Grow 54 W, 6500 K","Philips",simple,0,,,,
15284,"8 Pack of BadBoy HO T-5 4 ft Triphosphor Bloom","Philips",simple,0,,,,
15301,"HydroDynamics Clonex Mist 100 ml","Propagation Supplies",simple,0,,,,
15303,"Hydrodyamics Clonex Mist 300Ml","Propagation Supplies",simple,0,,,,
15304,"Clonex mist 750ml RTU","Propagation Supplies",simple,0,,,,
15305,"Clonex Mist Concentrate Qt.","Propagation Supplies",simple,0,,,,
15306,"Clonex Root Maximizer - Granular/ for soil applications","Nutrients & Supplements",grouped,0,,,,
15307,"Clonex Mycorrhizae Root Maximizer 4 OZ Soluble","Nutrients & Supplements",simple,0,,,,
15308,"Clonex Mycorrhizae Root Maximizer 8 OZ Soluble","Nutrients & Supplements",simple,0,,,,
15309,"Clonex Root Maximizer Mycorrhizae-Soluble for Hydro","Nutrients & Supplements",grouped,0,,,,
15310,"Clonex Mycorrhizae Root Maximizer 4 OZ Soluble","Nutrients & Supplements",simple,0,,,,
15312,"Clonex Mycorrhizae Root Maximizer 8 OZ Soluble","Nutrients & Supplements",simple,0,,,,
15313,"Clonex Mycorrhizae Root Maximizer 1 pound Soluble","Nutrients & Supplements",simple,0,,,,
15314,"Gro Pro® Root Master Pots","Pots & Containers",grouped,0,,,,
15315,"Black Plastic Buckets - 3 & 5 Gallon","Pots & Containers",grouped,0,,,,
15316,"standard 3.5 gallon black bucket","Pots & Containers",simple,0,,,,
15318,"Standard 5 Gallon Black Bucket","Pots & Containers",simple,0,,,,
15319,"Standard Black Bucket lid","Pots & Containers",simple,0,,,,
15320,"GRO PRO 12 AIR POT","Pots & Containers",simple,0,,,,
15326,"BI-PIN Socket adpter for PGZX18","Grow Lights Ballast",simple,0,,,,
15328,"315 Socket adapter for 38 mogal - 315 Socket Adapter for Lamp Base: PGZX18","Grow Lights Ballast",grouped,0,,,,
15348,"GREENPOWERLUMINAIRES 630 Remote","Grow Lights Ballast",grouped,0,,,,
15354,"The Ozone Generator 5,000 cu. ft.","Odor Control",grouped,0,,,,
15363,"Botanicare® Growilla Bud 2 - 5 - 4 & Veg 5 - 4 - 2","Nutrients & Supplements",grouped,0,,,,
15372,"Down To Earth Neem Seed Meal 6 - 1 - 2","Nutrients & Supplements",grouped,0,,,,
15376,"Down To Earth Granular Humic Acids","Nutrients & Supplements",grouped,0,,,,
15380,"Down To Earth Bone Meal 3 - 15 - 0","Nutrients & Supplements",grouped,0,,,,
15383,"Down To Earth Bone Meal - 25 lb","Nutrients & Supplements",simple,0,,,,
15384,"Down To Earth Vegan Mix 3 - 2 - 2","Nutrients & Supplements",grouped,0,,,,
15385,"Down To Earth Vegan Mix - 6 lb","Nutrients & Supplements",simple,0,,,,
15387,"Down To Earth Vegan Mix - 25 lb","Nutrients & Supplements",simple,0,,,,
15388,"Down To Earth Kelp Meal 1 - 0.1 - 2","Nutrients & Supplements",grouped,0,,,,
15389,"Down To Earth Kelp Meal - 5 lb","Nutrients & Supplements",simple,0,,,,
15391,"Down To Earth Kelp Meal - 20 lb","Nutrients & Supplements",simple,0,,,,
15392,"Down To Earth Fish Bone Meal 3 - 16 - 0","Nutrients & Supplements",grouped,0,,,,
15393,"Down To Earth Fish Bone Meal - 6 lb","Nutrients & Supplements",simple,0,,,,
15406,"Flora Bloom 15 gal","Nutrients & Supplements",simple,0,,,,
15408,"FloraGro 15 gal","Nutrients & Supplements",simple,0,,,,
15409,"FloraGro 55 gal","Nutrients & Supplements",simple,0,,,,
15410,"FloraGro 275 gal","Nutrients & Supplements",simple,0,,,,
15411,"Flora Bloom 275 gal","Nutrients & Supplements",simple,0,,,,
15437,"CALNESIUM Deficiency Correction Supplement","Nutrients & Supplements",grouped,0,,,,
15456,"Stick Thrip Leafminer Trap 5/Pack","Pest Control",simple,0,,,,
15503,"Carb O Naria 0-0-0.3","Nutrients & Supplements",grouped,0,,,,
15504,"CAR_BEAU_NARIA 0-0-.03  Qt. (12/cs)","Nutrients & Supplements",simple,0,,,,
15508,"Car- Beau- Naria 0-0-0.3 , 5 Gall","Nutrients & Supplements",simple,0,,,,
15543,"Eye Hortilux® CMH 315 Lamp","Grow Lights Ballast",simple,0,,,,
15549,"Ripen® 0.5-7-6 Quarts","Nutrients & Supplements",simple,0,,,,
16504,"Flashgro Roll","Reflective Wall Fabric",grouped,0,,,,
16621,"Dyna-Gro Pro Tekt 1qt","Nutrients & Supplements",simple,0,,,,
16622,"Dyna-Gro Pro Tekt 1gal","Nutrients & Supplements",simple,0,,,,
16700,"Terpinator 0 - 0 - 4","Nutrients & Supplements",grouped,0,,,,
32121,"TEAMING WITH FUNGI The Organic Growers Guide to Mycorrhizae","Books",simple,0,,,,
32124,"Teaming with Nutrients","Books",simple,0,,,,
61541,"Ed Rosenthal Marijuana Grower's Handbook","Books",grouped,0,,,,
62384,"Plant Life Easy Grow Plus 500 gm","Nutrients & Supplements",simple,0,,,,
62604,"Sun System RS 1850 LED","Grow Lights Ballast, LED Lighting",simple,0,,,,
62610,"DLI-DIODE-Series-LED Toplighting LED Fixture (Long)","LED Lighting",simple,0,,,,
62622,"Botanicare Organicare True Earth Potting Mix (O.M.R.I.)","Growing Medium",simple,0,,,,
62641,"Athena Blended Line","Nutrients & Supplements",simple,0,,,,
62645,"Athena Cleanse","Nutrients & Supplements",simple,0,,,,
62649,"Athena CaMg","Nutrients & Supplements",simple,0,,,,
62658,"Athena PK Bloom Booster-1 gallon","Nutrients & Supplements",simple,0,,,,
62663,"Athena Grow A 1 Gallon","Nutrients & Supplements",simple,0,,,,
62675,"Athena Grow B 1 Gallon","Nutrients & Supplements",simple,0,,,,
62688,"Athena CaMg 1 Gallon","Nutrients & Supplements",simple,0,,,,
62699,"Athena Bloom A 1- Gallon","Nutrients & Supplements",simple,0,,,,
62703,"Athena Bloom B 1 Gallon","Nutrients & Supplements",simple,0,,,,
62712,"Athena Stack 32 oz","Nutrients & Supplements",simple,0,,,,
62719,"Athena Balance 1 Gallon","Nutrients & Supplements",simple,0,,,,
62724,"Athena CaMg","Nutrients & Supplements",simple,0,,,,
62726,"Athena Bloom A - 1 Gallon","Nutrients & Supplements",simple,0,,,,
62784,"Athena Cuts Rooting Gel 7 oz.","Nutrients & Supplements",simple,0,,,,
62786,"Athena Cuts Rooting Gel Compound - 14oz","Nutrients & Supplements",simple,0,,,,
63059,"Teaming with Bacteria: The Organic Gardener’s Guide to Endophytic Bacteria and the Rhizophagy Cycle","Books",simple,0,,,,
63252,"Dutch Lighting Innovations APEX-Series LED Toplight 800 FS-DC, 208-400V","LED Lighting",simple,0,,,,
63253,"Dutch Lighting Innovations Diode-Series LED Multilayer 600 FS-DC, 208-400V","LED Lighting",simple,0,,,,
63528,"Scietetics Ful V Tech Element Transfer System Quart","Nutrients & Supplements",simple,0,,,,
63547,"MAKE AMERICA GROW AGAIN","pH/EC/TDS Meters & Solutions",simple,0,,,,
63673,"B'cuzZ Roxx Rooting Blocks 4 x 4 x 4 --Cs/24 strips @6 per strip","Growing Medium",simple,0,,,,
63789,"CLOUDRAY S9, Gen 2 Grow Tent Clip Fan 9”","Uncategorized",simple,0,,,,
63843,"Scietetics MagCal","Grow Tents AC INFINITY",simple,0,,,,
63859,"Scietetics MagCal 15 Gallon","Nutrients & Supplements",simple,0,,,,
63890,"SCIETETICS COCO 8 BLOCK /1.5Gal","Growing Medium, Nutrients & Supplements",simple,0,,,,
63979,"Seeds","Cannabis Seeds",simple,0,,,,