base_key,suggested_handle,legacy_handle,product_name,variant_title,variant_sku,variant_price,variant_compare_price,variant_inventory,variant_weight,variant_weight_unit,vendor,product_type,status,image_url
scietetics-ful-v-tech-element-transfer-system,scietetics-ful-v-tech-element-transfer-system,scietetics-ful-v-tech-element-transfer-system,Scietetics Ful V Tech Element Transfer System Quart,Default Title,,22.00,26.00,0,0.0,lb,H Moon Hydro,simple,active,https://cdn.shopify.com/s/files/1/0672/5730/3114/files/FUL-V_a05c1df2-dde6-4bdd-91bb-117e4b784257.png?v=1761679057
scietetics-ful-v-tech-element-transfer-system,scietetics-ful-v-tech-element-transfer-system,scietetics-ful-v-tech-element-transfer-system-15-gallon,Scietetics Ful V Tech Element Transfer System 15 Gallon,Default Title,,69.00,79.00,8,10.0,oz,H Moon Hydro,simple,draft,https://cdn.shopify.com/s/files/1/0672/5730/3114/files/FUL-V.png?v=1761679055
scietetics-ful-v-tech-element-transfer-system,scietetics-ful-v-tech-element-transfer-system,scietetics-ful-v-tech-element-transfer-system-2-5-gallon,Scietetics Ful V Tech Element Transfer System 2.5 Gallon,Default Title,,140.00,180.00,8,10.0,oz,H Moon Hydro,simple,active,https://cdn.shopify.com/s/files/1/0672/5730/3114/files/FUL-V_1ffea718-d73f-4a78-8e0a-3a65f5e84610.png?v=1761679055
scietetics-ful-v-tech-element-transfer-system,scietetics-ful-v-tech-element-transfer-system,scietetics-ful-v-tech-element-transfer-system-255-gallon,Scietetics Ful V Tech Element Transfer System 255 Gallon,Default Title,,14000.00,14800.00,3,10.0,oz,H Moon Hydro,simple,active,https://cdn.shopify.com/s/files/1/0672/5730/3114/files/FUL-V_1efeda64-3bc9-4f67-b5ff-f1005df74caa.png?v=1761679057
scietetics-ful-v-tech-element-transfer-system,scietetics-ful-v-tech-element-transfer-system,scietetics-ful-v-tech-element-transfer-system-5-gallon,Scietetics Ful V Tech Element Transfer System 5 Gallon,Default Title,,250.00,320.00,3,10.0,oz,H Moon Hydro,simple,active,https://cdn.shopify.com/s/files/1/0672/5730/3114/files/FUL-V_170972ef-4bdf-4dff-9b7f-1ce3360abbf6.png?v=1761679057
scietetics-ful-v-tech-element-transfer-system,scietetics-ful-v-tech-element-transfer-system,scietetics-ful-v-tech-element-transfer-system-55-gallon,Scietetics Ful V Tech Element Transfer System 55 Gallon,Default Title,,2999.00,3540.00,8,10.0,oz,H Moon Hydro,simple,active,https://cdn.shopify.com/s/files/1/0672/5730/3114/files/FUL-V_e0274918-0399-4eec-b6f9-10e173e8ba77.png?v=1761679057
scietetics-ful-v-tech-element-transfer-system,scietetics-ful-v-tech-element-transfer-system,scietetics-ful-v-tech-element-transfer-system-gallon,Scietetics Ful V Tech Element Transfer System Gallon,Default Title,,69.00,79.00,8,10.0,oz,H Moon Hydro,simple,active,https://cdn.shopify.com/s/files/1/0672/5730/3114/files/FUL-V_97f3c8dd-517a-4479-b209-5dfcf81abf65.png?v=1761679057
plantmax-mh-high-output-lumens,plantmax-mh-high-output-lumens,plantmax-1000w-72k-mh-high-output-90000-lumens,"Plantmax 1000W. 72K MH High Output 90,000 lumens",Default Title,hmh00869,79.99,,0,1.0,oz,H Moon Hydro,simple,active,
plantmax-mh-high-output-lumens,plantmax-mh-high-output-lumens,plantmax-1000w-72k-mh-high-output-90000-lumens-2,"Plantmax 1000W. 72K MH High Output 90,000 lumens",Default Title,hmh01733,79.99,,0,1.0,oz,H Moon Hydro,simple,active,
plantmax-mh-high-output-lumens,plantmax-mh-high-output-lumens,plantmax-1000w-mh-high-output-120000-lumens,"Plantmax 1000W. MH High Output 120,000 lumens",Default Title,hmh00867,59.95,,0,0.0,lb,H Moon Hydro,simple,active,
plantmax-mh-high-output-lumens,plantmax-mh-high-output-lumens,plantmax-250w-mh-high-output-24000-lumens,"Plantmax 250W. MH High Output 24,000 lumens",Default Title,hmh00865,29.95,,0,1.0,oz,H Moon Hydro,simple,active,
plantmax-mh-high-output-lumens,plantmax-mh-high-output-lumens,plantmax-400w-72k-mh-high-output-32000-lumens,"Plantmax 400W. 72K MH High Output 32,000 lumens",Default Title,hmh00868,19.99,39.99,0,4.0,oz,H Moon Hydro,simple,active,https://cdn.shopify.com/s/files/1/0672/5730/3114/files/plantmax-mh-conv-lamps_1.jpg?v=1761679025
plantmax-mh-high-output-lumens,plantmax-mh-high-output-lumens,plantmax-400w-mh-high-output-39000-lumens,"Plantmax 400W. MH High Output 39,000 lumens",Default Title,hmh00866,29.95,,0,1.0,oz,H Moon Hydro,simple,active,
scietetics-magcal,scietetics-magcal,scietetics-magcal,Scietetics MagCal,Default Title,,24.95,26.95,0,0.0,lb,H Moon Hydro,simple,active,https://cdn.shopify.com/s/files/1/0672/5730/3114/files/MAGCAL_V3_61e9a447-bb0f-4a6b-b988-d7c7ad570dc0.png?v=1761679059
scietetics-magcal,scietetics-magcal,scietetics-magcal-15-gallon,Scietetics MagCal 15 Gallon,Default Title,,650.00,700.00,0,0.0,lb,H Moon Hydro,simple,active,https://cdn.shopify.com/s/files/1/0672/5730/3114/files/MAGCAL_V3_6489227c-f83a-432d-b76a-30bccef37d2c.png?v=1761679060
scietetics-magcal,scietetics-magcal,scietetics-magcal-2-5gal,Scietetics MagCal  2.5Gal.,Default Title,,130.00,140.00,0,25.0,oz,H Moon Hydro,simple,active,https://cdn.shopify.com/s/files/1/0672/5730/3114/files/MAGCAL_V3_531498d5-cdf9-42c0-af88-522f46f66bbb.png?v=1761679059
scietetics-magcal,scietetics-magcal,scietetics-magcal-5-gallon,Scietetics MagCal 5 Gallon,Default Title,,245.00,255.00,0,60.0,oz,H Moon Hydro,simple,active,https://cdn.shopify.com/s/files/1/0672/5730/3114/files/MAGCAL_V3.png?v=1761679059
scietetics-magcal,scietetics-magcal,scietetics-magcal-gallon,Scietetics MagCal Gallon,Default Title,,60.00,70.00,0,0.0,lb,H Moon Hydro,simple,active,https://cdn.shopify.com/s/files/1/0672/5730/3114/files/MAGCAL_V3_383335d5-b215-41e6-8301-42fbd40e15c8.png?v=1761679066
bioroot,bioroot,bioroot-1-gal,BioRoot 1 gal,Default Title,hmh00250,52.70,,0,12.0,oz,H Moon Hydro,simple,active,https://cdn.shopify.com/s/files/1/0672/5730/3114/files/bioroot.jpg?v=1761678795
bioroot,bioroot,bioroot-1-qt,BioRoot 1 qt,Default Title,hmh00249,16.98,,0,3.0,oz,H Moon Hydro,simple,active,https://cdn.shopify.com/s/files/1/0672/5730/3114/files/bioroot_45169085-67a4-4c54-b75c-f076374f8ea3.jpg?v=1761678817
bioroot,bioroot,bioroot-2-5-gal,BioRoot 2.5 gal,Default Title,hmh00678,110.16,,0,0.0,lb,H Moon Hydro,simple,active,https://cdn.shopify.com/s/files/1/0672/5730/3114/files/bioroot_dfbeaa07-0f48-41a6-b5a7-6d089afb8c91.jpg?v=1761678807
bioroot,bioroot,bioroot-6-gal,BioRoot 6 gal,Default Title,hmh00679,226.16,,0,0.0,lb,H Moon Hydro,simple,active,https://cdn.shopify.com/s/files/1/0672/5730/3114/files/bioroot_7e8b2a27-a41e-4486-8b03-57f336563742.jpg?v=1761678807
holland-secret,holland-secret,holland-secret-micro-10l,Holland Secret Micro 10L,Default Title,hmh00287,150.00,,0,0.0,lb,H Moon Hydro,simple,active,https://cdn.shopify.com/s/files/1/0672/5730/3114/files/HSMicro_6810fe5d-cf4f-48fd-ad79-441b53086a98.jpg?v=1761678903
holland-secret,holland-secret,holland-secret-micro-1l,Holland Secret Micro 1L,Default Title,hmh00285,28.00,,0,0.0,lb,H Moon Hydro,simple,active,https://cdn.shopify.com/s/files/1/0672/5730/3114/files/HSMicro_b275f003-f36e-4da5-a17a-c53da4681a90.jpg?v=1761678916
holland-secret,holland-secret,holland-secret-micro-23l,Holland Secret Micro 23L,Default Title,hmh00288,299.00,,0,0.0,lb,H Moon Hydro,simple,active,https://cdn.shopify.com/s/files/1/0672/5730/3114/files/HSMicro_006961b9-087b-4099-9954-d59b6067ac5f.jpg?v=1761678916
holland-secret,holland-secret,holland-secret-micro-4l,Holland Secret Micro 4L,Default Title,hmh00286,74.00,,0,11.0,oz,H Moon Hydro,simple,active,https://cdn.shopify.com/s/files/1/0672/5730/3114/files/HSMicro.jpg?v=1761678903
holland-secret-bloom,holland-secret-bloom,holland-secret-bloom-1-l,Holland Secret Bloom 1 L,Default Title,hmh00296,24.99,,0,0.0,lb,H Moon Hydro,simple,active,https://cdn.shopify.com/s/files/1/0672/5730/3114/files/HSBloom_0992377c-51d6-4965-abcc-de1a7136ba9f.jpg?v=1761678916
holland-secret-bloom,holland-secret-bloom,holland-secret-bloom-10l,Holland Secret Bloom 10L,Default Title,hmh00298,189.00,,0,28.0,oz,H Moon Hydro,simple,active,https://cdn.shopify.com/s/files/1/0672/5730/3114/files/HSBloom_6c0ae3eb-dffc-4fa4-9b07-023c3be53116.jpg?v=1761678909
holland-secret-bloom,holland-secret-bloom,holland-secret-bloom-23l,Holland Secret Bloom 23L,Default Title,hmh00299,250.00,,0,70.0,oz,H Moon Hydro,simple,active,https://cdn.shopify.com/s/files/1/0672/5730/3114/files/HSBloom_93f8bebd-c342-41ab-9414-cd41cdfe25a9.jpg?v=1761678909
holland-secret-bloom,holland-secret-bloom,holland-secret-bloom-4l,Holland Secret Bloom 4L,Default Title,hmh00297,89.96,,0,0.0,lb,H Moon Hydro,simple,active,https://cdn.shopify.com/s/files/1/0672/5730/3114/files/HSBloom.jpg?v=1761678902
holland-secret-grow,holland-secret-grow,holland-secret-grow-10l,Holland Secret Grow 10L,Default Title,hmh00294,150.00,,0,28.0,oz,H Moon Hydro,simple,active,https://cdn.shopify.com/s/files/1/0672/5730/3114/files/HSGrow_e4257e54-0dd2-4ac2-a051-3b074eaf7e36.jpg?v=1761678909
holland-secret-grow,holland-secret-grow,holland-secret-grow-1l,Holland Secret Grow 1L,Default Title,hmh00292,24.99,,0,3.0,oz,H Moon Hydro,simple,active,https://cdn.shopify.com/s/files/1/0672/5730/3114/files/HSGrow_254e2cb9-a4cd-4c91-b0ba-766f462de382.jpg?v=1761678909
holland-secret-grow,holland-secret-grow,holland-secret-grow-23l,Holland Secret Grow 23L,Default Title,hmh00295,251.00,,0,70.0,oz,H Moon Hydro,simple,active,https://cdn.shopify.com/s/files/1/0672/5730/3114/files/HSGrow.jpg?v=1761678903
holland-secret-grow,holland-secret-grow,holland-secret-grow-4l,Holland Secret Grow 4L,Default Title,hmh00293,37.95,,0,11.0,oz,H Moon Hydro,simple,active,https://cdn.shopify.com/s/files/1/0672/5730/3114/files/HSGrow_678c03d2-7a4c-4ed0-bc1a-0a906c14b58f.jpg?v=1761678909
agrowlyte-plant-wash,agrowlyte-plant-wash,agrowlyte-plant-wash-30-gallon,AGrowlyte Plant Wash 30 gallon,Default Title,,750.00,800.00,0,0.0,lb,H Moon Hydro,simple,active,https://cdn.shopify.com/s/files/1/0672/5730/3114/files/Remove_background_project_24-3984733.webp?v=1761678775
agrowlyte-plant-wash,agrowlyte-plant-wash,agrowlyte-plant-wash-gallon,AgrowLyte Plant Wash Gallon,Default Title,,52.00,58.00,0,10.0,oz,H Moon Hydro,simple,active,https://cdn.shopify.com/s/files/1/0672/5730/3114/files/all-in-one_edited.webp?v=1761678785
agrowlyte-plant-wash,agrowlyte-plant-wash,agrowlyte-plant-wash-qt,AgrowLyte Plant Wash qt.,Default Title,,22.49,24.99,0,3.0,oz,H Moon Hydro,simple,active,https://cdn.shopify.com/s/files/1/0672/5730/3114/files/7d7f21a3-c72d-493c-bd89-770b08ddf777LX2YO0CAXsiiX4c9W0EBMjgQCIydIvsNqYwibogrK7x-OtOdpUm0jP0gIyONwIougdUj40YEUAFZThFls0.jpg?v=1761678785
holland-secret-h,holland-secret-h,holland-secret-micro-h-w-10l,Holland Secret Micro H.W 10L,Default Title,hmh00291,150.00,,0,28.0,oz,H Moon Hydro,simple,active,https://cdn.shopify.com/s/files/1/0672/5730/3114/files/HSMicro_e53a358f-2068-47e4-b559-1860bb520f8a.jpg?v=1761678922
holland-secret-h,holland-secret-h,holland-secret-micro-h-w-1l,Holland Secret Micro H.W. 1L,Default Title,hmh00289,29.00,,0,3.0,oz,H Moon Hydro,simple,active,https://cdn.shopify.com/s/files/1/0672/5730/3114/files/HSMicro_0d77ae8d-5492-45c4-bd54-2ed5734d09b4.jpg?v=1761678916
holland-secret-h,holland-secret-h,holland-secret-micro-h-w-4l,Holland Secret Micro H.W 4L,Default Title,hmh00290,74.00,,0,0.0,lb,H Moon Hydro,simple,active,https://cdn.shopify.com/s/files/1/0672/5730/3114/files/HSMicro_b1ebe558-1968-48f2-a149-d005f38586df.jpg?v=1761678903
hygrozyme,hygrozyme,hygrozyme-1-l,HYGROZYME 1 L,Default Title,hmh00445,36.99,,0,2.8,oz,H Moon Hydro,simple,active,https://cdn.shopify.com/s/files/1/0672/5730/3114/files/hygrozyme_bottles_3009f551-489b-4b51-8ae6-ab6bfe59e536.jpg?v=1761678949
hygrozyme,hygrozyme,hygrozyme-4-l,HYGROZYME 4 L,Default Title,hmh00446,135.25,,0,0.0,lb,H Moon Hydro,simple,active,https://cdn.shopify.com/s/files/1/0672/5730/3114/files/hygrozyme_bottles.jpg?v=1761678936
hygrozyme,hygrozyme,hygrozyme-500-ml,HYGROZYME 500 ml,Default Title,hmh00444,21.95,,0,0.0,lb,H Moon Hydro,simple,active,https://cdn.shopify.com/s/files/1/0672/5730/3114/files/hygrozyme_bottles_6b6625ba-ac40-41e4-b163-48fb8c5113f6.jpg?v=1761678943
light-switcher,light-switcher,120v-120v-4-light-switcher,120V - 120V 4 Light Switcher,Default Title,hmh01120,148.00,,0,4.0,oz,H Moon Hydro,simple,active,https://cdn.shopify.com/s/files/1/0672/5730/3114/files/GorZone_LS.jpg?v=1761678738
light-switcher,light-switcher,240v-120v-4-light-switcher,240V - 120v 4 Light Switcher,Default Title,hmh01121,145.00,,0,4.0,oz,H Moon Hydro,simple,active,https://cdn.shopify.com/s/files/1/0672/5730/3114/files/GorZone_LS_bcf568e6-fcaf-4c35-9269-62be579c4744.jpg?v=1761678740
light-switcher,light-switcher,240v-240v-4-light-switcher,240V - 240V 4 Light Switcher,Default Title,hmh01122,173.50,,0,4.0,oz,H Moon Hydro,simple,active,https://cdn.shopify.com/s/files/1/0672/5730/3114/files/GorZone_LS_f0c2f164-ddec-47a4-b7fc-4a80b5e7fbbb.jpg?v=1761678742
quick-roots-gel,quick-roots-gel,quick-roots-gel-2-oz,Quick Roots Gel 2 oz,Default Title,hmh00323,22.57,,0,0.1,oz,H Moon Hydro,simple,active,
quick-roots-gel,quick-roots-gel,quick-roots-gel-4-oz,Quick Roots Gel 4 oz,Default Title,hmh00324,27.27,,0,0.3,oz,H Moon Hydro,simple,active,
quick-roots-gel,quick-roots-gel,quick-roots-gel-8-oz,Quick Roots Gel 8 oz,Default Title,hmh00325,41.04,,0,0.5,oz,H Moon Hydro,simple,active,
silicium-bloom,silicium-bloom,silicium-bloom,"SiLICIUM Bloom, liter",Default Title,,299.00,330.00,0,8.0,oz,H Moon Hydro,simple,active,https://cdn.shopify.com/s/files/1/0672/5730/3114/files/SILBL1L_l_bc4d2891-cbd9-4cd3-b13b-e6bf8a6e7993.jpg?v=1761679081
silicium-bloom,silicium-bloom,silicium-bloom-250-ml,Silicium Bloom 250 ML,Default Title,,99.00,154.00,0,0.0,lb,H Moon Hydro,simple,active,https://cdn.shopify.com/s/files/1/0672/5730/3114/files/SILBL1L_l_41627204-f325-4f41-8060-4dbebd0bce94.jpg?v=1761679066
silicium-bloom,silicium-bloom,silicium-bloom-500-ml,Silicium Bloom 500 ML,Default Title,,199.00,230.00,0,0.0,lb,H Moon Hydro,simple,active,https://cdn.shopify.com/s/files/1/0672/5730/3114/files/SILBL1L_l.jpg?v=1761679066
solarmax-hps-lumens,solarmax-hps-lumens,solarmax-1000w-hps-w-147000-lumens,"SolarMax 1000W. HPS w/ 147,000 Lumens",Default Title,hmh00886,39.00,114.95,0,1.0,oz,H Moon Hydro,simple,active,https://cdn.shopify.com/s/files/1/0672/5730/3114/files/solarmax_red_box_21d5c5e9-56de-4d5a-bff9-344b198ab917.jpg?v=1761679089
solarmax-hps-lumens,solarmax-hps-lumens,solarmax-400w-hps-w-55000-lumens,"SolarMax 400W. HPS W/ 55,000 Lumens",Default Title,hmh00884,39.00,57.95,0,0.0,lb,H Moon Hydro,simple,active,https://cdn.shopify.com/s/files/1/0672/5730/3114/files/solarmax_red_box.jpg?v=1761679073
solarmax-hps-lumens,solarmax-hps-lumens,solarmax-600w-hps-w-95000-lumens,"SolarMax 600W. HPS W/ 95,000 Lumens",Default Title,hmh00885,29.00,83.95,0,1.0,oz,H Moon Hydro,simple,active,https://cdn.shopify.com/s/files/1/0672/5730/3114/files/solarmax_red_box_718f0a92-beba-4417-a066-ca62c5758d76.jpg?v=1761679089
aquaspinners,aquaspinners,aquaspinners,AquaSpinners,Default Title,hmh01199,1.15,,0,0.1,oz,H Moon Hydro,simple,active,https://cdn.shopify.com/s/files/1/0672/5730/3114/files/aquaspinner_ac019503-0858-4096-b8ac-2a03c7182988.jpg?v=1761678775
aquaspinners,aquaspinners,aquaspinners-2,AquaSpinners,Default Title,hmh01200,1.15,,0,0.0,lb,H Moon Hydro,simple,active,https://cdn.shopify.com/s/files/1/0672/5730/3114/files/aquaspinner.jpg?v=1761678764
athena-bloom-a,athena-bloom-a,athena-bloom-a-1-gallon,Athena Bloom A - 1 Gallon,Default Title,,45.00,,0,0.0,lb,H Moon Hydro,simple,active,https://cdn.shopify.com/s/files/1/0672/5730/3114/files/bloom-A.jpg?v=1761678775
athena-bloom-a,athena-bloom-a,athena-bloom-a-1-gallon-2,Athena Bloom A 1- Gallon,Default Title,,45.00,,0,0.0,lb,H Moon Hydro,simple,active,https://cdn.shopify.com/s/files/1/0672/5730/3114/files/LQ-BLA_1-Gal_01-1.jpg?v=1761678775
athena-camg,athena-camg,athena-camg-1-gallon,Athena CaMg 1 Gallon,Default Title,,45.00,,0,0.0,lb,H Moon Hydro,simple,active,https://cdn.shopify.com/s/files/1/0672/5730/3114/files/LQ-Cal-Mag-1.jpg?v=1761678775
athena-camg,athena-camg,athena-camg-2,Athena CaMg,Default Title,,45.00,,0,0.0,lb,H Moon Hydro,simple,active,https://cdn.shopify.com/s/files/1/0672/5730/3114/files/ca-mg.jpg?v=1761678765
big-bloom-liquid-plant-food,big-bloom-liquid-plant-food,big-bloom-liquid-plant-food-1-gal,Big Bloom Liquid Plant Food (1 gal),Default Title,hmh01084,57.79,,0,0.0,lb,H Moon Hydro,simple,active,https://cdn.shopify.com/s/files/1/0672/5730/3114/files/product_BIGBLOOM_8cd36234-252e-421c-8ed6-7d002e40abf3.jpg?v=1761678795
big-bloom-liquid-plant-food,big-bloom-liquid-plant-food,big-bloom-liquid-plant-food-1-qt,Big Bloom Liquid Plant Food (1 qt),Default Title,hmh01083,22.99,,0,0.0,lb,H Moon Hydro,simple,active,https://cdn.shopify.com/s/files/1/0672/5730/3114/files/product_BIGBLOOM.jpg?v=1761678795
block-cocos-nucifera,block-cocos-nucifera,block-cocos-nucifera-1-5-gal-8,"Block Cocos Nucifera 1.5 GAL 8""",Default Title,,4.79,4.99,0,1.0,oz,H Moon Hydro,simple,active,https://cdn.shopify.com/s/files/1/0672/5730/3114/files/Picsart_24-06-18_12-53-43-982.webp?v=1761678802
block-cocos-nucifera,block-cocos-nucifera,block-cocos-nucifera-1-gal,Block Cocos Nucifera 1 GAL,Default Title,,3.78,3.88,0,1.0,oz,H Moon Hydro,simple,active,https://cdn.shopify.com/s/files/1/0672/5730/3114/files/Coco_Feed_Schedule_-_josh_5eight.com_-_Phive.8_Mail_-_Google_Chrome_5_8_2025_2_11_07_PM.webp6.webp?v=1761678807
can-filter-ho-cfm-fan-combo-freight-shipping-only,can-filter-ho-cfm-fan-combo-freight-shipping-only,can-filter-100-w-8-ho-620-cfm-fan-combo-freight-shipping-only,"Can-Filter 100 W/ 8"" HO 620 CFM Fan Combo (freight shipping ONLY)",Default Title,hmh00700,555.53,,0,100.0,oz,H Moon Hydro,simple,active,
can-filter-ho-cfm-fan-combo-freight-shipping-only,can-filter-ho-cfm-fan-combo-freight-shipping-only,can-filter-75-w-8-ho-559-cfm-fan-combo-freight-shipping-only,"Can-Filter 75 W/ 8"" HO 559 CFM Fan Combo (freight shipping ONLY)",Default Title,hmh00699,551.08,,0,80.0,oz,H Moon Hydro,simple,active,
cfl-plantmax-warm-tube-lumens,cfl-plantmax-warm-tube-lumens,t5-cfl-2-plantmax-warm-24w-3000k-tube-2280-lumens,"T5 CFL 2' Plantmax Warm 24W 3000K tube 2,280 lumens",Default Title,hmh00880,8.95,,0,1.0,oz,H Moon Hydro,simple,active,
cfl-plantmax-warm-tube-lumens,cfl-plantmax-warm-tube-lumens,t5-cfl-4-plantmax-warm-54w-3000k-tube-4800-lumens,T5 CFL 4' Plantmax Warm 54W. 3000K tube 4800 lumens,Default Title,hmh00882,10.95,,0,0.0,lb,H Moon Hydro,simple,active,
chm-greenpower-luminaires,chm-greenpower-luminaires,315-chm-3k-greenpower-luminaires,315 CHM 3K GREENPOWER LUMINAIRES,Default Title,hmh01717,89.00,,0,0.0,lb,H Moon Hydro,simple,active,
chm-greenpower-luminaires,chm-greenpower-luminaires,315-chm-4k-greenpower-luminaires,315 CHM 4K GREENPOWER LUMINAIRES,Default Title,hmh01708,89.00,,0,0.0,lb,H Moon Hydro,simple,active,
dutch-lighting-innovations-joule-series-de,dutch-lighting-innovations-joule-series-de,dutch-lighting-innovations-joule-series-1000w-de-120v-240v,“Dutch Lighting Innovations”  JOULE-SERIES 1000W DE 120V – 240V,Default Title,,450.00,715.00,0,34.0,oz,H Moon Hydro,simple,active,https://cdn.shopify.com/s/files/1/0672/5730/3114/files/dlI-trio-images.jpg?v=1761678734
dutch-lighting-innovations-joule-series-de,dutch-lighting-innovations-joule-series-de,dutch-lighting-innovations-joule-series-1000w-de-220v-240v,“Dutch Lighting Innovations”  JOULE-SERIES 1000W DE 120V – 240V/ Skid (62 Fixtures),Default Title,SKID,19000.00,21700.00,62,1860.0,oz,H Moon Hydro,simple,active,https://cdn.shopify.com/s/files/1/0672/5730/3114/files/dlI-trio-images_38a0d11e-c7c7-40c8-a7b8-16f101b7de66.jpg?v=1761678734
gmo-auto-seed,gmo-auto-seed,gmo-8-auto-seed-8pk,GMO 8+ Auto-Seed 8pk,Default Title,,50.00,,0,0.25,oz,H Moon Hydro,simple,active,https://cdn.shopify.com/s/files/1/0672/5730/3114/files/Atlas-Seed-GMO-OG-1-1.webp?v=1761678909
gmo-auto-seed,gmo-auto-seed,gmo-auto-seed-8pk,GMO Auto-Seed 8pk,Default Title,,50.00,,0,0.25,oz,H Moon Hydro,simple,active,https://cdn.shopify.com/s/files/1/0672/5730/3114/files/Atlas-Seed-Grease-Gun-7.webp?v=1761678916
greenpowerlunimaires-remote-ballast,greenpowerlunimaires-remote-ballast,greenpowerlunimaires-315-remote-ballast,GREENPOWERLUNIMAIRES -315 REMOTE ballast,Default Title,hmh01696,80.00,169.00,0,0.0,lb,H Moon Hydro,simple,active,
greenpowerlunimaires-remote-ballast,greenpowerlunimaires-remote-ballast,greenpowerlunimaires-315-remote-ballast-2,GREENPOWERLUNIMAIRES -315 REMOTE ballast,Default Title,hmh01710,169.00,,0,0.0,lb,H Moon Hydro,simple,active,
humboldt-nutrients-calyx-magnum,humboldt-nutrients-calyx-magnum,humboldt-nutrients-calyx-magnum-2-0-0-gal,Humboldt Nutrients Calyx Magnum 2 - 0 - 0/Gal.,Default Title,hmh01663,48.00,,0,0.0,lb,H Moon Hydro,simple,active,
humboldt-nutrients-calyx-magnum,humboldt-nutrients-calyx-magnum,humboldt-nutrients-calyx-magnum-2-0-0-qt,Humboldt Nutrients Calyx Magnum 2 - 0 - 0/Qt.,Default Title,hmh01662,19.30,,0,0.0,lb,H Moon Hydro,simple,active,
hurricane-inline-fan,hurricane-inline-fan,hurricane-inline-fan-6,"Hurricane Inline Fan 6""",Default Title,hmh01245,129.95,,0,12.0,oz,H Moon Hydro,simple,active,
hurricane-inline-fan,hurricane-inline-fan,hurricane-inline-fan-8,"Hurricane Inline Fan 8""",Default Title,hmh01246,169.95,,0,0.0,lb,H Moon Hydro,simple,active,
nanotech-reflector-for-sunblaster,nanotech-reflector-for-sunblaster,2-nanotech-reflector-for-sunblaster-t5,2' Nanotech Reflector for Sunblaster T5,Default Title,hmh01478,14.95,,0,1.0,oz,H Moon Hydro,simple,active,
nanotech-reflector-for-sunblaster,nanotech-reflector-for-sunblaster,4-nanotech-reflector-for-sunblaster-t5,4' Nanotech Reflector for Sunblaster T5,Default Title,hmh01480,19.95,,0,2.0,oz,H Moon Hydro,simple,active,
plantmax-dual-arc-tube-lamps,plantmax-dual-arc-tube-lamps,plantmax-dual-arc-tube-lamps,Plantmax Dual Arc Tube Lamps,Default Title,hmh00599,55.00,159.95,0,4.0,oz,H Moon Hydro,simple,active,https://cdn.shopify.com/s/files/1/0672/5730/3114/files/Plantmax-Dual-Arc-1000W-Hybrid-HPSMH.jpg?v=1761679028
plantmax-dual-arc-tube-lamps,plantmax-dual-arc-tube-lamps,plantmax-dual-arc-tube-lamps-2,Plantmax Dual Arc Tube Lamps,Default Title,hmh01722,159.95,,0,0.0,lb,H Moon Hydro,simple,active,https://cdn.shopify.com/s/files/1/0672/5730/3114/files/Plantmax-Dual-Arc-1000W-Hybrid-HPSMH_3832216e-7e8d-49ca-ab6a-f7b896b3162d.jpg?v=1761679028
sensi-bloom-part-a,sensi-bloom-part-a,sensi-bloom-part-a-1-gal,Sensi Bloom part A (1 gal),Default Title,hmh01052,40.56,,0,12.0,oz,H Moon Hydro,simple,active,https://cdn.shopify.com/s/files/1/0672/5730/3114/files/SensiBloomA.jpg?v=1761679065
sensi-bloom-part-a,sensi-bloom-part-a,sensi-bloom-part-a-2-5-gal,Sensi Bloom part A (2.5 gal),Default Title,hmh01053,82.50,,0,28.0,oz,H Moon Hydro,simple,active,https://cdn.shopify.com/s/files/1/0672/5730/3114/files/SensiBloomA_a8920236-bd34-4566-8b39-e279b4b3cf03.jpg?v=1761679065
silicium-mono-si,silicium-mono-si,silicium-mono-si-250-ml,SiLICIUM mono si 250 ml,Default Title,,85.00,105.00,0,0.0,lb,H Moon Hydro,simple,active,https://cdn.shopify.com/s/files/1/0672/5730/3114/files/Silicium.jpg?v=1761679066
silicium-mono-si,silicium-mono-si,silicium-mono-si-500-ml,SiLICIUM mono si 500 ml,Default Title,,199.00,210.00,0,1.0,oz,H Moon Hydro,simple,active,https://cdn.shopify.com/s/files/1/0672/5730/3114/files/Silicium-silicic-acid_5.8-DISTRIBUTION.webp?v=1761679082
spray-n-grow,spray-n-grow,spray-n-grow-16oz,Spray N Grow 16oz.,Default Title,,12.50,24.99,0,5.0,oz,H Moon Hydro,simple,active,https://cdn.shopify.com/s/files/1/0672/5730/3114/files/32-oz.-sprayNgrow_0d2069fd-1aa8-452f-ad60-643ef5937c61.jpg?v=1761679096
spray-n-grow,spray-n-grow,spray-n-grow-32-oz,Spray N Grow 32 oz.,Default Title,,19.99,40.00,0,10.0,oz,H Moon Hydro,simple,active,https://cdn.shopify.com/s/files/1/0672/5730/3114/files/32-oz.-sng.jpg?v=1761679073
stealth-ro-customized-reverse-osmosis-filter,stealth-ro-customized-reverse-osmosis-filter,stealth-ro-100-customized-reverse-osmosis-filter,Stealth RO 150 Customized Reverse Osmosis filter,Default Title,hmh00578,250.00,325.00,0,0.0,lb,H Moon Hydro,simple,active,https://cdn.shopify.com/s/files/1/0672/5730/3114/files/stealth100.jpg?v=1761679073
stealth-ro-customized-reverse-osmosis-filter,stealth-ro-customized-reverse-osmosis-filter,stealth-ro-300-customized-reverse-osmosis-filter,Stealth RO 300 Customized Reverse Osmosis filter,Default Title,hmh00577,299.00,450.00,0,0.0,lb,H Moon Hydro,simple,active,https://cdn.shopify.com/s/files/1/0672/5730/3114/files/stealth200.jpg?v=1761679073
sunblaster,sunblaster,sunblaster-125w-cf-2500k-2,Sunblaster 125W CF 2500k,Default Title,hmh01704,59.95,,0,0.0,lb,H Moon Hydro,simple,active,
sunblaster,sunblaster,sunblaster-200w-cf-6400k-2,Sunblaster 200W CF 6400k,Default Title,hmh01705,109.95,,0,0.0,lb,H Moon Hydro,simple,active,
x-pressing-screen,x-pressing-screen,5-gal-4-bag-kit-w-12-x-10-pressing-screen,"5 Gal, 4 bag Kit w/12"" x 10"" pressing screen",Default Title,hmh00820,134.95,,0,12.0,oz,H Moon Hydro,simple,active,https://cdn.shopify.com/s/files/1/0672/5730/3114/files/guano_bags_5432064a-7f5c-487c-aa79-e6a63500893a.jpg?v=1761678749
x-pressing-screen,x-pressing-screen,5-gal-9-bag-kit-w-12-x-10-pressing-screen,"5 Gal, 9 bag Kit w/12"" x 10"" pressing screen",Default Title,hmh00821,250.00,,0,16.0,oz,H Moon Hydro,simple,active,https://cdn.shopify.com/s/files/1/0672/5730/3114/files/guano_bags.jpg?v=1761678749
