base_key,handle_count,category,has_consolidated_handle,sku_match_ratio,suggested_action,handles,sample_product_names,vendors,product_types
can-pre-filter,8,archive,no,1.00,Archive legacy single products; already covered in consolidated import,can-100-pre-filter|can-125-pre-filter|can-150-pre-filter|can-33-pre-filter|can-50-pre-filter|can-66-pre-filter|can-700-pre-filter|can-75-pre-filter,CAN 100 Pre-Filter|CAN 125 Pre-Filter|CAN 150 Pre-Filter|CAN 33 Pre-Filter|CAN 50 Pre-Filter,H Moon Hydro,simple
floragro,8,archive,no,1.00,Archive legacy single products; already covered in consolidated import,floragro-1-gal|floragro-1-qt|floragro-15-gal|floragro-16-oz|floragro-2-5-gal|floragro-275-gal|floragro-55-gal|floragro-6-gal,FloraGro 1 gal|FloraGro 1 qt|FloraGro 15 gal|FloraGro 16 oz|FloraGro 2.5 gal,H Moon Hydro,simple
the-root-handle,8,archive,no,1.00,Archive legacy single products; already covered in consolidated import,the-root-pouch-100-gallon-w-handle|the-root-pouch-15-gallon-w-handle|the-root-pouch-20-gallon-w-handle|the-root-pouch-25-gallon-w-handle|the-root-pouch-30-gallon-w-handle|the-root-pouch-35-gallon-w-handle|the-root-pouch-45-gallon-w-handle|the-root-pouch-65-gallon-w-handle,The Root Pouch 100 Gallon w/ Handle|The Root Pouch 15 gallon w/ Handle|The Root Pouch 20 Gallon w/ Handle|The Root Pouch 25 Gallon w/ Handle|The Root Pouch 30 Gallon w/ Handle,H Moon Hydro,simple
flora,7,archive,no,0.86,Archive legacy single products; already covered in consolidated import,flora-micro-1-gal|flora-micro-1-qt|flora-micro-15-gal|flora-micro-16-oz|flora-micro-2-5-gal|flora-micro-55-gal|flora-micro-6-gal,Flora Micro 1 gal|Flora Micro 1 qt|Flora Micro 15 gal|Flora Micro 16 oz|Flora Micro 2.5 gal,H Moon Hydro,simple
flora-bloom,7,archive,no,1.00,Archive legacy single products; already covered in consolidated import,flora-bloom-1-gal|flora-bloom-1-qt|flora-bloom-15-gal|flora-bloom-16-oz|flora-bloom-2-5-gal|flora-bloom-275-gal|flora-bloom-6-gal,Flora Bloom 1 gal|Flora Bloom 1 qt|Flora Bloom 15 gal|Flora Bloom 16 oz|Flora Bloom 2.5 gal,H Moon Hydro,simple
scietetics-ful-v-tech-element-transfer-system,7,create,no,0.00,Create new variant group,scietetics-ful-v-tech-element-transfer-system|scietetics-ful-v-tech-element-transfer-system-15-gallon|scietetics-ful-v-tech-element-transfer-system-2-5-gallon|scietetics-ful-v-tech-element-transfer-system-255-gallon|scietetics-ful-v-tech-element-transfer-system-5-gallon|scietetics-ful-v-tech-element-transfer-system-55-gallon|scietetics-ful-v-tech-element-transfer-system-gallon,Scietetics Ful V Tech Element Transfer System 15 Gallon|Scietetics Ful V Tech Element Transfer System 2.5 Gallon|Scietetics Ful V Tech Element Transfer System 255 Gallon|Scietetics Ful V Tech Element Transfer System 5 Gallon|Scietetics Ful V Tech Element Transfer System 55 Gallon,H Moon Hydro,simple
bloom-natural,6,archive,yes,1.00,Archive legacy single products; already covered in consolidated import,bloom-natural|bloom-natural-1-gal|bloom-natural-1-qt|bloom-natural-15-gal|bloom-natural-2-5-gal|bloom-natural-5-gal,Bloom Natural|Bloom Natural 1 gal|Bloom Natural 1 qt|Bloom Natural 15 gal|Bloom Natural 2.5 gal,H Moon Hydro,grouped|simple
calimagic,6,archive,yes,1.00,Archive legacy single products; already covered in consolidated import,calimagic|calimagic-16oz|calimagic-2-5-gal|calimagic-6-gal|calimagic-gal|calimagic-qt,CALiMAGic|CALiMAGic 16oz|CALiMAGic 2.5 gal|CALiMAGic 6 gal|CALiMAGic gal,H Moon Hydro,grouped|simple
can-filter-od-high-flange-size-cfm,6,archive,no,1.00,Archive legacy single products; already covered in consolidated import,can-100-filter-16-5-od-39-4-high-8-flange-size-840-cfm|can-125-filter-16-5-od-49-2-high-10-flange-size-1110-cfm|can-33-filter-12-od-13-high-6-flange-size-200-cfm|can-50-filter-16-5-od-19-8-high-8-flange-size-420-cfm|can-66-filter-12-od-26-high-8-flange-size-412-cfm|can-75-filter-16-5-od-29-5-high-8-flange-size-600-cfm,"CAN 100 Filter 16.5"" OD, 39.4"" high, 8"" flange size, 840 CFM|CAN 125 Filter 16.5"" OD, 49.2"" high, 10"" flange size, 1110 CFM|CAN 33 Filter 12"" OD, 13"" high, 6"" flange size, 200 CFM|CAN 50 Filter 16.5"" OD, 19.8"" high, 8"" flange size, 420 CFM|CAN 66 Filter 12"" OD, 26"" high, 8"" flange size, 412 CFM",H Moon Hydro,simple
liquid-bud-boom,6,archive,no,1.00,Archive legacy single products; already covered in consolidated import,liquid-bud-boom-1l|liquid-bud-boom-2-5-gal|liquid-bud-boom-250ml|liquid-bud-boom-4l|liquid-bud-boom-500ml|liquid-bud-boom-6-gal,Liquid Bud Boom  2.5 gal|Liquid Bud Boom 1L|Liquid Bud Boom 250ml|Liquid Bud Boom 4L|Liquid Bud Boom 500ml,H Moon Hydro,simple
liquid-ton-o-bud,6,archive,no,1.00,Archive legacy single products; already covered in consolidated import,liquid-ton-o-bud-1l|liquid-ton-o-bud-2-5-gal|liquid-ton-o-bud-250ml|liquid-ton-o-bud-4l|liquid-ton-o-bud-500ml|liquid-ton-o-bud-6-gal,Liquid Ton O Bud 6 gal|Liquid Ton-O-Bud 1L|Liquid Ton-O-Bud 2.5 gal|Liquid Ton-O-Bud 250ml|Liquid Ton-O-Bud 4L,H Moon Hydro,simple
max-fan-cfm,6,archive,no,1.00,Archive legacy single products; already covered in consolidated import,10-max-fan-1023-cfm|12-max-fan-1709-cfm|14-max-fan-1823-cfm|16-max-fan-2436-cfm|18-max-fan-3490-cfm|8-max-fan-675-cfm,"10"" Max-Fan, 1023 CFM|12"" Max-Fan, 1709 CFM|14"" Max-Fan, 1823 CFM|16"" Max-Fan, 2436 CFM|18"" Max-Fan, 3490 CFM",H Moon Hydro,simple
plantmax-hps-high-output-lumens,6,archive,no,1.00,Archive legacy single products; already covered in consolidated import,plantmax-150w-hps-high-output-16000-lumens|plantmax-250w-hps-high-output-29000-lumens|plantmax-400w-hps-high-output-50000-lumens|plantmax-430w-hps-high-output-58000-lumens|plantmax-600w-hps-high-output-90000-lumens|plantmax-750w-hps-high-output-106000-lumens,"Plantmax 150W. HPS High Output 16,000 lumens|Plantmax 250W. HPS High Output 29,000 lumens|Plantmax 400W. HPS High Output 50,000 lumens|Plantmax 430W. HPS High Output 58,000 lumens|Plantmax 600W. HPS High Output 90,000 lumens",H Moon Hydro,simple
plantmax-mh-high-output-lumens,6,create,no,0.00,Create new variant group,plantmax-1000w-72k-mh-high-output-90000-lumens|plantmax-1000w-72k-mh-high-output-90000-lumens-2|plantmax-1000w-mh-high-output-120000-lumens|plantmax-250w-mh-high-output-24000-lumens|plantmax-400w-72k-mh-high-output-32000-lumens|plantmax-400w-mh-high-output-39000-lumens,"Plantmax 1000W. 72K MH High Output 90,000 lumens|Plantmax 1000W. MH High Output 120,000 lumens|Plantmax 250W. MH High Output 24,000 lumens|Plantmax 400W. 72K MH High Output 32,000 lumens|Plantmax 400W. MH High Output 39,000 lumens",H Moon Hydro,simple
pre-filter-for-model-pro,6,archive,no,1.00,Archive legacy single products; already covered in consolidated import,pre-filter-for-model-pro-100|pre-filter-for-model-pro-125|pre-filter-for-model-pro-45s|pre-filter-for-model-pro-50|pre-filter-for-model-pro-70s|pre-filter-for-model-pro-75,Pre-Filter for Model Pro 100|Pre-Filter for Model Pro 125|Pre-Filter for Model Pro 45s|Pre-Filter for Model Pro 50|Pre-Filter for Model Pro 70s,H Moon Hydro,simple
thick-mylar-roll,6,archive,no,1.00,Archive legacy single products; already covered in consolidated import,1mm-thick-100-mylar-roll|1mm-thick-25-mylar-roll|1mm-thick-50-mylar-roll|2mm-thick-100-mylar-roll|2mm-thick-25-mylar-roll|2mm-thick-50-mylar-roll,1mm Thick 100' Mylar Roll|1mm Thick 25' Mylar Roll|1mm Thick 50' Mylar Roll|2mm Thick 100' Mylar Roll|2mm Thick 25' Mylar Roll,H Moon Hydro,simple
biobud,5,archive,yes,1.00,Archive legacy single products; already covered in consolidated import,biobud|biobud-1-gal|biobud-1-qt|biobud-2-5-gal|biobud-6-gal,BioBud|BioBud 1 gal|BioBud 1 qt|BioBud 2.5 gal|BioBud 6 gal,H Moon Hydro,grouped|simple
biomarine,5,archive,yes,1.00,Archive legacy single products; already covered in consolidated import,biomarine|biomarine-1-gal|biomarine-1-qt|biomarine-2-5-gal|biomarine-6-gal,BioMarine|BioMarine 1 gal|BioMarine 1 qt|BioMarine 2.5 gal|BioMarine 6 gal,H Moon Hydro,grouped|simple
bioweed,5,archive,yes,1.00,Archive legacy single products; already covered in consolidated import,bioweed|bioweed-1-gal|bioweed-1-qt|bioweed-2-5-gal|bioweed-6-gal,BioWeed|BioWeed 1 gal|BioWeed 1 qt|BioWeed 2.5 gal|BioWeed 6 gal,H Moon Hydro,grouped|simple
camg,5,archive,yes,1.00,Archive legacy single products; already covered in consolidated import,camg|camg-1-gal|camg-1-qt|camg-2-5-gal|camg-6-gal,CaMg+|CaMg+ 1 gal|CaMg+ 1 qt|CaMg+ 2.5 gal|CaMg+ 6 gal,H Moon Hydro,grouped|simple
clonex-mycorrhizae-root-maximizer-soluble,5,archive,no,1.00,Archive legacy single products; already covered in consolidated import,clonex-mycorrhizae-root-maximizer-1-pound-soluble|clonex-mycorrhizae-root-maximizer-4-oz-soluble|clonex-mycorrhizae-root-maximizer-4-oz-soluble-2|clonex-mycorrhizae-root-maximizer-8-oz-soluble|clonex-mycorrhizae-root-maximizer-8-oz-soluble-2,Clonex Mycorrhizae Root Maximizer 1 pound Soluble|Clonex Mycorrhizae Root Maximizer 4 OZ Soluble|Clonex Mycorrhizae Root Maximizer 8 OZ Soluble,H Moon Hydro,simple
diamond-black,5,archive,yes,1.00,Archive legacy single products; already covered in consolidated import,diamond-black|diamond-black-1-gal|diamond-black-1-qt|diamond-black-2-5-gal|diamond-black-6-gal,Diamond Black|Diamond Black 1 gal|Diamond Black 1 qt|Diamond Black 2.5 gal|Diamond Black 6 gal,H Moon Hydro,grouped|simple
diamond-nectar,5,archive,yes,1.00,Archive legacy single products; already covered in consolidated import,diamond-nectar|diamond-nectar-1-gal|diamond-nectar-1-qt|diamond-nectar-2-5-gal|diamond-nectar-6-gal,Diamond Nectar|Diamond Nectar 1 gal|Diamond Nectar 1 qt|Diamond Nectar 2.5 gal|Diamond Nectar 6 gal,H Moon Hydro,grouped|simple
flavor-ful,5,archive,yes,1.00,Archive legacy single products; already covered in consolidated import,flavor-ful|flavor-ful-1-gal|flavor-ful-1-qt|flavor-ful-2-5-gal|flavor-ful-5-gal,Flavor-Ful|Flavor-Ful 1 gal|Flavor-Ful 1 qt|Flavor-Ful 2.5 gal|Flavor-Ful 5 gal,H Moon Hydro,grouped|simple
florablend,5,archive,yes,1.00,Archive legacy single products; already covered in consolidated import,florablend|florablend-2-5-gal|florablend-6-gal|florablend-gal|florablend-qt,FloraBlend|FloraBlend 2.5 gal|FloraBlend 6 gal|FloraBlend gal|FloraBlend qt,H Moon Hydro,grouped|simple
floraduo-a,5,archive,no,1.00,Archive legacy single products; already covered in consolidated import,floraduo-a-1-gal|floraduo-a-1-qt|floraduo-a-16-oz|floraduo-a-2-5-gal|floraduo-a-6-gal,FloraDuo A 1 gal|FloraDuo A 1 qt|FloraDuo A 16 oz|FloraDuo A 2.5 gal|FloraDuo A 6 gal,H Moon Hydro,simple
floraduo-b,5,archive,no,1.00,Archive legacy single products; already covered in consolidated import,floraduo-b-1-gal|floraduo-b-1-qt|floraduo-b-16-oz|floraduo-b-2-5-gal|floraduo-b-6-gal,FloraDuo B 1 gal|FloraDuo B 1 qt|FloraDuo B 16 oz|FloraDuo B 2.5 gal|FloraDuo B 6 gal,H Moon Hydro,simple
floralicious-plus,5,archive,yes,1.00,Archive legacy single products; already covered in consolidated import,floralicious-plus|floralicious-plus-1-gal|floralicious-plus-16-oz|floralicious-plus-32-oz|floralicious-plus-8-oz,Floralicious Plus|Floralicious Plus 1 gal|Floralicious Plus 16 oz|Floralicious Plus 32 oz|Floralicious Plus 8 oz,H Moon Hydro,grouped|simple
grow-natural,5,archive,yes,1.00,Archive legacy single products; already covered in consolidated import,grow-natural|grow-natural-1-gal|grow-natural-1-qt|grow-natural-2-5-gal|grow-natural-5-gal,Grow Natural|Grow Natural 1 gal|Grow Natural 1 qt|Grow Natural 2.5 gal|Grow Natural 5 gal,H Moon Hydro,grouped|simple
hose-clamps,5,archive,no,1.00,Archive legacy single products; already covered in consolidated import,10-in-hose-clamps|12-in-hose-clamps|4-in-hose-clamps|6-in-hose-clamps|8-in-hose-clamps,10 in. hose clamps|12 in. hose clamps|4 in. hose clamps|6 in. hose clamps|8 in. hose clamps,H Moon Hydro,simple
humboldt-bloom,5,archive,yes,1.00,Archive legacy single products; already covered in consolidated import,humboldt-bloom-0-6-5|humboldt-bloom-1-gal|humboldt-bloom-1-qt|humboldt-bloom-2-5-gal|humboldt-bloom-5-gal,Humboldt Bloom  2.5 gal|Humboldt Bloom 0-6-5|Humboldt Bloom 1 gal|Humboldt Bloom 1 qt|Humboldt Bloom 5 gal,H Moon Hydro,grouped|simple
humboldt-grow,5,archive,yes,1.00,Archive legacy single products; already covered in consolidated import,humboldt-grow-1-gal|humboldt-grow-1-qt|humboldt-grow-2-1-6|humboldt-grow-2-5-gal|humboldt-grow-5-gal,Humboldt Grow 1 gal|Humboldt Grow 1 qt|Humboldt Grow 2-1-6|Humboldt Grow 2.5 gal|Humboldt Grow 5 gal,H Moon Hydro,grouped|simple
humboldt-oneness,5,archive,no,1.00,Archive legacy single products; already covered in consolidated import,humboldt-oneness-1-gal|humboldt-oneness-1-qt|humboldt-oneness-15-gal|humboldt-oneness-2-5-gal|humboldt-oneness-5-gal,Humboldt Oneness 1 gal|Humboldt Oneness 1 qt|Humboldt Oneness 15 gal|Humboldt Oneness 2.5 gal|Humboldt Oneness 5 gal,H Moon Hydro,simple
humboldt-roots,5,archive,yes,1.00,Archive legacy single products; already covered in consolidated import,humboldt-roots|humboldt-roots-125-ml|humboldt-roots-250-ml|humboldt-roots-50-ml|humboldt-roots-500-ml,Humboldt Roots|Humboldt Roots 125 ml|Humboldt Roots 250 ml|Humboldt Roots 50 ml|Humboldt Roots 500 ml,H Moon Hydro,grouped|simple
liquid-bud-start,5,archive,no,1.00,Archive legacy single products; already covered in consolidated import,liquid-bud-start-1l|liquid-bud-start-250ml|liquid-bud-start-4l|liquid-bud-start-500ml|liquid-bud-start-6-gal,Liquid Bud Start  6 gal|Liquid Bud Start 1L|Liquid Bud Start 250ml|Liquid Bud Start 4L|Liquid Bud Start 500ml,H Moon Hydro,simple
liquid-carbo-blast,5,archive,no,1.00,Archive legacy single products; already covered in consolidated import,liquid-carbo-blast-1l|liquid-carbo-blast-2-5-gal|liquid-carbo-blast-4l|liquid-carbo-blast-500ml|liquid-carbo-blast-6-gal,Liquid Carbo Blast 1L|Liquid Carbo Blast 2.5 Gal|Liquid Carbo Blast 4L|Liquid Carbo Blast 500ml|Liquid Carbo Blast 6 Gal.,H Moon Hydro,simple
liquid-koolbloom,5,archive,no,1.00,Archive legacy single products; already covered in consolidated import,liquid-koolbloom-0-10-10|liquid-koolbloom-0-10-11|liquid-koolbloom-1-gal|liquid-koolbloom-2-5-gal|liquid-koolbloom-6-gal,Liquid KoolBloom 1 gal|Liquid KoolBloom 2.5 gal|Liquid KoolBloom 6 gal|Liquid KoolBloom™ 0 - 10 - 10,H Moon Hydro,grouped|simple
mayan-microzyme,5,archive,yes,1.00,Archive legacy single products; already covered in consolidated import,mayan-microzyme|mayan-microzyme-1-qt|mayan-microzyme-16-oz|mayan-microzyme-4-oz|mayan-microzyme-8-oz,Mayan Microzyme|Mayan Microzyme 1 qt|Mayan Microzyme 16 oz|Mayan Microzyme 4 oz|Mayan Microzyme 8 oz,H Moon Hydro,grouped|simple
myco-madness-soluble,5,archive,yes,1.00,Archive legacy single products; already covered in consolidated import,myco-madness-soluble|myco-madness-soluble-1-lb|myco-madness-soluble-4-oz|myco-madness-soluble-5-lbs|myco-madness-soluble-8-oz,Myco Madness Soluble|Myco Madness Soluble 1 lb|Myco Madness Soluble 4 oz|Myco Madness Soluble 5 lbs|Myco Madness Soluble 8 oz,H Moon Hydro,grouped|simple
rapid-start,5,archive,yes,1.00,Archive legacy single products; already covered in consolidated import,rapid-start|rapid-start-1-pt|rapid-start-1-qt|rapid-start-125-ml|rapid-start-275-ml,Rapid Start|Rapid Start 1 pt|Rapid Start 1 qt|Rapid Start 125 ml|Rapid Start 275 ml,H Moon Hydro,grouped|simple
scietetics-magcal,5,create,no,0.00,Create new variant group,scietetics-magcal|scietetics-magcal-15-gallon|scietetics-magcal-2-5gal|scietetics-magcal-5-gallon|scietetics-magcal-gallon,Scietetics MagCal|Scietetics MagCal  2.5Gal.|Scietetics MagCal 15 Gallon|Scietetics MagCal 5 Gallon|Scietetics MagCal Gallon,H Moon Hydro,simple
the-root,5,archive,no,1.00,Archive legacy single products; already covered in consolidated import,the-root-pouch-1-gallon|the-root-pouch-10-gallon|the-root-pouch-2-gallon|the-root-pouch-3-gallon|the-root-pouch-7-gallon,The Root Pouch 1 Gallon|The Root Pouch 10 Gallon|The Root Pouch 2 Gallon|The Root Pouch 3 Gallon|The Root Pouch 7 Gallon,H Moon Hydro,simple
x-flexible-duct-clamps-included,5,archive,no,1.00,Archive legacy single products; already covered in consolidated import,10-in-x-25-ft-flexible-duct-w-2-clamps-included|12-in-x-25-ft-flexible-duct-w-2-clamps-included|4-in-x-25-ft-flexible-duct-w-2-clamps-included|6-in-x-25-ft-flexible-duct-w-2-clamps-included|8-in-x-25-ft-flexible-duct-w-2-clamps-included,10 in. x 25 ft flexible duct w/ 2 clamps included|12 in. x 25 ft flexible duct w/ 2 clamps included|4 in. x 25 ft flexible duct w/ 2 clamps included|6 in. x 25 ft flexible duct W/ 2 clamps included|8 in. x 25 ft flexible duct w / 2 clamps included,H Moon Hydro,simple
apatite,4,archive,yes,1.00,Archive legacy single products; already covered in consolidated import,pk-apatite|pk-apatite-2-5-gal|pk-apatite-gal|pk-apatite-qt,PK APATITE|PK APATITE 2.5 Gal.|PK APATITE Gal|PK APATITE Qt.,H Moon Hydro,grouped|simple
autumn,4,archive,yes,1.00,Archive legacy single products; already covered in consolidated import,autumn|autumn-2-5-gallon|autumn-gallon|autumn-quart,Autumn|Autumn 2.5 Gallon|Autumn Gallon|Autumn Quart,H Moon Hydro,grouped|simple
backdraft-damper,4,archive,no,1.00,Archive legacy single products; already covered in consolidated import,10-in-backdraft-damper|12-in-backdraft-damper|6-in-backdraft-damper|8-in-backdraft-damper,10 in. Backdraft Damper|12 in. Backdraft Damper|6 in. Backdraft Damper|8 in. Backdraft Damper,H Moon Hydro,simple
badboy-t-lamp-fixture,4,archive,no,1.00,Archive legacy single products; already covered in consolidated import,badboy-t-5-4-ft-16-lamp-fixture-864-w|badboy-t-5-4-ft-4-lamp-fixture-216-w|badboy-t-5-4-ft-6-lamp-fixture-324-w|badboy-t-5-4-ft-8-lamp-fixture-432-w,BADBOY T-5 4 ft - 16 Lamp Fixture 864 W|BADBOY T-5 4 ft - 4 Lamp Fixture 216 W|BADBOY T-5 4 ft - 6 Lamp Fixture 324 W|BADBOY T-5 4 ft - 8 Lamp Fixture 432 W,H Moon Hydro,simple
bcuzz-growth-stimulator,4,archive,yes,1.00,Archive legacy single products; already covered in consolidated import,bcuzz-growth-stimulator|bcuzz-growth-stimulator-1-gal|bcuzz-growth-stimulator-1-qt|bcuzz-growth-stimulator-12oz,B'Cuzz Growth Stimulator|B'Cuzz Growth Stimulator - 1 gal|B'Cuzz Growth Stimulator - 1 qt|B'Cuzz Growth Stimulator - 12oz,H Moon Hydro,grouped|simple
bcuzz-root-stimulator,4,archive,yes,1.00,Archive legacy single products; already covered in consolidated import,bcuzz-root-stimulator|bcuzz-root-stimulator-1-gal|bcuzz-root-stimulator-1-qt|bcuzz-root-stimulator-12-oz,B'Cuzz Root Stimulator|B'Cuzz Root Stimulator - 1 gal|B'Cuzz Root Stimulator - 1 qt|B'Cuzz Root Stimulator - 12 oz,H Moon Hydro,grouped|simple
bioroot,4,create,no,0.00,Create new variant group,bioroot-1-gal|bioroot-1-qt|bioroot-2-5-gal|bioroot-6-gal,BioRoot 1 gal|BioRoot 1 qt|BioRoot 2.5 gal|BioRoot 6 gal,H Moon Hydro,simple
biothrive-bloom,4,archive,no,1.00,Archive legacy single products; already covered in consolidated import,biothrive-bloom-1-gal|biothrive-bloom-1-qt|biothrive-bloom-2-5-gal|biothrive-bloom-6-gal,BioThrive Bloom 1 gal|BioThrive Bloom 1 qt|BioThrive Bloom 2.5 gal|BioThrive Bloom 6 gal,H Moon Hydro,simple
biothrive-grow,4,archive,no,1.00,Archive legacy single products; already covered in consolidated import,biothrive-grow-1-gal|biothrive-grow-1-qt|biothrive-grow-2-5-gal|biothrive-grow-6-gal,BioThrive Grow 1 gal|BioThrive Grow 1 qt|BioThrive Grow 2.5 gal|BioThrive Grow 6 gal,H Moon Hydro,simple
black-white-panda-film-poly,4,archive,yes,1.00,Archive legacy single products; already covered in consolidated import,100-ft-black-white-panda-film-poly|25-ft-black-white-panda-film-poly|50-ft-black-white-panda-film-poly|black-white-panda-film-poly,100 ft. Black & White Panda Film (poly)|25 ft.Black & White Panda Film (poly)|50 ft. Black & White Panda Film (poly)|Black & White Panda Film (poly),H Moon Hydro,grouped|simple
bud-boom,4,archive,yes,1.00,Archive legacy single products; already covered in consolidated import,bud-boom|bud-boom-130gm|bud-boom-1kg|bud-boom-500gm,Bud Boom|Bud Boom 130gm|Bud Boom 1kg|Bud Boom 500gm,H Moon Hydro,grouped|simple
can-fan-high-output-cfm,4,archive,no,1.00,Archive legacy single products; already covered in consolidated import,can-fan-10-high-output-781-cfm|can-fan-12-high-output-971-cfm|can-fan-4-high-output-178-cfm|can-fan-6-high-output-440-cfm,"Can-Fan 10"" high output 781 CFM|Can-Fan 12"" high output 971 CFM|Can-Fan 4"" high output 178 CFM|Can-Fan 6"" high output 440 CFM",H Moon Hydro,simple
can-filter-flange-max,4,archive,no,1.00,Archive legacy single products; already covered in consolidated import,14-can-filter-flange-max|16-can-filter-flange-max|18-can-filter-flange-max|20-can-filter-flange-max,"14"" Can Filter Flange Max|16"" Can Filter Flange Max|18"" Can Filter Flange Max|20"" Can Filter Flange Max",H Moon Hydro,simple
decision,4,archive,yes,1.00,Archive legacy single products; already covered in consolidated import,decision|decision-2-5-gallon|decision-gallon|decision-quart,Decision|Decision 2.5 Gallon|Decision Gallon|Decision Quart,H Moon Hydro,grouped|simple
diamond-silver-white-film,4,archive,yes,1.00,Archive legacy single products; already covered in consolidated import,100-ft-diamond-silver-white-film|25-ft-diamond-silver-white-film|50-ft-diamond-silver-white-film|diamond-silver-white-film,100 ft. Diamond Silver White Film|25 ft. Diamond Silver White Film|50 ft. Diamond Silver White Film|Diamond Silver White Film,H Moon Hydro,grouped|simple
double-super-b,4,archive,no,1.00,Archive legacy single products; already covered in consolidated import,double-super-b-1-liter|double-super-b-10-liter|double-super-b-23-liter|double-super-b-4-liter,Double Super B+ 1 liter|Double Super B+ 10 liter|Double Super B+ 23 liter|Double Super B+ 4 liter,H Moon Hydro,simple
ecoplus-gph,4,archive,no,1.00,Archive legacy single products; already covered in consolidated import,ecoplus-185-gph|ecoplus-264-gph|ecoplus-396-gph|ecoplus-633-gph,EcoPlus 185 GPH|EcoPlus 264 GPH|EcoPlus 396 GPH|EcoPlus 633 GPH,H Moon Hydro,simple
equinox,4,archive,yes,1.00,Archive legacy single products; already covered in consolidated import,equinox|equinox-2-5-gallon|equinox-gallon|equinox-quart,Equinox|Equinox 2.5 Gallon|Equinox Gallon|Equinox Quart,H Moon Hydro,grouped|simple
flange,4,archive,no,1.00,Archive legacy single products; already covered in consolidated import,10-flange|12-flange|6-flange|8-flange,"10"" Flange|12"" Flange|6"" Flange|8"" Flange",H Moon Hydro,simple
flora-shield,4,archive,yes,1.00,Archive legacy single products; already covered in consolidated import,flora-shield|flora-shield-1-gal|flora-shield-1-pt|flora-shield-1-qt,Flora Shield|Flora Shield 1 gal|Flora Shield 1 pt|Flora Shield 1 qt,H Moon Hydro,grouped|simple
florakleen,4,archive,yes,1.00,Archive legacy single products; already covered in consolidated import,florakleen|florakleen-1-gal|florakleen-2-5-gal|florakleen-6-gal,FloraKleen|FloraKleen 1 gal|FloraKleen 2.5 gal|FloraKleen 6 gal,H Moon Hydro,grouped|simple
floranova-bloom,4,archive,no,1.00,Archive legacy single products; already covered in consolidated import,floranova-bloom-1-gal|floranova-bloom-1-qt|floranova-bloom-16-oz|floranova-bloom-2-5-gal,FloraNova Bloom 1 gal|FloraNova Bloom 1 qt|FloraNova Bloom 16 oz|FloraNova Bloom 2.5 gal,H Moon Hydro,simple
floranova-grow,4,archive,no,1.00,Archive legacy single products; already covered in consolidated import,floranova-grow-1-gal|floranova-grow-1-qt|floranova-grow-16-oz|floranova-grow-2-5-gal,FloraNova Grow 1 gal|FloraNova Grow 1 qt|FloraNova Grow 16 oz|FloraNova Grow 2.5 gal,H Moon Hydro,simple
gaia-mania,4,archive,yes,1.00,Archive legacy single products; already covered in consolidated import,gaia-mania|gaia-mania-2-5-gallon|gaia-mania-gallon|gaia-mania-quart,Gaia Mania|Gaia Mania 2.5 Gallon|Gaia Mania Gallon|Gaia Mania Quart,H Moon Hydro,grouped|simple
hard-water-flora,4,archive,no,1.00,Archive legacy single products; already covered in consolidated import,hard-water-flora-micro-1-gal|hard-water-flora-micro-1-qt|hard-water-flora-micro-2-5-gal|hard-water-flora-micro-6-gal,Hard Water Flora Micro 1 gal|Hard Water Flora Micro 1 qt|Hard Water Flora Micro 2.5 gal|Hard Water Flora Micro 6 gal,H Moon Hydro,simple
herculean-harvest,4,archive,yes,1.00,Archive legacy single products; already covered in consolidated import,herculean-harvest|herculean-harvest-2-5-gallon|herculean-harvest-gallon|herculean-harvest-quart,Herculean Harvest|Herculean Harvest 2.5 Gallon|Herculean Harvest Gallon|Herculean Harvest Quart,H Moon Hydro,grouped|simple
holland-secret,4,create,no,0.00,Create new variant group,holland-secret-micro-10l|holland-secret-micro-1l|holland-secret-micro-23l|holland-secret-micro-4l,Holland Secret Micro 10L|Holland Secret Micro 1L|Holland Secret Micro 23L|Holland Secret Micro 4L,H Moon Hydro,simple
holland-secret-bloom,4,create,no,0.00,Create new variant group,holland-secret-bloom-1-l|holland-secret-bloom-10l|holland-secret-bloom-23l|holland-secret-bloom-4l,Holland Secret Bloom 1 L|Holland Secret Bloom 10L|Holland Secret Bloom 23L|Holland Secret Bloom 4L,H Moon Hydro,simple
holland-secret-grow,4,create,no,0.00,Create new variant group,holland-secret-grow-10l|holland-secret-grow-1l|holland-secret-grow-23l|holland-secret-grow-4l,Holland Secret Grow 10L|Holland Secret Grow 1L|Holland Secret Grow 23L|Holland Secret Grow 4L,H Moon Hydro,simple
hum-bolt,4,archive,yes,1.00,Archive legacy single products; already covered in consolidated import,hum-bolt|hum-bolt-1-gal|hum-bolt-1-qt|hum-bolt-2-5-gal,Hum-Bolt|Hum-Bolt 1 gal|Hum-Bolt 1 qt|Hum-Bolt 2.5 gal,H Moon Hydro,grouped|simple
humboldt,4,archive,yes,1.00,Archive legacy single products; already covered in consolidated import,humboldt-micro-1-qt|humboldt-micro-2-5-gal|humboldt-micro-5-0-1|humboldt-micro-5-gal,Humboldt Micro  2.5 gal|Humboldt Micro 1 qt|Humboldt Micro 5 gal|Humboldt Micro 5-0-1,H Moon Hydro,grouped|simple
humboldt-honey-es,4,archive,yes,1.00,Archive legacy single products; already covered in consolidated import,humboldt-honey-es|humboldt-honey-es-1-gal|humboldt-honey-es-1-qt|humboldt-honey-es-5-gal,Humboldt Honey ES|Humboldt Honey ES 1 gal|Humboldt Honey ES 1 qt|Humboldt Honey ES 5 gal,H Moon Hydro,grouped|simple
humboldt-honey-hydro-carbs,4,archive,yes,1.00,Archive legacy single products; already covered in consolidated import,humboldt-honey-hydro-carbs|humboldt-honey-hydro-carbs-1-gal|humboldt-honey-hydro-carbs-1-qt|humboldt-honey-hydro-carbs-2-5-gal,Humboldt Honey Hydro Carbs|Humboldt Honey Hydro Carbs 1 gal|Humboldt Honey Hydro Carbs 1 qt|Humboldt Honey Hydro Carbs 2.5 gal,H Moon Hydro,grouped|simple
humboldt-master-a,4,archive,no,1.00,Archive legacy single products; already covered in consolidated import,humboldt-master-a-1-gal|humboldt-master-a-1-qt|humboldt-master-a-2-5-gal|humboldt-master-a-5-gal,Humboldt Master A 1 gal|Humboldt Master A 1 qt|Humboldt Master A 2.5 gal|Humboldt Master A 5 gal,H Moon Hydro,simple
humboldt-master-b,4,archive,no,1.00,Archive legacy single products; already covered in consolidated import,humboldt-master-b-1-gal|humboldt-master-b-1-qt|humboldt-master-b-2-5-gal|humboldt-master-b-5-gal,Humboldt Master B 1 gal|Humboldt Master B 1 qt|Humboldt Master B 2.5 gal|Humboldt Master B 5 gal,H Moon Hydro,simple
hydro-deuce,4,archive,yes,1.00,Archive legacy single products; already covered in consolidated import,hydro-deuce|hydro-deuce-1-gal|hydro-deuce-1-qt|hydro-deuce-16-oz,Hydro-Deuce|Hydro-Deuce 1 gal|Hydro-Deuce 1 qt|Hydro-Deuce 16 oz,H Moon Hydro,grouped|simple
hydrodynamics-ionic-grow-premium-plant-nutrient,4,archive,yes,1.00,Archive legacy single products; already covered in consolidated import,hydrodynamics-ionic-grow-3-1-5-premium-plant-nutrient|hydrodynamics-ionic-grow-3-1-5-premium-plant-nutrient-2-5-gallon|hydrodynamics-ionic-grow-3-1-5-premium-plant-nutrient-gallon|hydrodynamics-ionic-grow-3-1-5-premium-plant-nutrient-qt,HydroDynamics Ionic® Grow 3 - 1 - 5 Premium Plant Nutrient|HydroDynamics Ionic® Grow 3-1-5 Premium Plant Nutrient 2.5 gallon|HydroDynamics Ionic® Grow 3-1-5 Premium Plant Nutrient Gallon|HydroDynamics Ionic® Grow 3-1-5 Premium Plant Nutrient Qt.,H Moon Hydro,grouped|simple
koolbloom,4,archive,yes,1.00,Archive legacy single products; already covered in consolidated import,koolbloom|koolbloom-16-lb|koolbloom-2-2-lb|koolbloom-4-oz,KoolBloom|KoolBloom 16 lb|KoolBloom 2.2 lb|KoolBloom 4 oz,H Moon Hydro,grouped|simple
lightning-start,4,archive,yes,1.00,Archive legacy single products; already covered in consolidated import,lightning-start|lightning-start-2-5-gallon|lightning-start-gallon|lightning-start-quart,Lightning Start|Lightning Start 2.5 Gallon|Lightning Start Gallon|Lightning Start Quart,H Moon Hydro,grouped|simple
medusas-magic,4,archive,yes,1.00,Archive legacy single products; already covered in consolidated import,medusas-magic|medusas-magic-2-5-gallon|medusas-magic-gallon|medusas-magic-quart,Medusa's Magic|Medusa's Magic 2.5 Gallon|Medusa's Magic Gallon|Medusa's Magic Quart,H Moon Hydro,grouped|simple
myco-maximum-granular,4,archive,yes,1.00,Archive legacy single products; already covered in consolidated import,myco-maximum-granular|myco-maximum-granular-1-lb|myco-maximum-granular-5-lbs|myco-maximum-granular-8-oz,Myco Maximum Granular|Myco Maximum Granular 1 lb|Myco Maximum Granular 5 lbs|Myco Maximum Granular 8 oz,H Moon Hydro,grouped|simple
ph-calibration-solution,4,archive,no,1.00,Archive legacy single products; already covered in consolidated import,ph-4-01-calibration-solution-8-oz|ph-4-01-calibration-solution-qt|ph-7-0-calibration-solution-8-oz|ph-7-0-calibration-solution-qt,pH 4.01 Calibration Solution 8 oz.|pH 4.01 Calibration Solution qt.|pH 7.0 Calibration Solution 8 oz.|pH 7.0 Calibration Solution qt.,H Moon Hydro,simple
pulse-start-m-h-for-flowering-growth,4,archive,no,1.00,Archive legacy single products; already covered in consolidated import,pulse-start-m-h-1000w-3000k-for-flowering-growth|pulse-start-m-h-600w-3000k-for-flowering-growth|pulse-start-m-h-600w-3000k-for-flowering-growth-2|pulse-start-m-h-600w-3000k-for-flowering-growth-3,"Pulse Start M.H.1000W. 3,000K for Flowering Growth|Pulse Start M.H.600W. 3,000K for Flowering Growth",H Moon Hydro,simple
rsw-thermo-controlled-cfm-rpm,4,archive,no,1.00,Archive legacy single products; already covered in consolidated import,rsw-4ho-thermo-controlled-110v-161-cfm-3294-rpm|rsw-4ho-thermo-controlled-240v-161-cfm-3294-rpm|rsw-6ho-thermo-controlled-110v-413-cfm-3250-rpm|rsw-6ho-thermo-controlled-240v-413-cfm-3250-rpm,RSW 4HO Thermo/Controlled 110V 161 CFM 3294 RPM|RSW 4HO Thermo/Controlled 240V 161 CFM 3294 RPM|RSW 6HO Thermo/Controlled 110V 413 CFM 3250 RPM|RSW 6HO Thermo/Controlled 240V 413 CFM 3250 RPM,H Moon Hydro,simple
ruby-ful,4,archive,yes,1.00,Archive legacy single products; already covered in consolidated import,ruby-ful|ruby-ful-2-5-gallon|ruby-ful-gallon|ruby-ful-quart,Ruby Ful#$%|Ruby Ful#$% 2.5 Gallon|Ruby Ful#$% Gallon|Ruby Ful#$% Quart,H Moon Hydro,grouped|simple
spring,4,archive,yes,1.00,Archive legacy single products; already covered in consolidated import,spring|spring-2-5-gallon|spring-gallon|spring-quart,Spring|Spring 2.5 Gallon|Spring Gallon|Spring Quart,H Moon Hydro,grouped|simple
suck-it-up,4,archive,yes,1.00,Archive legacy single products; already covered in consolidated import,suck-it-up|suck-it-up-1-liter|suck-it-up-4-liter|suck-it-up-500ml,Suck it Up|Suck it Up 1 liter|Suck it Up 4 liter|Suck it Up 500ml,H Moon Hydro,grouped|simple
summer,4,archive,yes,1.00,Archive legacy single products; already covered in consolidated import,summer|summer-2-5-gallon|summer-gallon|summer-quart,Summer|Summer 2.5 Gallon|Summer Gallon|Summer Quart,H Moon Hydro,grouped|simple
agrowlyte-plant-wash,3,create,no,0.00,Create new variant group,agrowlyte-plant-wash-30-gallon|agrowlyte-plant-wash-gallon|agrowlyte-plant-wash-qt,AGrowlyte Plant Wash 30 gallon|AgrowLyte Plant Wash Gallon|AgrowLyte Plant Wash qt.,H Moon Hydro,simple
aphrodites-extraction,3,archive,yes,1.00,Archive legacy single products; already covered in consolidated import,aphrodites-extraction|aphrodites-extraction-gallon|aphrodites-extraction-quart,Aphrodite's Extraction|Aphrodite's Extraction Gallon|Aphrodite's Extraction Quart,H Moon Hydro,grouped|simple
atami-rootblastic,3,archive,yes,1.00,Archive legacy single products; already covered in consolidated import,atami-rootblastic|atami-rootblastic-250-ml|atami-rootblastic-80-ml,Atami RootBlastic|Atami RootBlastic 250 ml|Atami RootBlastic 80 ml.,H Moon Hydro,grouped|simple
athenas-aminas,3,archive,yes,1.00,Archive legacy single products; already covered in consolidated import,athenas-aminas|athenas-aminas-gallon|athenas-aminas-quart,Athena's Aminas|Athena's Aminas Gallon|Athena's Aminas Quart,H Moon Hydro,grouped|simple
b-vitamin,3,archive,yes,1.00,Archive legacy single products; already covered in consolidated import,b-52-vitamin|b-52-vitamin-1-gal|b-52-vitamin-2-5-gal,B-52 Vitamin|B-52 Vitamin (1 gal)|B-52 Vitamin (2.5 gal),H Moon Hydro,grouped|simple
better-bloom,3,archive,yes,1.00,Archive legacy single products; already covered in consolidated import,better-bloom-10-kg|better-bloom-12-34-12|better-bloom-2-kg,Better Bloom 10 kg|Better Bloom 12-34-12|Better Bloom 2 kg,H Moon Hydro,grouped|simple
big-bud-bloom-booster,3,archive,yes,1.00,Archive legacy single products; already covered in consolidated import,big-bud-bloom-booster|big-bud-bloom-booster-1-gal|big-bud-bloom-booster-2-5-gal,Big Bud Bloom Booster|Big Bud Bloom Booster (1 gal)|Big Bud Bloom Booster (2.5 gal),H Moon Hydro,grouped|simple
block-ir-x-roll,3,archive,no,1.00,Archive legacy single products; already covered in consolidated import,block-ir-4-x-100-roll|block-ir-4-x-25-roll|block-ir-4-x-50-roll,Block-IR 4' x 100' Roll|Block-IR 4' x 25' Roll|Block-IR 4' x 50' Roll,H Moon Hydro,simple
bloom-khaos,3,archive,yes,1.00,Archive legacy single products; already covered in consolidated import,bloom-khaos|bloom-khaos-gallon|bloom-khaos-quart,Bloom Khaos|Bloom Khaos Gallon|Bloom Khaos Quart,H Moon Hydro,grouped|simple
bud-blood-bloom-stimulator,3,archive,yes,1.00,Archive legacy single products; already covered in consolidated import,bud-blood-bloom-stimulator|bud-blood-bloom-stimulator-300g|bud-blood-bloom-stimulator-40-g,Bud Blood Bloom Stimulator|Bud Blood Bloom Stimulator (300g)|Bud Blood Bloom Stimulator (40 g),H Moon Hydro,grouped|simple
bud-candy,3,archive,yes,1.00,Archive legacy single products; already covered in consolidated import,bud-candy|bud-candy-1-gal|bud-candy-2-5-gal,Bud Candy|Bud Candy (1 gal)|Bud Candy (2.5 gal),H Moon Hydro,grouped|simple
cal-mag-plus,3,archive,yes,1.00,Archive legacy single products; already covered in consolidated import,cal-mag-plus|cal-mag-plus-gal|cal-mag-plus-qt,Cal-Mag Plus|Cal-Mag Plus Gal.|Cal-Mag Plus Qt.,H Moon Hydro,grouped|simple
calcarb-calcium-carbonate-foliar-spray,3,archive,yes,1.00,Archive legacy single products; already covered in consolidated import,calcarb-calcium-carbonate-foliar-spray|calcarb-calcium-carbonate-foliar-spray-12-oz|calcarb-calcium-carbonate-foliar-spray-6-oz,CalCarb Calcium Carbonate Foliar Spray|CalCarb Calcium Carbonate Foliar Spray 12 oz|CalCarb Calcium Carbonate Foliar Spray 6 oz,H Moon Hydro,grouped|simple
calnesium-defficiency-correction-supplemnt,3,archive,no,1.00,Archive legacy single products; already covered in consolidated import,calnesium-defficiency-correction-supplemnt-6-gal|calnesium-defficiency-correction-supplemnt-gal|calnesium-defficiency-correction-supplemnt-qt,CALNESIUM Defficiency Correction Supplemnt 6 gal|CALNESIUM Defficiency Correction Supplemnt Gal|CALNESIUM Defficiency Correction Supplemnt Qt.,H Moon Hydro,simple
can-fan-standard-output-cfm,3,archive,no,1.00,Archive legacy single products; already covered in consolidated import,can-fan-4-standard-output-142-cfm|can-fan-6-standard-output-270-cfm|can-fan-8-standard-output-493-cfm,"Can-Fan 4"" standard output 142 CFM|Can-Fan 6"" standard output 270 CFM|Can-Fan 8"" standard output 493 CFM",H Moon Hydro,simple
can-filter-flange,3,archive,no,1.00,Archive legacy single products; already covered in consolidated import,10-can-filter-flange|12-can-filter-flange|6-can-filter-flange,"10"" CAN Filter Flange|12"" CAN Filter Flange|6"" CAN Filter Flange",H Moon Hydro,simple
carbo-blast,3,archive,yes,1.00,Archive legacy single products; already covered in consolidated import,carbo-blast|carbo-blast-2-5-kg|carbo-blast-300g,Carbo Blast|Carbo Blast 2.5 kg|Carbo Blast 300g,H Moon Hydro,grouped|simple
clearex,3,archive,yes,1.00,Archive legacy single products; already covered in consolidated import,clearex|clearex-gal|clearex-qt,Clearex|Clearex Gal.|Clearex Qt.,H Moon Hydro,grouped|simple
demeters-destiny,3,archive,yes,1.00,Archive legacy single products; already covered in consolidated import,demeters-destiny|demeters-destiny-gallon|demeters-destiny-quart,Demeter's Destiny|Demeter's Destiny Gallon|Demeter's Destiny Quart,H Moon Hydro,grouped|simple
down-to-earth-bone-meal,3,archive,yes,1.00,Archive legacy single products; already covered in consolidated import,down-to-earth-bone-meal-25-lb|down-to-earth-bone-meal-3-15-0|down-to-earth-bone-meal-6-lb,Down To Earth Bone Meal - 25 lb|Down To Earth Bone Meal - 6 lb|Down To Earth Bone Meal 3 - 15 - 0,H Moon Hydro,grouped|simple
down-to-earth-kelp-meal,3,archive,yes,1.00,Archive legacy single products; already covered in consolidated import,down-to-earth-kelp-meal-1-0-1-2|down-to-earth-kelp-meal-20-lb|down-to-earth-kelp-meal-5-lb,Down To Earth Kelp Meal - 20 lb|Down To Earth Kelp Meal - 5 lb|Down To Earth Kelp Meal 1 - 0.1 - 2,H Moon Hydro,grouped|simple
down-to-earth-vegan-mix,3,archive,yes,1.00,Archive legacy single products; already covered in consolidated import,down-to-earth-vegan-mix-25-lb|down-to-earth-vegan-mix-3-2-2|down-to-earth-vegan-mix-6-lb,Down To Earth Vegan Mix - 25 lb|Down To Earth Vegan Mix - 6 lb|Down To Earth Vegan Mix 3 - 2 - 2,H Moon Hydro,grouped|simple
dyna-gro-pro-tekt,3,archive,yes,1.00,Archive legacy single products; already covered in consolidated import,dyna-gro-pro-tekt|dyna-gro-pro-tekt-1gal|dyna-gro-pro-tekt-1qt,Dyna-Gro Pro Tekt|Dyna-Gro Pro Tekt 1gal|Dyna-Gro Pro Tekt 1qt,H Moon Hydro,grouped|simple
flashgro-roll,3,archive,yes,1.00,Archive legacy single products; already covered in consolidated import,flashgro-100-roll|flashgro-50-roll|flashgro-roll,Flashgro 100' Roll|Flashgro 50' Roll|Flashgro Roll,H Moon Hydro,grouped|simple
floralicious-bloom,3,archive,no,1.00,Archive legacy single products; already covered in consolidated import,floralicious-bloom-1-gal|floralicious-bloom-1-qt|floralicious-bloom-2-5-gal,Floralicious Bloom 1 gal|Floralicious Bloom 1 qt|Floralicious Bloom 2.5 gal,H Moon Hydro,simple
floralicious-grow,3,archive,no,1.00,Archive legacy single products; already covered in consolidated import,floralicious-grow-1-gal|floralicious-grow-1-qt|floralicious-grow-2-5-gal,Floralicious Grow 1 gal|Floralicious Grow 1 qt|Floralicious Grow 2.5 gal,H Moon Hydro,simple
floranectar-coconut,3,archive,no,1.00,Archive legacy single products; already covered in consolidated import,floranectar-coconut-1-gal|floranectar-coconut-1-qt|floranectar-coconut-2-5-gal,FloraNectar Coconut 1 gal|FloraNectar Coconut 1 qt|FloraNectar Coconut 2.5 gal,H Moon Hydro,simple
floranectar-fruitnfusion,3,archive,no,1.00,Archive legacy single products; already covered in consolidated import,floranectar-fruitnfusion-1-gal|floranectar-fruitnfusion-1-qt|floranectar-fruitnfusion-2-5-gal,FloraNectar FruitnFusion 1 gal|FloraNectar FruitnFusion 1 qt|FloraNectar FruitnFusion 2.5 gal,H Moon Hydro,simple
grommet-of,3,archive,no,1.00,Archive legacy single products; already covered in consolidated import,1-1-4-grommet-bag-of-10|1-2-grommet-bag-of-25|1-grommet-bag-of-10,"1 1/4"" Grommet (bag of 10)|1"" Grommet (bag of 10)|1/2"" Grommet (bag of 25)",H Moon Hydro,simple
grow-big-liquid-plant-food,3,archive,yes,1.00,Archive legacy single products; already covered in consolidated import,grow-big-liquid-plant-food-1-gal|grow-big-liquid-plant-food-1-qt|grow-big-liquid-plant-food-6-4-4,Grow Big Liquid Plant Food (1 gal)|Grow Big Liquid Plant Food (1 qt)|Grow Big Liquid Plant Food (6-4-4),H Moon Hydro,grouped|simple
holland-secret-h,3,create,no,0.00,Create new variant group,holland-secret-micro-h-w-10l|holland-secret-micro-h-w-1l|holland-secret-micro-h-w-4l,Holland Secret Micro H.W 10L|Holland Secret Micro H.W 4L|Holland Secret Micro H.W. 1L,H Moon Hydro,simple
humboldt-big-up-powder,3,archive,no,1.00,Archive legacy single products; already covered in consolidated import,humboldt-big-up-powder-1-lb|humboldt-big-up-powder-10-lbs|humboldt-big-up-powder-5-lbs,Humboldt Big Up Powder 1 lb|Humboldt Big Up Powder 10 lbs|Humboldt Big Up Powder 5 lbs,H Moon Hydro,simple
humboldt-nutrients-s-i-structural-integrity,3,archive,yes,1.00,Archive legacy single products; already covered in consolidated import,humboldt-nutrients-s-i-structural-integrity|humboldt-nutrients-s-i-structural-integrity-gal|humboldt-nutrients-s-i-structural-integrity-qt,Humboldt Nutrients S.I. Structural Integrity|Humboldt Nutrients S.I. Structural Integrity Gal.|Humboldt Nutrients S.I. Structural Integrity qt.,H Moon Hydro,grouped|simple
humboldt-sea-cal,3,archive,no,1.00,Archive legacy single products; already covered in consolidated import,humboldt-sea-cal-1-gal|humboldt-sea-cal-1-qt|humboldt-sea-cal-2-5-gal,Humboldt Sea Cal 1 gal|Humboldt Sea Cal 1 qt|Humboldt Sea Cal 2.5 gal,H Moon Hydro,simple
humboldt-sea-mag,3,archive,no,1.00,Archive legacy single products; already covered in consolidated import,humboldt-sea-mag-1-gal|humboldt-sea-mag-1-qt|humboldt-sea-mag-2-5-gal,Humboldt Sea Mag 1 gal|Humboldt Sea Mag 1 qt|Humboldt Sea Mag 2.5 gal,H Moon Hydro,simple
humboldt-sticky-foliar-feed,3,archive,yes,1.00,Archive legacy single products; already covered in consolidated import,humboldt-sticky-foliar-feed|humboldt-sticky-foliar-feed-1-qt|humboldt-sticky-foliar-feed-16-oz,Humboldt Sticky Foliar Feed|Humboldt Sticky Foliar Feed 1 qt|Humboldt Sticky Foliar Feed 16 oz,H Moon Hydro,grouped|simple
hydroplex,3,archive,yes,1.00,Archive legacy single products; already covered in consolidated import,hydroplex|hydroplex-gal|hydroplex-qt,Hydroplex|Hydroplex Gal.|Hydroplex Qt.,H Moon Hydro,grouped|simple
hygeias-hydration,3,archive,yes,1.00,Archive legacy single products; already covered in consolidated import,hygeias-hydration|hygeias-hydration-gallon|hygeias-hydration-quart,Hygeia's Hydration|Hygeia's Hydration Gallon|Hygeia's Hydration Quart,H Moon Hydro,grouped|simple
hygrozyme,3,create,no,0.00,Create new variant group,hygrozyme-1-l|hygrozyme-4-l|hygrozyme-500-ml,HYGROZYME 1 L|HYGROZYME 4 L|HYGROZYME 500 ml,H Moon Hydro,simple
ionic-bloom-premium-plant-nutrient,3,archive,no,1.00,Archive legacy single products; already covered in consolidated import,ionic-bloom-3-2-6-premium-plant-nutrient-2-5-gallon|ionic-bloom-3-2-6-premium-plant-nutrient-gallon|ionic-bloom-3-2-6-premium-plant-nutrient-qt,Ionic® Bloom 3-2-6 Premium Plant Nutrient 2.5 Gallon|Ionic® Bloom 3-2-6 Premium Plant Nutrient Gallon|Ionic® Bloom 3-2-6 Premium Plant Nutrient Qt.,H Moon Hydro,simple
ionic-boost-premium-plant-nutrient,3,archive,no,1.00,Archive legacy single products; already covered in consolidated import,ionic-pk-boost-0-5-6-premium-plant-nutrient-2-5-gallon|ionic-pk-boost-0-5-6-premium-plant-nutrient-gallon|ionic-pk-boost-0-5-6-premium-plant-nutrient-qt,Ionic® PK Boost 0-5-6 Premium Plant Nutrient 2.5 Gallon|Ionic® PK Boost 0-5-6 Premium Plant Nutrient Gallon|Ionic® PK Boost 0-5-6 Premium Plant Nutrient Qt.,H Moon Hydro,simple
jungle-green,3,archive,yes,1.00,Archive legacy single products; already covered in consolidated import,jungle-green-10-kg|jungle-green-17-15-17|jungle-green-2-5-kg,Jungle Green 10 kg|Jungle Green 17-15-17|Jungle Green 2.5 kg,H Moon Hydro,grouped|simple
light-switcher,3,create,no,0.00,Create new variant group,120v-120v-4-light-switcher|240v-120v-4-light-switcher|240v-240v-4-light-switcher,120V - 120V 4 Light Switcher|240V - 120v 4 Light Switcher|240V - 240V 4 Light Switcher,H Moon Hydro,simple
liquid-karma,3,archive,yes,1.00,Archive legacy single products; already covered in consolidated import,liquid-karma|liquid-karma-gal|liquid-karma-qt,Liquid Karma|Liquid Karma Gal.|Liquid Karma Qt.,H Moon Hydro,grouped|simple
mag-drive-pump-gph,3,archive,no,1.00,Archive legacy single products; already covered in consolidated import,mag-drive-2-pump-250-gph|mag-drive-3-pump-350-gph|mag-drive-7-pump-700-gph,Mag Drive #2 Pump 250 gph|Mag Drive #3 Pump 350 gph|Mag Drive #7 Pump 700 gph,H Moon Hydro,simple
maxibloom,3,archive,no,1.00,Archive legacy single products; already covered in consolidated import,maxibloom-16-lb|maxibloom-2-2-lb|maxibloom-50-lb,MaxiBloom 16 lb|MaxiBloom 2.2 lb|MaxiBloom 50 lb,H Moon Hydro,simple
maxigro,3,archive,no,1.00,Archive legacy single products; already covered in consolidated import,maxigro-16-lb|maxigro-2-2-lb|maxigro-50-lb,MaxiGro 16 lb|MaxiGro 2.2 lb|MaxiGro 50 lb,H Moon Hydro,simple
mega-morpheus,3,archive,yes,1.00,Archive legacy single products; already covered in consolidated import,mega-morpheus|mega-morpheus-gallon|mega-morpheus-quart,Mega Morpheus|Mega Morpheus Gallon|Mega Morpheus Quart,H Moon Hydro,grouped|simple
mesh-basket,3,archive,no,1.00,Archive legacy single products; already covered in consolidated import,3-75-mesh-basket|5-mesh-basket|6-mesh-basket,"3.75 Mesh Basket|5"" Mesh Basket|6"" Mesh Basket",H Moon Hydro,simple
mondi-super-saucer,3,archive,no,1.00,Archive legacy single products; already covered in consolidated import,mondi-super-saucer-10|mondi-super-saucer-12|mondi-super-saucer-14,"Mondi Super Saucer 10""|Mondi Super Saucer 12""|Mondi Super Saucer 14""",H Moon Hydro,simple
overdrive,3,archive,yes,1.00,Archive legacy single products; already covered in consolidated import,overdrive|overdrive-1-gal|overdrive-2-5-gal,Overdrive|Overdrive (1 gal)|Overdrive (2.5 gal),H Moon Hydro,grouped|simple
pegasus-potion,3,archive,yes,1.00,Archive legacy single products; already covered in consolidated import,pegasus-potion|pegasus-potion-gallon|pegasus-potion-quart,Pegasus Potion|Pegasus Potion Gallon|Pegasus Potion Quart,H Moon Hydro,grouped|simple
ph-down,3,archive,no,1.00,Archive legacy single products; already covered in consolidated import,ph-down-1-gal|ph-down-1-qt|ph-down-8-oz,pH Down 1 gal|pH Down 1 qt|pH Down 8 oz.,H Moon Hydro,simple
ph-up,3,archive,no,1.00,Archive legacy single products; already covered in consolidated import,ph-up-1-gal|ph-up-1-qt|ph-up-8-oz,pH-Up 1 gal|pH-Up 1 qt|pH-Up 8 oz,H Moon Hydro,simple
piranha-beneficial-fungi,3,archive,yes,1.00,Archive legacy single products; already covered in consolidated import,piranha-beneficial-fungi|piranha-beneficial-fungi-130-g|piranha-beneficial-fungi-50-g,Piranha Beneficial Fungi|Piranha Beneficial Fungi (130 g)|Piranha Beneficial Fungi (50 g),H Moon Hydro,grouped|simple
plagron-power-roots,3,archive,yes,1.00,Archive legacy single products; already covered in consolidated import,plagron-power-roots|plagron-power-roots-500-ml|plagron-power-roots-liter,Plagron Power Roots|Plagron Power Roots 500 ML|Plagron Power Roots Liter,H Moon Hydro,grouped|simple
plagron-royal-rush,3,archive,yes,1.00,Archive legacy single products; already covered in consolidated import,plagron-royal-rush|plagron-royal-rush-1-liter|plagron-royal-rush-500-ml,Plagron Royal Rush|Plagron Royal Rush 1 Liter|Plagron Royal Rush 500 ML,H Moon Hydro,grouped|simple
plantmax-hps-conversion-lumens,3,archive,no,1.00,Archive legacy single products; already covered in consolidated import,plantmax-220w-hps-conversion-25000-lumens|plantmax-360w-hps-conversion-45000-lumens|plantmax-940w-hps-conversion-130000-lumens,"Plantmax 220W. HPS Conversion 25,000 lumens|Plantmax 360W. HPS Conversion 45,000 lumens|Plantmax 940W. HPS Conversion 130,000 lumens",H Moon Hydro,simple
plantmax-mh-conversion-lumens,3,archive,no,1.00,Archive legacy single products; already covered in consolidated import,plantmax-1000w-mh-conversion-110000-lumens|plantmax-400w-mh-conversion-36000-lumens|plantmax-600w-mh-conversion-57000-lumens,"Plantmax 1000W. MH Conversion 110,000 lumens|Plantmax 400W. MH Conversion 36,000 lumens|Plantmax 600W. MH Conversion 57,000 lumens",H Moon Hydro,simple
prop-o-gator,3,archive,no,1.00,Archive legacy single products; already covered in consolidated import,prop-o-gator-1-liter|prop-o-gator-4-liter|prop-o-gator-500-ml,Prop-O-Gator 1 liter|Prop-O-Gator 4 liter|Prop-O-Gator 500 ml,H Moon Hydro,simple
pure-blend-pro-bloom,3,archive,yes,1.00,Archive legacy single products; already covered in consolidated import,pure-blend-pro-bloom|pure-blend-pro-bloom-gal|pure-blend-pro-bloom-qt,Pure Blend Pro Bloom|Pure Blend Pro Bloom Gal.|Pure Blend Pro Bloom Qt.,H Moon Hydro,grouped|simple
pure-blend-pro-grow,3,archive,yes,1.00,Archive legacy single products; already covered in consolidated import,pure-blend-pro-grow|pure-blend-pro-grow-gal|pure-blend-pro-grow-qt,Pure Blend Pro Grow|Pure Blend Pro Grow Gal.|Pure Blend Pro Grow Qt.,H Moon Hydro,grouped|simple
pure-blend-pro-soil,3,archive,yes,1.00,Archive legacy single products; already covered in consolidated import,pure-blend-pro-soil|pure-blend-pro-soil-gal|pure-blend-pro-soil-qt,Pure Blend Pro Soil|Pure Blend Pro Soil Gal.|Pure Blend Pro Soil Qt.,H Moon Hydro,grouped|simple
quick-roots-gel,3,create,no,0.00,Create new variant group,quick-roots-gel-2-oz|quick-roots-gel-4-oz|quick-roots-gel-8-oz,Quick Roots Gel 2 oz|Quick Roots Gel 4 oz|Quick Roots Gel 8 oz,H Moon Hydro,simple
rare-earth,3,archive,yes,1.00,Archive legacy single products; already covered in consolidated import,rare-earth|rare-earth-1-5-lb|rare-earth-16-lb,Rare Earth|Rare Earth 1.5 lb|Rare Earth 16 lb,H Moon Hydro,grouped|simple
ripen,3,archive,yes,1.00,Archive legacy single products; already covered in consolidated import,ripen-0-5-7-6|ripen-0-5-7-6-gallon|ripen-0-5-7-6-quarts,Ripen® 0.5-7-6|Ripen® 0.5-7-6 Gallon|Ripen® 0.5-7-6 Quarts,H Moon Hydro,grouped|simple
royal-black,3,archive,yes,1.00,Archive legacy single products; already covered in consolidated import,royal-black|royal-black-1-liter|royal-black-4-liter,Royal Black|Royal Black 1 liter|Royal Black 4 liter,H Moon Hydro,grouped|simple
royal-gold,3,archive,yes,1.00,Archive legacy single products; already covered in consolidated import,royal-gold|royal-gold-1-liter|royal-gold-4-liter,Royal Gold|Royal Gold 1 liter|Royal Gold 4 liter,H Moon Hydro,grouped|simple
sensizym,3,archive,yes,1.00,Archive legacy single products; already covered in consolidated import,sensizym|sensizym-1-gal|sensizym-2-5-gal,Sensizym|Sensizym (1 gal)|Sensizym (2.5 gal),H Moon Hydro,grouped|simple
silica-blast,3,archive,yes,1.00,Archive legacy single products; already covered in consolidated import,silica-blast|silica-blast-gal|silica-blast-qt,Silica Blast|Silica Blast Gal.|Silica Blast Qt.,H Moon Hydro,grouped|simple
silicium,3,archive,yes,1.00,Archive legacy single products; already covered in consolidated import,silicium|silicium-100-ml|silicium-500-ml,SiLICIUM|SilICIUM 500 ml|Silicium 100 ML,H Moon Hydro,grouped|simple
silicium-bloom,3,create,no,0.00,Create new variant group,silicium-bloom|silicium-bloom-250-ml|silicium-bloom-500-ml,"SiLICIUM Bloom, liter|Silicium Bloom 250 ML|Silicium Bloom 500 ML",H Moon Hydro,simple
site-plug-of,3,archive,no,1.00,Archive legacy single products; already covered in consolidated import,2-in-site-plug-case-of-20|4-in-site-plug-case-of-10|6-in-site-plug-case-of-10,2 in. Site Plug (case of 20)|4 in. Site Plug (case of 10)|6 in. Site Plug (case of 10),H Moon Hydro,simple
solarmax-hps-lumens,3,create,no,0.00,Create new variant group,solarmax-1000w-hps-w-147000-lumens|solarmax-400w-hps-w-55000-lumens|solarmax-600w-hps-w-95000-lumens,"SolarMax 1000W. HPS w/ 147,000 Lumens|SolarMax 400W. HPS W/ 55,000 Lumens|SolarMax 600W. HPS W/ 95,000 Lumens",H Moon Hydro,simple
solarmax-mht-veg-conversion-lumens,3,archive,no,1.00,Archive legacy single products; already covered in consolidated import,solarmax-1000w-mht-veg-conversion-w-90000-lumens|solarmax-400w-mht-veg-conversion-w-32000-lumens|solarmax-600w-mht-veg-conversion-w-55000-lumens,"SolarMax 1000W. MHT veg/Conversion w/ 90,000 Lumens|SolarMax 400W. MHT veg/Conversion w/32,000 Lumens|SolarMax 600W. MHT veg/Conversion w/ 55,000 Lumens",H Moon Hydro,simple
special-od-high-flange-size-cfm,3,archive,no,1.00,Archive legacy single products; already covered in consolidated import,38-special-100-15-od-39-4-high-8-flange-size-840-cfm|38-special-50-15-od-26-high-6-flange-size-420-cfm|38-special-75-15-od-29-5-high-8-flange-size-600-cfm,"38 Special 100, 15"" OD, 39.4"" High, 8"" flange size, 840 CFM|38 Special 50, 15"" OD, 26"" High, 6"" flange size, 420 CFM|38 Special 75, 15"" OD, 29.5"" High, 8"" flange size, 600 CFM",H Moon Hydro,simple
tarantula-beneficial-bacteria,3,archive,yes,1.00,Archive legacy single products; already covered in consolidated import,tarantula-beneficial-bacteria|tarantula-beneficial-bacteria-130-g|tarantula-beneficial-bacteria-50-g,Tarantula Beneficial Bacteria|Tarantula Beneficial Bacteria (130 g)|Tarantula Beneficial Bacteria (50 g),H Moon Hydro,grouped|simple
terpinator,3,archive,yes,1.00,Archive legacy single products; already covered in consolidated import,terpinator|terpinator-0-0-4-gallon|terpinator-0-0-4-qt,Terpinator 0 - 0 - 4|Terpinator 0 - 0 - 4 Gallon|Terpinator 0 - 0 - 4 Qt.,H Moon Hydro,grouped|simple
tiger-bloom-liquid-plant-food,3,archive,yes,1.00,Archive legacy single products; already covered in consolidated import,tiger-bloom-liquid-plant-food-1-gal|tiger-bloom-liquid-plant-food-1-qt|tiger-bloom-liquid-plant-food-2-8-4,Tiger Bloom Liquid Plant Food (1 gal)|Tiger Bloom Liquid Plant Food (1 qt)|Tiger Bloom Liquid Plant Food (2-8-4),H Moon Hydro,grouped|simple
voodoo-juice-root-booster,3,archive,yes,1.00,Archive legacy single products; already covered in consolidated import,voodoo-juice-root-booster|voodoo-juice-root-booster-1-gal|voodoo-juice-root-booster-500-ml,VooDoo Juice Root Booster|VooDoo Juice Root Booster (1 gal)|VooDoo Juice Root Booster (500 ml),H Moon Hydro,grouped|simple
accurate-ph-remote-probe,2,archive,yes,1.00,Archive legacy single products; already covered in consolidated import,accurate-ph-4-w-remote-probe|accurate-ph-4-w-remote-probe-2,Accurate pH 4 w/remote probe,H Moon Hydro,grouped|simple
aquashield,2,archive,yes,1.00,Archive legacy single products; already covered in consolidated import,aquashield|aquashield-qt,AquaShield|AquaShield Qt.,H Moon Hydro,grouped|simple
aquaspinners,2,create,no,0.00,Create new variant group,aquaspinners|aquaspinners-2,AquaSpinners,H Moon Hydro,simple
athena-bloom-a,2,create,no,0.00,Create new variant group,athena-bloom-a-1-gallon|athena-bloom-a-1-gallon-2,Athena Bloom A - 1 Gallon|Athena Bloom A 1- Gallon,H Moon Hydro,simple
athena-camg,2,create,no,0.00,Create new variant group,athena-camg-1-gallon|athena-camg-2,Athena CaMg|Athena CaMg 1 Gallon,H Moon Hydro,simple
battery-backup,2,archive,no,1.00,Archive legacy single products; already covered in consolidated import,10a-120v-w-battery-backup|10a-240v-w-battery-backup,10A 120V w/battery backup|10A 240V w/battery backup,H Moon Hydro,simple
bcuzz-bio-nrg-bloom-c,2,archive,yes,1.00,Archive legacy single products; already covered in consolidated import,bcuzz-bio-nrg-bloom-c|bcuzz-bio-nrg-bloom-c-1l,B'Cuzz BIO-NRG Bloom-C|B'Cuzz BIO-NRG Bloom-C 1L,H Moon Hydro,grouped|simple
bcuzz-bio-nrg-flavor-c,2,archive,no,1.00,Archive legacy single products; already covered in consolidated import,bcuzz-bio-nrg-flavor-c-1l|bcuzz-bio-nrg-flavor-c-5l,B'Cuzz BIO-NRG Flavor-C 1L|B'Cuzz BIO-NRG Flavor-C 5L,H Moon Hydro,simple
bcuzz-bio-nrg-growth-c,2,archive,yes,1.00,Archive legacy single products; already covered in consolidated import,bcuzz-bio-nrg-growth-c|bcuzz-bio-nrg-growth-c-1l,B'Cuzz BIO-NRG Growth-C|B'Cuzz BIO-NRG Growth-C 1L,H Moon Hydro,grouped|simple
bcuzz-coco-nutrition-componet-a,2,archive,no,1.00,Archive legacy single products; already covered in consolidated import,bcuzz-coco-nutrition-componet-a-1l|bcuzz-coco-nutrition-componet-a-5l,B'Cuzz CoCo Nutrition Componet A 1L|B'Cuzz CoCo Nutrition Componet A 5L,H Moon Hydro,simple
bcuzz-coco-nutrition-componet-b,2,archive,no,1.00,Archive legacy single products; already covered in consolidated import,bcuzz-coco-nutrition-componet-b-1l|bcuzz-coco-nutrition-componet-b-5l,B'Cuzz CoCo Nutrition Componet B 1L|B'Cuzz CoCo Nutrition Componet B 5L,H Moon Hydro,simple
bcuzz-hydro-a,2,archive,no,1.00,Archive legacy single products; already covered in consolidated import,bcuzz-hydro-a-1l|bcuzz-hydro-a-5l,B'Cuzz Hydro A 1L|B'Cuzz Hydro A 5L,H Moon Hydro,simple
bcuzz-hydro-b,2,archive,no,1.00,Archive legacy single products; already covered in consolidated import,bcuzz-hydro-b-1l|bcuzz-hydro-b-5l,B'Cuzz Hydro B 1L|B'Cuzz Hydro B 5L,H Moon Hydro,simple
bcuzz-roxx-bimatrix-growing-slab-x-x,2,archive,no,1.00,Archive legacy single products; already covered in consolidated import,bcuzz-roxx-bimatrix-growing-slab-36-x-6-x-3|bcuzz-roxx-bimatrix-growing-slab-40-x-6-x-3,B'cuzZ Roxx Bimatrix Growing Slab 36 x 6 x 3|B'cuzZ Roxx Bimatrix Growing Slab 40 x 6 x 3,H Moon Hydro,simple
big-bloom-liquid-plant-food,2,create,no,0.00,Create new variant group,big-bloom-liquid-plant-food-1-gal|big-bloom-liquid-plant-food-1-qt,Big Bloom Liquid Plant Food (1 gal)|Big Bloom Liquid Plant Food (1 qt),H Moon Hydro,simple
big-bud-bloom-booster-powder,2,archive,no,1.00,Archive legacy single products; already covered in consolidated import,big-bud-bloom-booster-130g-powder|big-bud-bloom-booster-500g-powder,Big Bud Bloom Booster (130g powder)|Big Bud Bloom Booster (500g powder),H Moon Hydro,simple
block-cocos-nucifera,2,create,no,0.00,Create new variant group,block-cocos-nucifera-1-5-gal-8|block-cocos-nucifera-1-gal,"Block Cocos Nucifera 1 GAL|Block Cocos Nucifera 1.5 GAL 8""",H Moon Hydro,simple
bond-way-soil,2,archive,yes,1.00,Archive legacy single products; already covered in consolidated import,bond-3-way-soil-meter|bond-3-way-soil-meter-2,Bond 3-Way Soil Meter,H Moon Hydro,grouped|simple
bucket-basket,2,archive,no,1.00,Archive legacy single products; already covered in consolidated import,10-in-bucket-basket|6-in-bucket-basket,10 in. Bucket Basket|6 in. Bucket Basket,H Moon Hydro,simple
bud-start-gm,2,archive,no,1.00,Archive legacy single products; already covered in consolidated import,bud-start-100-gm|bud-start-20-gm,Bud Start 100 gm|Bud Start 20 gm,H Moon Hydro,simple
can-duct-ply-premium-ducting-clamps,2,archive,no,1.00,Archive legacy single products; already covered in consolidated import,16-can-duct-3-ply-premium-ducting-w-clamps|18-can-duct-3-ply-premium-ducting-w-clamps,"16"" Can-Duct 3-ply Premium Ducting w/ clamps|18"" Can-Duct 3-ply Premium Ducting w/ Clamps",H Moon Hydro,simple
can-filter-ho-cfm-fan-combo-freight-shipping-only,2,create,no,0.00,Create new variant group,can-filter-100-w-8-ho-620-cfm-fan-combo-freight-shipping-only|can-filter-75-w-8-ho-559-cfm-fan-combo-freight-shipping-only,"Can-Filter 100 W/ 8"" HO 620 CFM Fan Combo (freight shipping ONLY)|Can-Filter 75 W/ 8"" HO 559 CFM Fan Combo (freight shipping ONLY)",H Moon Hydro,simple
carboload,2,archive,yes,1.00,Archive legacy single products; already covered in consolidated import,carboload|carboload-1-gal,CarboLoad|CarboLoad (1 gal),H Moon Hydro,grouped|simple
cfl-plantmax-warm-tube-lumens,2,create,no,0.00,Create new variant group,t5-cfl-2-plantmax-warm-24w-3000k-tube-2280-lumens|t5-cfl-4-plantmax-warm-54w-3000k-tube-4800-lumens,"T5 CFL 2' Plantmax Warm 24W 3000K tube 2,280 lumens|T5 CFL 4' Plantmax Warm 54W. 3000K tube 4800 lumens",H Moon Hydro,simple
chm-greenpower-luminaires,2,create,no,0.00,Create new variant group,315-chm-3k-greenpower-luminaires|315-chm-4k-greenpower-luminaires,315 CHM 3K GREENPOWER LUMINAIRES|315 CHM 4K GREENPOWER LUMINAIRES,H Moon Hydro,simple
clonex-solution,2,archive,no,1.00,Archive legacy single products; already covered in consolidated import,clonex-solution-32oz|clonex-solution-gallon,Clonex Solution 32oz|Clonex Solution Gallon,H Moon Hydro,simple
com-waterproof-ec-tds-temp-combo,2,archive,yes,1.00,Archive legacy single products; already covered in consolidated import,com-100-waterproof-ec-tds-temp-combo-meter|com-100-waterproof-ec-tds-temp-combo-meter-2,COM-100: Waterproof EC / TDS / Temp Combo Meter,H Moon Hydro,grouped|simple
cool-tube-with-reflector-socket-cord-long,2,archive,no,1.00,Archive legacy single products; already covered in consolidated import,6-in-cool-tube-with-reflector-socket-w-15-ft-cord-24-long|8-in-cool-tube-with-reflector-socket-w-15-ft-cord-24-long,"6 in. Cool Tube with reflector socket w/ 15 ft cord - 24"" long|8 in. Cool Tube with reflector socket w/ 15 ft cord - 24"" long",H Moon Hydro,simple
down-to-earth-fish-bone-meal,2,archive,yes,1.00,Archive legacy single products; already covered in consolidated import,down-to-earth-fish-bone-meal-3-16-0|down-to-earth-fish-bone-meal-6-lb,Down To Earth Fish Bone Meal - 6 lb|Down To Earth Fish Bone Meal 3 - 16 - 0,H Moon Hydro,grouped|simple
down-to-earth-high-nitrogen-bat-guano,2,archive,no,1.00,Archive legacy single products; already covered in consolidated import,down-to-earth-high-nitrogen-bat-guano-10-lb|down-to-earth-high-nitrogen-bat-guano-2-lb,Down To Earth High Nitrogen Bat Guano - 10 lb|Down To Earth High Nitrogen Bat Guano - 2 lb,H Moon Hydro,simple
down-to-earth-neem-seed-meal,2,archive,yes,1.00,Archive legacy single products; already covered in consolidated import,down-to-earth-neem-seed-meal-5-lb|down-to-earth-neem-seed-meal-6-1-2,Down To Earth Neem Seed Meal - 5 lb|Down To Earth Neem Seed Meal 6 - 1 - 2,H Moon Hydro,grouped|simple
drying-rack-tier,2,archive,yes,1.00,Archive legacy single products; already covered in consolidated import,drying-rack-4-tier|drying-rack-4-tier-2,Drying Rack - 4 Tier|Drying Rack 4 Tier,H Moon Hydro,grouped|simple
dutch-lighting-innovations-joule-series-de,2,create,no,0.00,Create new variant group,dutch-lighting-innovations-joule-series-1000w-de-120v-240v|dutch-lighting-innovations-joule-series-1000w-de-220v-240v,“Dutch Lighting Innovations”  JOULE-SERIES 1000W DE 120V – 240V|“Dutch Lighting Innovations”  JOULE-SERIES 1000W DE 120V – 240V/ Skid (62 Fixtures),H Moon Hydro,simple
dyna-bloom,2,archive,no,1.00,Archive legacy single products; already covered in consolidated import,dyna-bloom-gallon|dyna-bloom-quart,Dyna Bloom Gallon|Dyna Bloom Quart,H Moon Hydro,simple
dyna-grow,2,archive,no,1.00,Archive legacy single products; already covered in consolidated import,dyna-grow-gallon|dyna-grow-quart,Dyna Grow Gallon|Dyna Grow Quart,H Moon Hydro,simple
eco-commercial-air,2,archive,no,1.00,Archive legacy single products; already covered in consolidated import,eco-commercial-air-3|eco-commercial-air-5,Eco Commercial Air-3|Eco Commercial Air-5,H Moon Hydro,simple
ecoplus-pump-filter,2,archive,no,1.00,Archive legacy single products; already covered in consolidated import,ecoplus-large-pump-filter-bag|ecoplus-small-pump-filter-bag,EcoPlus Large Pump Filter Bag|EcoPlus Small Pump filter Bag,H Moon Hydro,simple
equilibrium-natural,2,archive,yes,1.00,Archive legacy single products; already covered in consolidated import,equilibrium-natural|equilibrium-natural-1-gal,Equilibrium Natural|Equilibrium Natural 1 gal,H Moon Hydro,grouped|simple
eye-hortilux-e-start-metal-halide-lamps,2,archive,yes,1.00,Archive legacy single products; already covered in consolidated import,eye-hortilux-e-start-metal-halide-lamps|eye-hortilux-e-start-metal-halide-lamps-2,Eye Hortilux e-Start Metal Halide Lamps,H Moon Hydro,grouped|simple
eye-hortilux-lu-de-htl-double-ended,2,archive,yes,1.00,Archive legacy single products; already covered in consolidated import,eye-hortilux-lu-1000-de-htl-double-ended|eye-hortilux-lu-1000-de-htl-double-ended-2,Eye Hortilux® LU 1000 DE/HTL Double-Ended,H Moon Hydro,grouped|simple
final-phase,2,archive,yes,1.00,Archive legacy single products; already covered in consolidated import,final-phase|final-phase-1-gal,Final Phase|Final Phase (1 gal),H Moon Hydro,grouped|simple
floranectar-natural-sugar,2,archive,no,1.00,Archive legacy single products; already covered in consolidated import,floranectar-natural-sugar-1-gal|floranectar-natural-sugar-2-5-gal,FloraNectar Natural Sugar 1 gal|FloraNectar Natural Sugar 2.5 gal,H Moon Hydro,simple
floranectar-pineapple,2,archive,no,1.00,Archive legacy single products; already covered in consolidated import,floranectar-pineapple-1-gal|floranectar-pineapple-1-qt,FloraNectar Pineapple 1 gal|FloraNectar Pineapple 1 qt,H Moon Hydro,simple
garden-fungicide,2,archive,no,1.00,Archive legacy single products; already covered in consolidated import,garden-fungicide-1-gal|garden-fungicide-32-oz,Garden Fungicide 1 gal|Garden Fungicide 32 oz,H Moon Hydro,simple
ginormous,2,archive,yes,1.00,Archive legacy single products; already covered in consolidated import,ginormous|ginormous-2-5-gal,Ginormous|Ginormous 2.5 gal,H Moon Hydro,grouped|simple
gmo-auto-seed,2,create,no,0.00,Create new variant group,gmo-8-auto-seed-8pk|gmo-auto-seed-8pk,GMO 8+ Auto-Seed 8pk|GMO Auto-Seed 8pk,H Moon Hydro,simple
green-sensation,2,archive,yes,1.00,Archive legacy single products; already covered in consolidated import,green-sensation|green-sensation-500ml,Green Sensation|Green Sensation 500ml,H Moon Hydro,grouped|simple
greenpowerlunimaires-remote-ballast,2,create,no,0.00,Create new variant group,greenpowerlunimaires-315-remote-ballast|greenpowerlunimaires-315-remote-ballast-2,GREENPOWERLUNIMAIRES -315 REMOTE ballast,H Moon Hydro,simple
humboldt-dueceduece,2,archive,no,1.00,Archive legacy single products; already covered in consolidated import,humboldt-dueceduece-1-gal|humboldt-dueceduece-1-qt,Humboldt DueceDuece 1 gal|Humboldt DueceDuece 1 qt,H Moon Hydro,simple
humboldt-nutrients-calyx-magnum,2,create,no,0.00,Create new variant group,humboldt-nutrients-calyx-magnum-2-0-0-gal|humboldt-nutrients-calyx-magnum-2-0-0-qt,Humboldt Nutrients Calyx Magnum 2 - 0 - 0/Gal.|Humboldt Nutrients Calyx Magnum 2 - 0 - 0/Qt.,H Moon Hydro,simple
hurricane-inline-fan,2,create,no,0.00,Create new variant group,hurricane-inline-fan-6|hurricane-inline-fan-8,"Hurricane Inline Fan 6""|Hurricane Inline Fan 8""",H Moon Hydro,simple
ionic-coco-bloom-soil-hydro,2,archive,no,1.00,Archive legacy single products; already covered in consolidated import,ionic-coco-bloom-soil-hydro-gal|ionic-coco-bloom-soil-hydro-qt,Ionic Coco Bloom Soil/hydro Gal|Ionic Coco Bloom Soil/hydro Qt.,H Moon Hydro,simple
ionic-coco-grow-soil-hydro,2,archive,no,1.00,Archive legacy single products; already covered in consolidated import,ionic-coco-grow-soil-hydro-gal|ionic-coco-grow-soil-hydro-qt,Ionic Coco Grow Soil/Hydro Gal.|Ionic Coco Grow Soil/Hydro Qt,H Moon Hydro,simple
light-timer-v,2,archive,no,1.00,Archive legacy single products; already covered in consolidated import,4-light-timer-120-v|4-light-timer-240-v,4 Light Timer (120 V.)|4 Light timer (240 V.),H Moon Hydro,simple
mayan,2,archive,no,1.00,Archive legacy single products; already covered in consolidated import,mayan-microzyme1-gal|mayan-microzyme1-gal-2,Mayan Microzyme1 gal,H Moon Hydro,simple
mondi-mini-greenhouse-humidity-dome-with-vents,2,archive,no,1.00,Archive legacy single products; already covered in consolidated import,mondi-mini-greenhouse-humidity-dome-4-with-vents|mondi-mini-greenhouse-humidity-dome-7-with-vents,"Mondi Mini Greenhouse Humidity Dome 4"" with vents|Mondi Mini Greenhouse Humidity Dome 7"" with vents",H Moon Hydro,simple
nanotech-reflector-for-sunblaster,2,create,no,0.00,Create new variant group,2-nanotech-reflector-for-sunblaster-t5|4-nanotech-reflector-for-sunblaster-t5,2' Nanotech Reflector for Sunblaster T5|4' Nanotech Reflector for Sunblaster T5,H Moon Hydro,simple
net-pot,2,archive,no,1.00,Archive legacy single products; already covered in consolidated import,5-net-pot|6-net-pot,"5"" Net Pot|6"" Net Pot",H Moon Hydro,simple
net-pot-of,2,archive,no,1.00,Archive legacy single products; already covered in consolidated import,3-in-net-pot-case-of-100|6-in-net-pot-case-of-50,3 in. Net-Pot (case of 100)|6 in. Net-Pot (case of 50),H Moon Hydro,simple
nirvana,2,archive,yes,1.00,Archive legacy single products; already covered in consolidated import,nirvana|nirvana-1-gal,Nirvana|Nirvana (1 gal),H Moon Hydro,grouped|simple
ona-gel-fresh-linen,2,archive,no,1.00,Archive legacy single products; already covered in consolidated import,ona-gel-fresh-linen-1-gal|ona-gel-fresh-linen-1-qt,ONA Gel Fresh Linen (1 gal)|ONA Gel Fresh Linen (1 qt),H Moon Hydro,simple
ona-liquid-polar-crystal,2,archive,no,1.00,Archive legacy single products; already covered in consolidated import,ona-liquid-polar-crystal-1-gal|ona-liquid-polar-crystal-1-qt,ONA Liquid Polar Crystal (1 gal)|ONA Liquid Polar Crystal (1 qt),H Moon Hydro,simple
ona-pro-gel,2,archive,no,1.00,Archive legacy single products; already covered in consolidated import,ona-pro-gel-1-gal|ona-pro-gel-1-qt,ONA Pro Gel (1 gal)|ONA Pro Gel (1 qt),H Moon Hydro,simple
ph,2,archive,no,1.00,Archive legacy single products; already covered in consolidated import,ph-4-01-16-oz|ph-7-0-16-oz,pH 4.01 - 16 oz|pH 7.0 /16 oz,H Moon Hydro,simple
ph-perfect-sensi-bloom-part-a,2,archive,no,1.00,Archive legacy single products; already covered in consolidated import,ph-perfect-sensi-bloom-part-a-1-gal|ph-perfect-sensi-bloom-part-a-2-5-gal,pH Perfect Sensi Bloom part A (1 gal)|pH Perfect Sensi Bloom part A (2.5 gal),H Moon Hydro,simple
ph-perfect-sensi-bloom-part-b,2,archive,no,1.00,Archive legacy single products; already covered in consolidated import,ph-perfect-sensi-bloom-part-b-1-gal|ph-perfect-sensi-bloom-part-b-2-5-gal,pH Perfect Sensi Bloom part B (1 gal)|pH Perfect Sensi Bloom part B (2.5 gal),H Moon Hydro,simple
ph-perfect-sensi-grow-part-a,2,archive,no,1.00,Archive legacy single products; already covered in consolidated import,ph-perfect-sensi-grow-part-a-1-gal|ph-perfect-sensi-grow-part-a-2-5-gal,pH Perfect Sensi Grow part A (1 gal)|pH Perfect Sensi Grow part A (2.5 gal),H Moon Hydro,simple
ph-perfect-sensi-grow-part-b,2,archive,no,1.00,Archive legacy single products; already covered in consolidated import,ph-perfect-sensi-grow-part-b-1-gal|ph-perfect-sensi-grow-part-b-2-5-gal,pH Perfect Sensi Grow part B (1 gal)|pH Perfect Sensi Grow part B (2.5 gal),H Moon Hydro,simple
ph-up-dry,2,archive,no,1.00,Archive legacy single products; already covered in consolidated import,ph-up-dry-1-5-lb|ph-up-dry-16-lb,pH Up Dry 1.5 lb|pH Up Dry 16 lb,H Moon Hydro,simple
ph-waterproof-ph,2,archive,yes,1.00,Archive legacy single products; already covered in consolidated import,ph-200-waterproof-ph-meter|ph-200-waterproof-ph-meter-2,PH-200: Waterproof pH Meter,H Moon Hydro,grouped|simple
plagron-cocos-a,2,archive,no,1.00,Archive legacy single products; already covered in consolidated import,plagron-cocos-a-5-liter|plagron-cocos-a-liter,Plagron Cocos A 5 liter|Plagron Cocos A liter,H Moon Hydro,simple
plagron-cocos-b,2,archive,no,1.00,Archive legacy single products; already covered in consolidated import,plagron-cocos-b-5-liter|plagron-cocos-b-liter,Plagron Cocos B  5 liter|Plagron Cocos B  liter,H Moon Hydro,simple
plagron-hydro-a,2,archive,no,1.00,Archive legacy single products; already covered in consolidated import,plagron-hydro-a-5-liter|plagron-hydro-a-liter,Plagron Hydro A  5 Liter|Plagron Hydro A Liter,H Moon Hydro,simple
plagron-hydro-b,2,archive,no,1.00,Archive legacy single products; already covered in consolidated import,plagron-hydro-b-5-liter|plagron-hydro-b-liter,Plagron Hydro B  5 Liter|Plagron Hydro B Liter,H Moon Hydro,simple
plagron-terra-bloom,2,archive,no,1.00,Archive legacy single products; already covered in consolidated import,plagron-terra-bloom-gal|plagron-terra-bloom-qt,Plagron Terra Bloom Gal.|Plagron Terra Bloom Qt.,H Moon Hydro,simple
plagron-terra-grow,2,archive,no,1.00,Archive legacy single products; already covered in consolidated import,plagron-terra-grow-gallon|plagron-terra-grow-qt,Plagron Terra Grow Gallon|Plagron Terra grow Qt.,H Moon Hydro,simple
plantacillin,2,archive,yes,1.00,Archive legacy single products; already covered in consolidated import,plantacillin|plantacillin-1-liter,Plantacillin|Plantacillin 1 liter,H Moon Hydro,grouped|simple
plantmax-dual-arc-tube-lamps,2,create,no,0.00,Create new variant group,plantmax-dual-arc-tube-lamps|plantmax-dual-arc-tube-lamps-2,Plantmax Dual Arc Tube Lamps,H Moon Hydro,simple
ppm-tds-ms,2,archive,no,1.00,Archive legacy single products; already covered in consolidated import,ppm-1500-tds-2-142-ms-16-oz|ppm-1500-tds-2-142-ms-8-oz,PPM-1500 TDS / 2.142 ms 16 oz|PPM-1500 TDS / 2.142 ms 8 oz,H Moon Hydro,simple
pro-reversible-cfm,2,archive,no,1.00,Archive legacy single products; already covered in consolidated import,pro-50-6-reversible-450-cfm|pro-75-6-reversible-640-cfm,"PRO 50 - 6"" Reversible-450 cfm.|PRO 75 - 6"" Reversible - 640 cfm.",H Moon Hydro,simple
prozyme,2,archive,yes,1.00,Archive legacy single products; already covered in consolidated import,prozyme|prozyme-1-qt,Prozyme|Prozyme 1 qt,H Moon Hydro,grouped|simple
pulse-start-m-h-for-final-flowering,2,archive,no,1.00,Archive legacy single products; already covered in consolidated import,pulse-start-m-h-1000w-10000k-for-final-flowering|pulse-start-m-h-600w-10000k-for-final-flowering,"Pulse Start M.H.1000W. 10,000K for Final Flowering|Pulse Start M.H.600W. 10,000K for Final Flowering",H Moon Hydro,simple
pulse-start-m-h-for-vegative-growth,2,archive,no,1.00,Archive legacy single products; already covered in consolidated import,pulse-start-m-h-1000w-7000k-for-vegative-growth|pulse-start-m-h-600w-7000k-for-vegative-growth,"Pulse Start M.H.1000W. 7,000K for Vegative Growth|Pulse Start M.H.600W. 7,000K for Vegative Growth",H Moon Hydro,simple
pulse-start-metal-halide-for-final-flowering,2,archive,no,1.00,Archive legacy single products; already covered in consolidated import,pulse-start-metal-halide-10000k-for-final-flowering|pulse-start-metal-halide-10000k-for-final-flowering-2,"Pulse Start Metal Halide 10,000K for Final Flowering",H Moon Hydro,simple
pure-clean-powerful-natural-enzymes,2,archive,no,1.00,Archive legacy single products; already covered in consolidated import,pure-clean-powerful-natural-enzymes|pure-clean-powerful-natural-enzymes-1-liter,Pure Clean Powerful natural enzymes|Pure Clean Powerful natural enzymes 1 liter,H Moon Hydro,simple
rhino-skin,2,archive,yes,1.00,Archive legacy single products; already covered in consolidated import,rhino-skin|rhino-skin-4l,Rhino Skin|Rhino Skin (4L),H Moon Hydro,grouped|simple
rosin-pro-press-auto-electirc,2,archive,yes,1.00,Archive legacy single products; already covered in consolidated import,rosin-pro-press-auto-electirc|rosin-pro-press-auto-electirc-2,ROSIN PRO PRESS Auto Electirc,H Moon Hydro,grouped|simple
rosin-pro-press-co-manual,2,archive,yes,1.00,Archive legacy single products; already covered in consolidated import,rosin-pro-press-co-manual|rosin-pro-press-co-manual-2,ROSIN PRO PRESS CO. Manual,H Moon Hydro,grouped|simple
rosin-pro-press-co-pneumatic,2,archive,yes,1.00,Archive legacy single products; already covered in consolidated import,rosin-pro-press-co-pneumatic|rosin-pro-press-co-pneumatic-2,ROSIN PRO PRESS CO. Pneumatic|ROSIN PRO PRESS CO.Pneumatic,H Moon Hydro,grouped|simple
rosin-pro-press-co-pneumatic-dual-element,2,archive,yes,1.00,Archive legacy single products; already covered in consolidated import,rosin-pro-press-co-pneumatic-dual-element|rosin-pro-press-co-pneumatic-dual-element-2,ROSIN PRO PRESS CO. Pneumatic Dual Element,H Moon Hydro,grouped|simple
royal-flush,2,archive,yes,1.00,Archive legacy single products; already covered in consolidated import,royal-flush|royal-flush-16-oz,Royal Flush|Royal Flush 16 oz,H Moon Hydro,grouped|simple
sensi-bloom-part-a,2,create,no,0.00,Create new variant group,sensi-bloom-part-a-1-gal|sensi-bloom-part-a-2-5-gal,Sensi Bloom part A (1 gal)|Sensi Bloom part A (2.5 gal),H Moon Hydro,simple
sensi-grow-part-a,2,archive,no,1.00,Archive legacy single products; already covered in consolidated import,sensi-grow-part-a-1-gal|sensi-grow-part-a-2-5-gal,Sensi Grow part A (1 gal)|Sensi Grow part A (2.5 gal),H Moon Hydro,simple
sensi-grow-part-b,2,archive,no,1.00,Archive legacy single products; already covered in consolidated import,sensi-grow-part-b-1-gal|sensi-grow-part-b-2-5-gal,Sensi Grow part B (1 gal)|Sensi Grow part B (2.5 gal),H Moon Hydro,simple
silicium-mono-si,2,create,no,0.00,Create new variant group,silicium-mono-si-250-ml|silicium-mono-si-500-ml,SiLICIUM mono si 250 ml|SiLICIUM mono si 500 ml,H Moon Hydro,simple
solarmax-mh-gold-lumens,2,archive,no,1.00,Archive legacy single products; already covered in consolidated import,solarmax-1000w-mh-gold-110000-lumens|solarmax-400w-mh-gold-36000-lumens,"SolarMax 1000W. MH Gold 110,000 Lumens|SolarMax 400W. MH Gold 36,000 Lumens",H Moon Hydro,simple
spray-n-grow,2,create,no,0.00,Create new variant group,spray-n-grow-16oz|spray-n-grow-32-oz,Spray N Grow 16oz.|Spray N Grow 32 oz.,H Moon Hydro,simple
standard-black-bucket,2,archive,no,1.00,Archive legacy single products; already covered in consolidated import,standard-3-5-gallon-black-bucket|standard-5-gallon-black-bucket,Standard 5 Gallon Black Bucket|standard 3.5 gallon black bucket,H Moon Hydro,simple
stealth-ro-customized-reverse-osmosis-filter,2,create,no,0.00,Create new variant group,stealth-ro-100-customized-reverse-osmosis-filter|stealth-ro-300-customized-reverse-osmosis-filter,Stealth RO 150 Customized Reverse Osmosis filter|Stealth RO 300 Customized Reverse Osmosis filter,H Moon Hydro,simple
sunblaster,2,create,no,0.00,Create new variant group,sunblaster-125w-cf-2500k-2|sunblaster-200w-cf-6400k-2,Sunblaster 125W CF 2500k|Sunblaster 200W CF 6400k,H Moon Hydro,simple
tds-handheld-with-carrying,2,archive,yes,1.00,Archive legacy single products; already covered in consolidated import,tds-3-handheld-meter-with-carrying-case|tds-3-handheld-meter-with-carrying-case-2,TDS-3 Handheld Meter With Carrying Case,H Moon Hydro,grouped|simple
the-hammer-gm,2,archive,no,1.00,Archive legacy single products; already covered in consolidated import,the-hammer-100-gm|the-hammer-20-gm,The Hammer 100 gm|The Hammer 20 gm,H Moon Hydro,simple
the-ozone-generator,2,archive,yes,1.00,Archive legacy single products; already covered in consolidated import,the-ozone-generator|the-ozone-generator-5000-cu-ft,"The Ozone Generator 5,000 cu. ft.|The Ozone Generator 5,000 cu.ft.",H Moon Hydro,grouped|simple
the-rack-collapsible-drying-system,2,archive,yes,1.00,Archive legacy single products; already covered in consolidated import,the-rack-collapsible-drying-system|the-rack-collapsible-drying-system-2,The Rack - Collapsible Drying System|The Rack- Collapsible Drying System,H Moon Hydro,grouped|simple
the-trimpro,2,archive,yes,0.75,Archive legacy single products; already covered in consolidated import,the-trimpro|the-trimpro-bundle,The TRIMPRO,H Moon Hydro,|grouped
timemist-plus-programmable-dispenser,2,archive,yes,1.00,Archive legacy single products; already covered in consolidated import,timemist-plus-programmable-dispenser|timemist-plus-programmable-dispenser-2,TimeMist Plus Programmable Dispenser,H Moon Hydro,grouped|simple
ton-o-bud,2,archive,yes,1.00,Archive legacy single products; already covered in consolidated import,ton-o-bud-0-10-6|ton-o-bud-1-kg,Ton O Bud 0-10-6|Ton O Bud 1 kg,H Moon Hydro,grouped|simple
ton-o-bud-gm,2,archive,no,1.00,Archive legacy single products; already covered in consolidated import,ton-o-bud-100-gm|ton-o-bud-500-gm,Ton O Bud 100 gm|Ton O Bud 500 gm,H Moon Hydro,simple
trimpro-rotor,2,archive,yes,0.67,Archive legacy single products; already covered in consolidated import,trimpro-rotor|trimpro-rotor-bundle,TRIMPRO ROTOR,H Moon Hydro,|grouped
tubing-blue-roll,2,archive,no,1.00,Archive legacy single products; already covered in consolidated import,1-4-in-tubing-blue-500-ft-roll|3-8-in-tubing-blue-500-ft-roll,1/4 in. TUBING BLUE (500 FT. ROLL)|3/8 in. TUBING BLUE (500 FT. ROLL),H Moon Hydro,simple
ultra-premium-connoisseur,2,archive,yes,1.00,Archive legacy single products; already covered in consolidated import,ultra-premium-connoisseur|ultra-premium-connoisseur-bundle,Ultra-premium Connoisseur|Ultra-premium Connoisseur (Advanced Nutrients pH Perfect Connoisseur),H Moon Hydro,grouped|simple
ultragrow-cool-tube,2,archive,yes,1.00,Archive legacy single products; already covered in consolidated import,ultragrow-cool-tube|ultragrow-cool-tube-bundle,Ultragrow Cool Tube,H Moon Hydro,grouped|simple
union-connector,2,archive,no,1.00,Archive legacy single products; already covered in consolidated import,union-connector-1-4-in|union-connector-3-8-in,UNION CONNECTOR 1/4 in.|UNION CONNECTOR 3/8 in.,H Moon Hydro,simple
verde-growth-catalyst,2,archive,yes,1.00,Archive legacy single products; already covered in consolidated import,verde-growth-catalyst|verde-growth-catalyst-bundle,Verde Growth Catalyst|Verde Growth Catalyst - Humboldt Nutrients Verde 16-1-2,H Moon Hydro,grouped|simple
vortex-powerfans,2,archive,yes,1.00,Archive legacy single products; already covered in consolidated import,vortex-powerfans|vortex-powerfans-bundle,Vortex Powerfans,H Moon Hydro,grouped|simple
x-pressing-screen,2,create,no,0.00,Create new variant group,5-gal-4-bag-kit-w-12-x-10-pressing-screen|5-gal-9-bag-kit-w-12-x-10-pressing-screen,"5 Gal, 4 bag Kit w/12"" x 10"" pressing screen|5 Gal, 9 bag Kit w/12"" x 10"" pressing screen",H Moon Hydro,simple
