id,handle,title,brand,vendor,source,shopify,woo,inventory,sample_keywords
"hmh00907","trolley-wheel-replacement-kit","Trolley wheel replacement kit","Unknown","H Moon Hydro",multi,yes,yes,no,"trolley;wheel;replacement;kit"
"Foliar feeding is easy. Nutrients and a sprayer are all the equipment needed.,H Moon Hydro,,simple,Micronutrients are not in hydroponic solutions. Plants need them to reach their genetic potential.,false,Title,Default Title,,,,,,,,,28.349523125,,0,deny,manual,11.99,16.99,true,true,,,,,,https://cdn.shopify.com/s/files/1/0672/5730/3114/files/32-oz.-sprayNgrow.jpg?v=1761679089,1,Healthy Plants Begin with Healthy Soil,false,,,,oz,,,active","Foliar feeding is easy. Nutrients and a sprayer are all the equipment needed.,H Moon Hydro,,simple,Micronutrients are not in hydroponic solutions. Plants need them to reach their genetic potential.,false,Title,Default Title,,,,,,,,,28.349523125,,0,deny,manual,11.99,16.99,true,true,,,,,,https://cdn.shopify.com/s/files/1/0672/5730/3114/files/32-oz.-sprayNgrow.jpg?v=1761679089,1,Healthy Plants Begin with Healthy Soil,false,,,,oz,,,active","","Unknown","",shopify,yes,no,no,""
"spin-pro-wire-replacments","spin-pro-wire-replacments","Spin Pro Wire Replacments","Unknown","H Moon Hydro",multi,yes,yes,no,"spin;pro;wire;replacments"
"hmh00849","snapture-dovetail","Snapture Dovetail","Unknown","H Moon Hydro",multi,yes,yes,no,"snapture;dovetail"
"ARE SOLD STRICTLY FOR SOUVENIRS","ARE SOLD STRICTLY FOR SOUVENIRS","STORAGE","Unknown","",shopify,yes,no,no,"storage"
"AND GENETIC PRESERVATION.,H Moon Hydro,,simple,GREENHOUSE SEED,false,Title,Default Title,,,,,,,,,7.08738078125,,0,deny,manual,50.00,,true,true,,,,,,https://cdn.shopify.com/s/files/1/0672/5730/3114/files/SUPER_LEMON_HAZE_skunk.jpg?v=1761679089,1,SKUNK,false,,,,oz,,,active","AND GENETIC PRESERVATION.,H Moon Hydro,,simple,GREENHOUSE SEED,false,Title,Default Title,,,,,,,,,7.08738078125,,0,deny,manual,50.00,,true,true,,,,,,https://cdn.shopify.com/s/files/1/0672/5730/3114/files/SUPER_LEMON_HAZE_skunk.jpg?v=1761679089,1,SKUNK,false,,,,oz,,,active","","Unknown","",shopify,yes,no,no,""
"Increased resistance and protection against diseases.","Increased resistance and protection against diseases.","","Unknown","",shopify,yes,no,no,""
"SiLICIUM mono-silicic acid also ensures that the plant stomata diameter is decreased.","SiLICIUM mono-silicic acid also ensures that the plant stomata diameter is decreased.","","Unknown","",shopify,yes,no,no,""
"Dosage","Dosage","","Unknown","",shopify,yes,no,no,""
"Use a minimum of 15mL per 100 Liters OR .5ML per 1 gal of feeding water throughout the growing cycle.","Use a minimum of 15mL per 100 Liters OR .5ML per 1 gal of feeding water throughout the growing cycle.","","Unknown","",shopify,yes,no,no,""
"ALWAYS mix SiLICIUM with Tap or RO water before any other nutrients.,H Moon Hydro,,simple,monosilicic acid,false,Title,Default Title,,,,,,,,,226.796185,,0,deny,manual,299.00,330.00,true,true,,,,,,https://cdn.shopify.com/s/files/1/0672/5730/3114/files/SILBL1L_l_bc4d2891-cbd9-4cd3-b13b-e6bf8a6e7993.jpg?v=1761679081,1,monosilicic acid,false,,,,oz,,,active","ALWAYS mix SiLICIUM with Tap or RO water before any other nutrients.,H Moon Hydro,,simple,monosilicic acid,false,Title,Default Title,,,,,,,,,226.796185,,0,deny,manual,299.00,330.00,true,true,,,,,,https://cdn.shopify.com/s/files/1/0672/5730/3114/files/SILBL1L_l_bc4d2891-cbd9-4cd3-b13b-e6bf8a6e7993.jpg?v=1761679081,1,monosilicic acid,false,,,,oz,,,active","","Unknown","",shopify,yes,no,no,""
"hmh00848","snapture-foot-base","Snapture Foot Base","Unknown","H Moon Hydro",multi,yes,yes,no,"snapture;foot;base"
"sun-system-rs-1850-led","sun-system-rs-1850-led","Sun System RS 1850 LED","Sun System","H Moon Hydro",shopify,yes,no,no,"sun;system;led"
"skunk-auto-feminised-skunk-x-ruderalis-5-seed","skunk-auto-feminised-skunk-x-ruderalis-5-seed","Skunk Auto (Feminised) Skunk x Ruderalis 5 Seed","Unknown","",shopify,yes,no,no,"skunk;auto;feminised;skunk;ruderalis"
"The Skunk Autoflowering is an old-school Skunk crossed with a pure Ruderalis from Kazakstan.","The Skunk Autoflowering is an old-school Skunk crossed with a pure Ruderalis from Kazakstan.","","Unknown","",shopify,yes,no,no,""
"The result is an outstandingly performing autoflowering","The result is an outstandingly performing autoflowering","with extreme vigour and great production up to 80-100 grams of dried material per plant.","Unknown","",shopify,yes,no,no,"extreme;vigour;great;production;grams"
"The structure of the Skunk Autoflowering is branchy","The structure of the Skunk Autoflowering is branchy","withmedium to large internodes.","Unknown","",shopify,yes,no,no,"withmedium;large;internodes"
"It is a medium-tall autoflowering","It is a medium-tall autoflowering","and it performs best when the plantsare allowed to reach 90-120 cm of height.","Unknown","",shopify,yes,no,no,"performs;best;when;plantsare;allowed"
"The Skunk Autoflowering stretches fast during the first two weeks of growth","The Skunk Autoflowering stretches fast during the first two weeks of growth","developing strong branches and lush foliage.","Unknown","",shopify,yes,no,no,"developing;strong;branches;lush;foliage"
"The leaves are dark green","The leaves are dark green","thick","Unknown","",shopify,yes,no,no,"thick"
"The aroma and flavor are very intense with a dominant earthy smell and a caramelized background.","The aroma and flavor are very intense with a dominant earthy smell and a caramelized background.","","Unknown","",shopify,yes,no,no,""
"All the intense notes present in the aroma are translating very well after combustion.","All the intense notes present in the aroma are translating very well after combustion.","","Unknown","",shopify,yes,no,no,""
"The plant is very robust","The plant is very robust","and does not suffer hot temperatures up to 30 degrees Celsius.","Unknown","",shopify,yes,no,no,"not;suffer;hot;temperatures;degrees"
"The buds are slow to form during the first weeks of flowering","The buds are slow to form during the first weeks of flowering","but develop very rapidly during the last few weeks","Unknown","",shopify,yes,no,no,"develop;very;rapidly;during;last"
"allowing growers to chose the ripeness of their harvest within a short time period at the end of the crop.","allowing growers to chose the ripeness of their harvest within a short time period at the end of the crop.","","Unknown","",shopify,yes,no,no,""
"The effect is fast hitting","The effect is fast hitting","intense","Unknown","",shopify,yes,no,no,"intense"
"The complexity of the effect is very similar to the original Skunk.","The complexity of the effect is very similar to the original Skunk.","","Unknown","",shopify,yes,no,no,""
"The medicinal effects of this strain are still to be evaluated.,H Moon Hydro,,simple,GREENHOUSE SEED,false,Title,Default Title,,,,,,,,,7.08738078125,,0,deny,manual,40.00,,true,true,,,,,,https://cdn.shopify.com/s/files/1/0672/5730/3114/files/Skunk-Auto.jpg?v=1761679082,1,"",false,,,,oz,,,active","The medicinal effects of this strain are still to be evaluated.,H Moon Hydro,,simple,GREENHOUSE SEED,false,Title,Default Title,,,,,,,,,7.08738078125,,0,deny,manual,40.00,,true,true,,,,,,https://cdn.shopify.com/s/files/1/0672/5730/3114/files/Skunk-Auto.jpg?v=1761679082,1,"",false,,,,oz,,,active","","Unknown","",shopify,yes,no,no,""
"Increased yields","Increased yields","","Unknown","",shopify,yes,no,no,""
"Earlier flower set","Earlier flower set","","Unknown","",shopify,yes,no,no,""
"Increased flower size","Increased flower size","","Unknown","",shopify,yes,no,no,""
"Higher brix levels","Higher brix levels","","Unknown","",shopify,yes,no,no,""
"Increased root mass","Increased root mass","","Unknown","",shopify,yes,no,no,""
"Extends shelf-life of harvested crops,H Moon Hydro,,simple,Increased flower size,false,Title,Default Title,,,,,,,,,283.49523125,,0,deny,manual,19.99,40.00,true,true,,,,,,https://cdn.shopify.com/s/files/1/0672/5730/3114/files/32-oz.-sng.jpg?v=1761679073,1,"",false,,,,oz,,,active","Extends shelf-life of harvested crops,H Moon Hydro,,simple,Increased flower size,false,Title,Default Title,,,,,,,,,283.49523125,,0,deny,manual,19.99,40.00,true,true,,,,,,https://cdn.shopify.com/s/files/1/0672/5730/3114/files/32-oz.-sng.jpg?v=1761679073,1,"",false,,,,oz,,,active","","Unknown","",shopify,yes,no,no,""
"hmh00509","socket-set-w-15-cord","Socket Set w/ 15' Cord","Unknown","H Moon Hydro",multi,yes,yes,no,"socket;set;cord"
"scietetics-production-powder-bloom","scietetics-production-powder-bloom","Scietetics Production Powder Bloom","Unknown","H Moon Hydro",shopify,yes,no,no,"scietetics;production;powder;bloom"
"ALWAYS mix SiLicium with Tap or RO water before any other nutrients.,H Moon Hydro,,simple,"",false,Title,Default Title,,,,,,,,hmh01763,283.49523125,,0,deny,manual,299.00,380.00,true,true,,,,,,https://cdn.shopify.com/s/files/1/0672/5730/3114/files/Silicium-website-image.jpg?v=1761679066,1,"",false,,,,oz,,,active","ALWAYS mix SiLicium with Tap or RO water before any other nutrients.,H Moon Hydro,,simple,"",false,Title,Default Title,,,,,,,,hmh01763,283.49523125,,0,deny,manual,299.00,380.00,true,true,,,,,,https://cdn.shopify.com/s/files/1/0672/5730/3114/files/Silicium-website-image.jpg?v=1761679066,1,"",false,,,,oz,,,active","","Unknown","",shopify,yes,no,no,""
"self-watering-fabric-pot-base-4-pack","self-watering-fabric-pot-base-4-pack","Self-Watering Fabric Pot Base, 4-Pack","Unknown","H Moon Hydro",shopify,yes,no,no,"self;watering;fabric;pot;base"
"scietetics-ful-v-tech-element-transfer-system-255-gallon","scietetics-ful-v-tech-element-transfer-system-255-gallon","Scietetics Ful V Tech Element Transfer System 255 Gallon","Unknown","H Moon Hydro",shopify,yes,no,no,"scietetics;ful;tech;element;transfer"
"russet","russet","Russet","Unknown","H Moon Hydro",shopify,yes,no,no,"russet"
"hmh01938","ripen-0-5-7-6-quarts","Ripen® 0.5-7-6 Quarts","Unknown","H Moon Hydro",multi,yes,yes,no,"ripen;quarts"
"hmh00964","replacement-probe-for-24-7-meter","Replacement Probe for 24-7 Meter","Unknown","H Moon Hydro",multi,yes,yes,no,"replacement;probe;meter"
"hmh2014","q-max-ultra-quiet-10-fan","Q-Max Ultra Quiet 10"" Fan","Unknown","H Moon Hydro",multi,yes,yes,no,"max;ultra;quiet;fan"
"hmh00320","prop-o-gator-500-ml","Prop-O-Gator 500 ml","Unknown","H Moon Hydro",multi,yes,yes,no,"prop;gator"
"peel-and-stick-zipper-7-ft-x-3-in-double-sided-2-pack","peel-and-stick-zipper-7-ft-x-3-in-double-sided-2-pack","Peel and Stick Zipper, 7 ft. x 3 in. Double Sided, 2-Pack","AC Infinity","H Moon Hydro",multi,yes,yes,no,"peel;stick;zipper;double;sided"
"hmh00100","organic-feeder-packs-20-ct","Organic Feeder packs - 20 ct.","Unknown","H Moon Hydro",multi,yes,yes,no,"organic;feeder;packs"
"hmh00940","on-off-switcher-120v-3","ON/OFF Switcher 120V","Unknown","H Moon Hydro",multi,yes,yes,no,"off;switcher"
"hmh01588","nurtadip-growboss","Nutradip GROWBOSS","Unknown","H Moon Hydro",multi,yes,yes,no,"nutradip;growboss"
"hmh01511","nanolux-cube-600-watt-dimmable","NanoLux Cube 600 Watt Dimmable","Unknown","H Moon Hydro",multi,yes,yes,no,"nanolux;cube;watt;dimmable"
"hmh00467","miniblocks-1-5-x-1-5-x-1-5-6-15mm-hole98-plugs-per-matt","Miniblocks 1.5 x 1.5 x 1.5, 6/15mm hole<br>(98 plugs per matt)","Unknown","H Moon Hydro",multi,yes,yes,no,"miniblocks;hole;plugs;per;matt"
"but ethanol isn’t cheap","How ethanol is boiled","evaporated","In Some Cases","in some cases",shopify,yes,no,no,"evaporated"
"with substantial surface area in the oil collection area","<strong>“Closed loop”</strong> systems also evaporate ethanol at open atmosphere temperatures of around 173°F","just like a rice cooker","Unknown","but they are similar.  These devices partially solve two of the problems associated with completely open systems to a limited degree. Safety is better because a good amount of the alcohol vapor is condensed and collected for reuse. However",shopify,yes,no,no,"just;like;rice;cooker"
"HGC741642 Hydro-Logic Pre-Evolution Sediment Filter Pleated/Cleanable","HGC741642 Hydro-Logic Pre-Evolution Sediment Filter Pleated/Cleanable","","Unknown","",shopify,yes,no,no,""
"Carbon Filter","Carbon Filter","","Unknown","",shopify,yes,no,no,""
"HGC741701 Hydro-Logic PreEvolution Catalytic Carbon/KDFfilter (8/cs)","HGC741701 Hydro-Logic PreEvolution Catalytic Carbon/KDFfilter (8/cs)","","Unknown","",shopify,yes,no,no,""
"HGC741640 Hydro-Logic PreEvolution Chlorashield","HGC741640 Hydro-Logic PreEvolution Chlorashield","","Unknown","",shopify,yes,no,no,""
"​​​​​​​Accessories","​​​​​​​Accessories","","Unknown","",shopify,yes,no,no,""
"HGC741666 (HL 24017) Hydro-Logic Wrench Stealth RO Double ended,H Moon Hydro,,simple,pre filter,false,Title,Default Title,,,,,,,,,1105.631401875,,0,deny,manual,399.00,454.99,true,true,,,,,,https://cdn.shopify.com/s/files/1/0672/5730/3114/files/pre-filter-eveloution.jpg?v=1761678949,1,Ensure your Evolution RO1000 runs more efficientl,false,,,,oz,,,active","HGC741666 (HL 24017) Hydro-Logic Wrench Stealth RO Double ended,H Moon Hydro,,simple,pre filter,false,Title,Default Title,,,,,,,,,1105.631401875,,0,deny,manual,399.00,454.99,true,true,,,,,,https://cdn.shopify.com/s/files/1/0672/5730/3114/files/pre-filter-eveloution.jpg?v=1761678949,1,Ensure your Evolution RO1000 runs more efficientl,false,,,,oz,,,active","","Unknown","",shopify,yes,no,no,""
"hmh00038","general-organics-starter-box","General Organics Starter Box","Unknown","H Moon Hydro",multi,yes,yes,no,"general;organics;starter;box"
"hmh00006","gardening-indoors-with-cuttings","Gardening Indoors with Cuttings","Unknown","H Moon Hydro",multi,yes,yes,no,"gardening;indoors;cuttings"
"hmh01486","holland-secret-starter-pack-2","Holland Secret Starter Pack","Unknown","H Moon Hydro",multi,yes,yes,no,"holland;secret;starter;pack"
"hawaiian-snow-feminised-hawaiian-sativa-x-laos","hawaiian-snow-feminised-hawaiian-sativa-x-laos","Hawaiian Snow (Feminised) Hawaiian sativa x Laos","Unknown","H Moon Hydro",shopify,yes,no,no,"hawaiian;snow;feminised;hawaiian;sativa"
"hmh01671","greenpowerluminaires-630-double-240v-with-1-3k-1-4k-lamps","GREENPOWERLUMINAIRES  630 double 240V with 1-3K &1-4K lamps","Unknown","H Moon Hydro",multi,yes,yes,no,"greenpowerluminaires;double;lamps"
"hmh01655","green-sensation-500ml","Green Sensation 500ml","Unknown","H Moon Hydro",multi,yes,yes,no,"green;sensation"
"golden-gun-nano-sulfur","golden-gun-nano-sulfur","Golden Gun * Nano Sulfur","Unknown","H Moon Hydro",shopify,yes,no,no,"golden;gun;nano;sulfur"
"hmh00228","flora-shield-1-pt","Flora Shield 1 pt","Unknown","H Moon Hydro",multi,yes,yes,no,"flora;shield"
"etoh-pro-rev2-ethanol-botanical-extractor-odorless-closed-loop-high-volume","etoh-pro-rev2-ethanol-botanical-extractor-odorless-closed-loop-high-volume","EtOH Pro REV2 Ethanol Botanical Extractor - Odorless Closed-Loop High Volume","Unknown","H Moon Hydro",shopify,yes,no,no,"etoh;pro;rev;ethanol;botanical"
"hmh01317","eco-commercial-air-5","Eco Commercial Air-5","Unknown","H Moon Hydro",multi,yes,yes,no,"eco;commercial;air"
"Brand","Brand","","Unknown","",shopify,yes,no,no,""
"Dutch Lighting Innovations","Dutch Lighting Innovations","","Unknown","",shopify,yes,no,no,""
"Weight (lbs)","Weight (lbs)","","Unknown","",shopify,yes,no,no,""
"25","25","","Unknown","",shopify,yes,no,no,""
"Discounts Allowed?","Discounts Allowed?","","Unknown","",shopify,yes,no,no,""
"No","No","","Unknown","",shopify,yes,no,no,""
"Dimensions","Dimensions","","Unknown","",shopify,yes,no,no,""
"42.71 x 44.72 x 2.64","42.71 x 44.72 x 2.64","","Unknown","",shopify,yes,no,no,""
"Spectral Blend","Spectral Blend","","Unknown","",shopify,yes,no,no,""
"Full Spectrum","Full Spectrum","","Unknown","",shopify,yes,no,no,""
"Light Type","Light Type","","Unknown","",shopify,yes,no,no,""
"LED","LED","","Unknown","",shopify,yes,no,no,""
"Amps","Amps","","Unknown","",shopify,yes,no,no,""
"3.03A @208V | 2.62A @240V | 2.27A @277V | 1.82A @347V | 1.58A @400V","3.03A @208V | 2.62A @240V | 2.27A @277V | 1.82A @347V | 1.58A @400V","","Unknown","",shopify,yes,no,no,""
"IP Rating","IP Rating","","Unknown","",shopify,yes,no,no,""
"IP65","IP65","","Unknown","",shopify,yes,no,no,""
"CSA Certified","CSA Certified","","Unknown","",shopify,yes,no,no,""
"Yes","Yes","","Unknown","",shopify,yes,no,no,""
"CE Listed","CE Listed","","Unknown","",shopify,yes,no,no,""
"UL Listed","UL Listed","","Unknown","",shopify,yes,no,no,""
"FREE Shipping","FREE Shipping","","Unknown","",shopify,yes,no,no,""
"hmh00508","ebb-gro-monster-system-controller","Ebb & Gro Monster System Controller","Unknown","H Moon Hydro",shopify,yes,no,no,"ebb;gro;monster;system;controller"
"e-papillon-630-watt-led","e-papillon-630-watt-led","E-Papillon 630 Watt LED","Unknown","",shopify,yes,no,no,"papillon;watt;led"
"with all existing DLI systems","with all existing DLI systems","","Unknown","",shopify,yes,no,no,""
"hmh01314","eco-air-2-two-outlet","Eco Air-2 Two Outlet","Unknown","H Moon Hydro",multi,yes,yes,no,"eco;air;two;outlet"
"hmh00912","dual-diaphram-rebuild-kit-2-diaphrams-nylock-nuts","Dual Diaphram Rebuild Kit 2 diaphrams & nylock nuts","Unknown","H Moon Hydro",multi,yes,yes,no,"dual;diaphram;rebuild;kit;diaphrams"
"hmh01316","eco-commercial-air-3","Eco Commercial Air-3","Unknown","H Moon Hydro",multi,yes,yes,no,"eco;commercial;air"
"hmh00906","drive-wheel-o-ring-kit-tension-spring-o-ring-nut-bolt","Drive wheel O-ring Kit ( tension spring O-ring Nut Bolt)","Unknown","H Moon Hydro",multi,yes,yes,no,"drive;wheel;ring;kit;tension"
"dli-cri-series-uv-150w-de","dli-cri-series-uv-150w-de","DLI CRI-Series UV 150W DE","Unknown","",shopify,yes,no,no,"dli;cri;series"
"There are specific photoreceptors for UV-B and UV-A that plants use to sense and learn about the environment around them and to regulate internal proceses based on this information. UV exposure at the right dose manifests in healthier","There are specific photoreceptors for UV-B and UV-A that plants use to sense and learn about the environment around them and to regulate internal proceses based on this information. UV exposure at the right dose manifests in healthier","more resilient plants. Stimulation with UV light increases leaf and cell wall thickness and makes plants less susceptible to bugs and mould. This characteristic of UV light lowers the need for insecticides and fungicides and can also assist in the breakdown of residues that remain on surfaces.,H Moon Hydro,,simple,150 D/E uv","Unknown","B",shopify,yes,no,no,"more;resilient;plants;stimulation;light"
"hmh00973","com-100-waterproof-ec-tds-temp-combo-meter-2","COM-100: Waterproof EC / TDS / Temp Combo Meter","Unknown","H Moon Hydro",multi,yes,yes,no,"com;waterproof;tds;temp;combo"
"<h2>Tailored","<h2>Tailored","Custom Airflow</h2>","Unknown","",shopify,yes,no,no,"custom;airflow"
"centurion-pro-tabletop-trimming-machine-wet-or-dry","centurion-pro-tabletop-trimming-machine-wet-or-dry","Centurion Pro Tabletop Trimming Machine Wet or Dry","Unknown","H Moon Hydro",shopify,yes,no,no,"centurion;pro;tabletop;trimming;machine"
"hmh01909","carb-o-naria-0-0-0-3-2-5-gall","CAR-BEAU-NARIA 0-0-0.3 , 2.5 Gall","Unknown","H Moon Hydro",multi,yes,yes,no,"car;beau;naria;gall"
"hmh01910","car-beau-naria-0-0-0-3-5-gall","Car- Beau- Naria 0-0-0.3 , 5 Gall","Unknown","H Moon Hydro",multi,yes,yes,no,"car;beau;naria;gall"
"hmh01908","carb-o-naria-0-0-0-3-gall-4-cs","CAR-BEAU-NARIA 0-0-0.3 Gall.(4/cs)","Unknown","H Moon Hydro",multi,yes,yes,no,"car;beau;naria;gall"
"hmh01855","calnesium-defficiency-correction-supplemnt-qt","CALNESIUM Defficiency Correction Supplemnt Qt.","Unknown","H Moon Hydro",multi,yes,yes,no,"calnesium;defficiency;correction;supplemnt"
"hmh01857","calnesium-defficiency-correction-supplemnt-2-5-ga","CALNESIUM Defficiency Correction Supplemnt 2.5 Ga","Unknown","H Moon Hydro",multi,yes,yes,no,"calnesium;defficiency;correction;supplemnt"
"hmh01157","calimagic-gal","CALiMAGic gal","Unknown","H Moon Hydro",multi,yes,yes,no,"calimagic;gal"
"hmh01156","calimagic-qt","CALiMAGic qt","Unknown","H Moon Hydro",multi,yes,yes,no,"calimagic"
"blue-grease-algae-extract","blue-grease-algae-extract","Blue Grease * Algae Extract","Unknown","H Moon Hydro",shopify,yes,no,no,"blue;grease;algae;extract"
"bio365-bioflower-nutrient-dense-mix-1-5cu-ft-bag-blend-of-fine-coir-coarse-peat-super-coarse-perlite","bio365-bioflower-nutrient-dense-mix-1-5cu-ft-bag-blend-of-fine-coir-coarse-peat-super-coarse-perlite","bio365™ BIOFLOWER™ Nutrient Dense Mix - 1.5cu ft - Bag - Blend of Fine Coir, Coarse Peat, & Super Coarse Perlite","Unknown","",shopify,yes,no,no,"bio;bioflower;nutrient;dense;mix"
"hmh00581","big-boy","Big Boy","Unknown","H Moon Hydro",shopify,yes,no,no,"big;boy"
"hmh01765","bi-pin-socket-adpter-for-pgzx18","BI-PIN Socket adpter for PGZX18","Unknown","H Moon Hydro",multi,yes,yes,no,"pin;socket;adpter;pgzx"
"hmh01435","b1cuss-blossombuilder-946-ml","B1Cuss BlossomBuilder 946 ml.","Unknown","H Moon Hydro",multi,yes,yes,no,"cuss;blossombuilder"
"big-bang-feminised-skunk-x-northern-light-x-el-nino-auto-5-seed","big-bang-feminised-skunk-x-northern-light-x-el-nino-auto-5-seed","Big Bang (Feminised) Skunk x Northern Light x El Niño AUTO 5 Seed","Unknown","H Moon Hydro",shopify,yes,no,no,"big;bang;feminised;skunk;northern"
"hmh00910","add-a-lamp-hardware-kit-trolley-and-mounting-hardware","Add a Lamp Hardware Kit (Trolley and mounting hardware)","Unknown","H Moon Hydro",multi,yes,yes,no,"add;lamp;hardware;kit;trolley"
"agrowlyte-plant-wash-qt","agrowlyte-plant-wash-qt","AgrowLyte Plant Wash qt.","Unknown","H Moon Hydro",multi,yes,yes,no,"agrowlyte;plant;wash"
"athena-grow-a","athena-grow-a","Athena Grow A 1 Gallon","Athena","H Moon Hydro",shopify,yes,no,no,"athena;grow;gallon"
"hmh00099","all-purpose-feeder-packs-20-ct","All-Purpose feeder packs.- 20 ct.","Unknown","H Moon Hydro",multi,yes,yes,no,"all;purpose;feeder;packs"
"hmh01199","aquaspinners","AquaSpinners","Unknown","H Moon Hydro",multi,yes,yes,no,"aquaspinners"
"alfa-grease-alfalfa-extract","alfa-grease-alfalfa-extract","Alfa Grease * Alfalfa Extract","Unknown","H Moon Hydro",shopify,yes,no,no,"alfa;grease;alfalfa;extract"
"hmh01431","atami-rootblastic-80-ml","Atami RootBlastic 80 ml.","Unknown","H Moon Hydro",multi,yes,yes,no,"atami;rootblastic"
"hmh01178","aquashield-qt","AquaShield Qt.","Unknown","H Moon Hydro",multi,yes,yes,no,"aquashield"
"hmh01432","atami-rootblastic-250-ml","Atami RootBlastic 250 ml","Unknown","H Moon Hydro",multi,yes,yes,no,"atami;rootblastic"
"agrowlyte-stop-pm-5-gallon","agrowlyte-stop-pm-5-gallon","Agrowlyte Stop PM 5 Gallon","Unknown","H Moon Hydro",shopify,yes,no,no,"agrowlyte;stop;gallon"
"hmh01200","aquaspinners-2","AquaSpinners","Unknown","H Moon Hydro",multi,yes,yes,no,"aquaspinners"
"hmh01201","air-tight-6-a-c-w-15-socket-set","Air Tight 6 A/C - w/15' Socket Set","Unknown","H Moon Hydro",shopify,yes,no,no,"air;tight;socket;set"
"athena-cleanse","athena-cleanse","Athena Cleanse","Athena","H Moon Hydro",shopify,yes,no,no,"athena;cleanse"
"ac-wsa20-b-automatic-water-sprayer-2-liter","ac-wsa20-b-automatic-water-sprayer-2-liter","AC-WSA20-B Automatic Water Sprayer, 2-Liter","AC Infinity","H Moon Hydro",multi,yes,yes,no,"wsa;automatic;water;sprayer;liter"
"hmh00836","6-mesh-basket","6"" Mesh Basket","Unknown","H Moon Hydro",multi,yes,yes,no,"mesh;basket"
"hmh00901","6-ft-rail-only","6 ft Rail only","Unknown","H Moon Hydro",multi,yes,yes,no,"rail;only"
"hmh00835","5-mesh-basket","5"" Mesh Basket","Unknown","H Moon Hydro",multi,yes,yes,no,"mesh;basket"
"hmh00825","4-laser-sprayline","4' Laser Sprayline","Unknown","H Moon Hydro",multi,yes,yes,no,"laser;sprayline"
"hmh01708","315-chm-4k-greenpower-luminaires","315 CHM 4K GREENPOWER LUMINAIRES","Unknown","H Moon Hydro",multi,yes,yes,no,"chm;greenpower;luminaires"
"hmh00522","4-in-air-cooled-fittings-2-pk","4 in. Air Cooled Fittings (2/pk)","Unknown","H Moon Hydro",multi,yes,yes,no,"air;cooled;fittings"
"hmh01717","315-chm-3k-greenpower-luminaires","315 CHM 3K GREENPOWER LUMINAIRES","Unknown","H Moon Hydro",multi,yes,yes,no,"chm;greenpower;luminaires"
"hmh00902","3-ft-extender-rail-a-3-foot-section-of-rail-to-extend-a-6-ft-section-into-a-9-ft","3 ft extender rail- A 3 foot section of rail to extend a 6 ft section into a 9 ft","Unknown","H Moon Hydro",multi,yes,yes,no,"extender;rail;foot;section;rail"
"hmh00834","3-75-mesh-basket","3.75 Mesh Basket","Unknown","H Moon Hydro",multi,yes,yes,no,"mesh;basket"
"hmh00997","3-pack-1-5-v-batteries-for-hm-digital-meters","3-pack 1.5 V batteries for HM Digital Meters","Unknown","H Moon Hydro",multi,yes,yes,no,"pack;batteries;digital;meters"
"hmh01333","22-5-x-18-storage-bag","22.5"" x 18"" Storage Bag","Unknown","H Moon Hydro",multi,yes,yes,no,"storage;bag"
"hmh01334","12-x-18-x-3-storage-bag-ziploc","12"" x 18"" x 3"" Storage Bag (ziploc)","Unknown","H Moon Hydro",multi,yes,yes,no,"storage;bag;ziploc"
"hmh00937","10a-240v-w-battery-backup","10A 240V w/battery backup","Unknown","H Moon Hydro",multi,yes,yes,no,"battery;backup"
"hmh00814","10-x-10-x-10-y-connector","10"" X 10"" X 10"" ""Y"" Connector","Unknown","H Moon Hydro",multi,yes,yes,no,"connector"
"hmh00936","10a-120v-w-battery-backup","10A 120V w/battery backup","Unknown","H Moon Hydro",multi,yes,yes,no,"battery;backup"
"SKID","dutch-lighting-innovations-joule-series-1000w-de-220v-240v","“Dutch Lighting Innovations”  JOULE-SERIES 1000W DE 120V – 240V/ Skid (62 Fixtures)","Unknown","H Moon Hydro",shopify,yes,no,no,"dutch;lighting;innovations;joule;series"
"dutch-lighting-innovations-joule-series-1000w-de-120v-240v","dutch-lighting-innovations-joule-series-1000w-de-120v-240v","“Dutch Lighting Innovations”  JOULE-SERIES 1000W DE 120V – 240V","Unknown","H Moon Hydro",multi,yes,yes,no,"dutch;lighting;innovations;joule;series"
"hmh00620","1-1-4-drain-overflow-tube","1 1/4"" drain overflow tube","Unknown","H Moon Hydro",multi,yes,yes,no,"drain;overflow;tube"
"hmh00621","1-1-4-reservoir-filter","1 1/4"" reservoir filter","Unknown","H Moon Hydro",multi,yes,yes,no,"reservoir;filter"
"Movie:[]","Movie:[]","","Unknown","",multi,no,yes,no,""
"hmh00016","flora-series","","Unknown","",woo,no,yes,no,""
"hmh00017","floranova-series","","Unknown","",woo,no,yes,no,""
"hmh00018","maxi-series","","Unknown","",woo,no,yes,no,""
"hmh00019","biobud","","Unknown","",woo,no,yes,no,""
"hmh00020","biomarine","","Unknown","",woo,no,yes,no,""
"hmh00022","bioweed","","Unknown","",woo,no,yes,no,""
"hmh00023","camg","","Unknown","",woo,no,yes,no,""
"hmh00024","diamond-black","","Unknown","",woo,no,yes,no,""
"FAQPage:[]","FAQPage:[]","","Unknown","",multi,no,yes,no,""
"hmh00026","floraduo-complete","","Unknown","",woo,no,yes,no,""
"our unique fermentation process creates a potent blend of phytostimulants and biometabolic precursors that enables Floralicious to bring out your plants full genetic potential. Floralicious augments metabolic activity in the root zone","our unique fermentation process creates a potent blend of phytostimulants and biometabolic precursors that enables Floralicious to bring out your plants full genetic potential. Floralicious augments metabolic activity in the root zone","","Unknown","",woo,no,yes,no,""
"maxScore:9","maxScore:9","","Maxscore:9","",multi,no,yes,no,""
"polyflavonoids","polyflavonoids","","Unknown","",woo,no,yes,no,""
"Course:[]","Course:[]","","Unknown","",multi,no,yes,no,""
"hmh00032","koolbloom","","Unknown","",woo,no,yes,no,""
"Dataset:[]","Dataset:[]","","Unknown","",multi,no,yes,no,""
"hmh00046","blossom-builder-tabzz","","Unknown","",woo,no,yes,no,""
"hmh00055","royal-gold","","Unknown","",woo,no,yes,no,""
"hmh00065","double-super-b-extra-strength","","Unknown","",woo,no,yes,no,""
"Iron DPTA","Iron DPTA","","Molybdenum Edta","",woo,no,yes,no,""
"Copper EDTA.</i>","Copper EDTA.</i>","","Unknown","",woo,no,yes,no,""
"Amino-Chelated Manganese","Amino-Chelated Manganese","","Unknown","",woo,no,yes,no,""
"Potassium Nitrate","Potassium Nitrate","","Amino-chelated Potassium","",woo,no,yes,no,""
"hmh00076","dueceduece","","Unknown","",woo,no,yes,no,""
"hmh00079","hydro-deuce","","Unknown","",woo,no,yes,no,""
"hmh00080","royal-flush","","Unknown","",woo,no,yes,no,""
"customGraphs:[]","customGraphs:[]","","Unknown","",multi,no,yes,no,""
"hmh00083","bloom-natural","","Unknown","",woo,no,yes,no,""
"hmh00086","verde-growth-catalyst","","Unknown","",woo,no,yes,no,""
"Copper sulfate","Copper sulfate","","Unknown","",woo,no,yes,no,""
"G.clarum","G.clarum","","<i>rhizopogon Villsullus","",woo,no,yes,no,""
"Car:[]","B. Therengiensis","","P. Gordonae","",woo,no,yes,no,""
"fruit","fruit","","Unknown","",woo,no,yes,no,""
"and plant health.","and plant health.","","Unknown","",woo,no,yes,no,""
"&amp; S. citrini</i>","&amp; S. citrini</i>","","Unknown","",woo,no,yes,no,""
"B. thurengiensis","B. thurengiensis","","P. Gordonae","",woo,no,yes,no,""
"hmh00094","humboldt-roots","","Unknown","",woo,no,yes,no,""
"hmh00101","mykos-mycorrhizal-inoculant-granular","","Unknown","",woo,no,yes,no,""
"hmh00104","calcarb-calcium-carbonate-foliar-spray","","Unknown","",woo,no,yes,no,""
"hmh00112","cocotek-caps","","Unknown","",woo,no,yes,no,""
"hmh00113","cocotek-liners","","Unknown","",woo,no,yes,no,""
"hmh00116","rapid-rooter-rooting-plugs","","Unknown","",woo,no,yes,no,""
"hmh00118","basic-magnetic-ballast","","Unknown","",woo,no,yes,no,""
"hmh00135","ultragrow-cool-tube","","Unknown","",woo,no,yes,no,""
"hmh00143","ona-block","","Unknown","",woo,no,yes,no,""
"hmh00144","ona-liquid","","Unknown","",woo,no,yes,no,""
"hmh00145","ona-gel","","Unknown","",woo,no,yes,no,""
"hmh00148","ona-mist","","Unknown","",woo,no,yes,no,""
"hmh00150","doktor-doom-fogger","","Unknown","",woo,no,yes,no,""
"hmh00152","plantacillin","","Unknown","",woo,no,yes,no,""
"hmh00155","ed-rosenthals-zero-tolerance-herbal-pesticide-fungicide","","Unknown","",woo,no,yes,no,""
"Medium and Heavy) that fit your needs. Saves time","Medium and Heavy) that fit your needs. Saves time","","Unknown","",woo,no,yes,no,""
"hmh00158","safer-garden-fungicide-32oz-rtu-spray","","Unknown","",woo,no,yes,no,""
"hmh00159","block-ir-infra-red-barrier","","Unknown","",woo,no,yes,no,""
"hmh00463","bcuzz-roxx-propagation-trays-and-matts","","Unknown","",woo,no,yes,no,""
"hmh00468","bcuzz-roxx-rooting-blocks","","Unknown","",woo,no,yes,no,""
"hmh00474","bcuzz-roxx-bimatrix-growing-slabs","","Unknown","",woo,no,yes,no,""
"hmh00572","tnc-water-pump","","Unknown","",woo,no,yes,no,""
"hmh00573","mag-drive-pumps","","Unknown","",woo,no,yes,no,""
"hmh00575","reflective-mylar-rolls","","Unknown","",woo,no,yes,no,""
"passiveVoice:{score:9","lengthContent:{score:-20","","Unknown","",multi,no,yes,no,""
"passiveVoice:{score:9","lengthContent:{score:-10","","Unknown","",multi,no,yes,no,""
"hmh00584","accessories-components","","Unknown","",woo,no,yes,no,""
"hmh00589","green-air-genesis-calibration-solutions","","Unknown","",woo,no,yes,no,""
"hmh00590","tds-3-handheld-meter-with-carrying-case","","Unknown","",woo,no,yes,no,""
"hmh00591","com-100-waterproof-ec-tds-temp-combo-meter","","Unknown","",woo,no,yes,no,""
"hmh00592","ph-200-waterproof-ph-meter","","Unknown","",woo,no,yes,no,""
"hmh00595","control-wizard-accurate-ph3","","Unknown","",woo,no,yes,no,""
"hmh00596","philips-lighting","","Unknown","",woo,no,yes,no,""
"hmh00597","plantmax-pulse-start-metal-halide-lamps","","Unknown","",woo,no,yes,no,""
"hmh00598","badboy-ho-triphosphor-lamps","","Unknown","",woo,no,yes,no,""
"hmh00601","plantmax-super-high-pressure-sodium","","Unknown","",woo,no,yes,no,""
"hmh00602","plantmax-hps-conversion-mh-ballast","","Unknown","",woo,no,yes,no,""
"hmh00603","plantmax-mh-conversion-hps-ballast","","Unknown","",woo,no,yes,no,""
"hmh00606","vegetative-hps-ballast","","Unknown","",woo,no,yes,no,""
"hmh00607","vegetative-mh-ballast","","Unknown","",woo,no,yes,no,""
"hmh00608","all-phase-high-output-metal-halide-horticultural-lamp","","Unknown","",woo,no,yes,no,""
"hmh00609","light-rail-5","","Unknown","",woo,no,yes,no,""
"hmh00611","light-rail-accessories","","Unknown","",woo,no,yes,no,""
"hmh00616","grommets","","Unknown","",woo,no,yes,no,""
"hmh00623","1-2-barb-connectors","","Unknown","",woo,no,yes,no,""
"hmh00624","the-bucket-basket","","Unknown","",woo,no,yes,no,""
"hmh00625","netpots","","Unknown","",woo,no,yes,no,""
"hmh00626","site-plugs","","Unknown","",woo,no,yes,no,""
"hmh00627","snapture-snapstand","","Unknown","",woo,no,yes,no,""
"hmh00629","mechanical-timers","","Unknown","",woo,no,yes,no,""
"hmh00631","cst-1p-timer-frequency-duration","","Unknown","",woo,no,yes,no,""
"hmh00632","24-dt-1-24-hour-clock-timer","","Unknown","",woo,no,yes,no,""
"hmh00633","lt4-4-light-timer-120-or-240-v","","Unknown","",woo,no,yes,no,""
"hmh00635","ls-series-light-and-high-load-switcher","","Unknown","",woo,no,yes,no,""
"hmh00636","on-off-switcher-120v","","Unknown","",woo,no,yes,no,""
"hmh00637","vortex-powerfans","","Unknown","",woo,no,yes,no,""
"hmh00639","backdraft-dampers","","Unknown","",woo,no,yes,no,""
"hmh00640","thermostatically-controlled-centrifugal-fans","","Unknown","",woo,no,yes,no,""
"hmh00645","original-can-fans","","Unknown","",woo,no,yes,no,""
"hmh00646","can-filters","","Unknown","",woo,no,yes,no,""
"hmh00647","can-filter-pre-filters","","Unknown","",woo,no,yes,no,""
"hmh00648","can-filter-flanges","","Unknown","",woo,no,yes,no,""
"hmh00649","ducting","","Unknown","",woo,no,yes,no,""
"hmh00650","max-fan","","Unknown","",woo,no,yes,no,""
"hmh00662","38-special-by-can-filters","","Unknown","",woo,no,yes,no,""
"hmh00663","the-rack-collapsible-drying-system","","Unknown","",woo,no,yes,no,""
"hmh00665","the-trimpro","","Unknown","",woo,no,yes,no,""
"hmh00666","the-trimpro-workstation","","Unknown","",woo,no,yes,no,""
"hmh00670","trimpro-rotor","","Unknown","",woo,no,yes,no,""
"hmh00686","rare-earth","","Unknown","",woo,no,yes,no,""
"hmh00998","can-lite-filters","","Unknown","",woo,no,yes,no,""
"hmh01003","b-52-vitamin","","Unknown","",woo,no,yes,no,""
"hmh01004","big-bud-bloom-booster","","Unknown","",woo,no,yes,no,""
"hmh01005","bud-blood-bloom-stimulator","","Unknown","",woo,no,yes,no,""
"hmh01006","bud-candy","","Unknown","",woo,no,yes,no,""
"hmh01007","bud-factor-x","","Unknown","",woo,no,yes,no,""
"hmh01008","carboload","","Unknown","",woo,no,yes,no,""
"hmh01009","final-phase","","Unknown","",woo,no,yes,no,""
"hmh01011","mother-earth-organic-super-tea","","Unknown","",woo,no,yes,no,""
"hmh01012","nirvana","","Unknown","",woo,no,yes,no,""
"hmh01013","overdrive","","Unknown","",woo,no,yes,no,""
"hmh01014","piranha-beneficial-fungi","","Unknown","",woo,no,yes,no,""
"hmh01015","rhino-skin","","Unknown","",woo,no,yes,no,""
"hmh01016","sensi-grow-two-part","","Unknown","",woo,no,yes,no,""
"hmh01017","sensizym","","Unknown","",woo,no,yes,no,""
"hmh01018","tarantula-beneficial-bacteria","","Unknown","",woo,no,yes,no,""
"hmh01019","ultra-premium-connoisseur","","Unknown","",woo,no,yes,no,""
"hmh01020","voodoo-juice-root-booster","","Unknown","",woo,no,yes,no,""
"hmh01073","grow-big-liquid-plant-food-6-4-4","","Unknown","",woo,no,yes,no,""
"hmh01074","tiger-bloom-liquid-plant-food-2-8-4","","Unknown","",woo,no,yes,no,""
"hmh01126","root-pouch","","Unknown","",woo,no,yes,no,""
"hmh01141","socket-sets","","Unknown","",woo,no,yes,no,""
"hmh01154","calimagic","","Unknown","",woo,no,yes,no,""
"hmh01159","pure-blend-pro-grow","","Unknown","",woo,no,yes,no,""
"hmh01160","pure-blend-pro-bloom","","Unknown","",woo,no,yes,no,""
"hmh01161","pure-blend-pro-soil","","Unknown","",woo,no,yes,no,""
"hmh01162","hydroplex","","Unknown","",woo,no,yes,no,""
"hmh01163","liquid-karma","","Unknown","",woo,no,yes,no,""
"hmh01164","aquashield","","Unknown","",woo,no,yes,no,""
"hmh01165","cal-mag-plus","","Unknown","",woo,no,yes,no,""
"hmh01166","clearex","","Unknown","",woo,no,yes,no,""
"hmh01167","silica-blast","","Unknown","",woo,no,yes,no,""
"hmh01189","mondi-super-saucers","","Unknown","",woo,no,yes,no,""
"hmh01194","mondi-mini-greenhouse-4-and-7-propagation-domes","","Unknown","",woo,no,yes,no,""
"ease of cleaning and lamp replacment. The finest air cooled reflector on the market!","ease of cleaning and lamp replacment. The finest air cooled reflector on the market!","","Unknown","",woo,no,yes,no,""
"maxScore:9","error:1}}}","","Maxscore:9","",multi,no,yes,no,""
"hmh01205","ph-perfect-ultra-premium-connoisseur","","Unknown","",woo,no,yes,no,""
"hmh01206","ph-perfect-sensi-bloom-2-part","","Unknown","",woo,no,yes,no,""
"hmh01207","ph-perfect-sensi-grow-2-part","","Unknown","",woo,no,yes,no,""
"hmh01225","bcuzz-coco-nutrients","","Unknown","",woo,no,yes,no,""
"hmh01241","captain-jacks-dead-bug-brew","","Unknown","",woo,no,yes,no,""
"hmh01255","trimpro-unplugged","","Unknown","",woo,no,yes,no,""
"hmh01260","ecoplus-submersible-pumps","","Unknown","",woo,no,yes,no,""
"hmh01271","hydroton-clay-pebbles","","Unknown","",woo,no,yes,no,""
"hmh01274","dyna-gro-grow","","Unknown","",woo,no,yes,no,""
"hmh01278","dyna-gro-bloom","","Unknown","",woo,no,yes,no,""
"hmh01280","dyna-gro-pro-tekt","","Unknown","",woo,no,yes,no,""
"hmh01298","uno-rope-ratchets","","Unknown","",woo,no,yes,no,""
"hmh01300","bond-3-way-soil-meter","","Unknown","",woo,no,yes,no,""
"hmh01308","ecoplus-pump-filter-bags","","Unknown","",woo,no,yes,no,""
"hmh01313","ecoplus-air-pumps","","Unknown","",woo,no,yes,no,""
"hmh01315","ecoplus-commercial-air-pumps","","Unknown","",woo,no,yes,no,""
"hmh01318","uno-grow-tents","","Unknown","",woo,no,yes,no,""
"hmh01320","digital-timers","","Unknown","",woo,no,yes,no,""
"hmh01328","q-max-ultra-quiet-fans","","Unknown","",woo,no,yes,no,""
"hmh01332","long-term-storage-bags","","Unknown","",woo,no,yes,no,""
"hmh01352","ona-spray","","Unknown","",woo,no,yes,no,""
"hmh01355","clonex-clone-solution","","Unknown","",woo,no,yes,no,""
"hmh01358","hydrodyamics-clonex-mist","","Unknown","",woo,no,yes,no,""
"hmh01362","vitamino","","Unknown","",woo,no,yes,no,""
"B6 and B12","B6 and B12","","Unknown","",woo,no,yes,no,""
"hmh01374","athenas-aminas","","Unknown","",woo,no,yes,no,""
"hmh01377","uno-brilliant-series","","Unknown","",woo,no,yes,no,""
"hmh01383","bloom-khaos","","Unknown","",woo,no,yes,no,""
"hmh01386","demeters-destiny","","Unknown","",woo,no,yes,no,""
"hmh01389","gaia-mania","","Unknown","",woo,no,yes,no,""
"hmh01393","herculean-harvest","","Unknown","",woo,no,yes,no,""
"hmh01397","hygeias-hydration","","Unknown","",woo,no,yes,no,""
"hmh01400","medusas-magic","","Unknown","",woo,no,yes,no,""
"hmh01404","mega-morpheus","","Unknown","",woo,no,yes,no,""
"hmh01407","pegasus-potion","","Unknown","",woo,no,yes,no,""
"hmh01412","tritans-trawl","","Unknown","",woo,no,yes,no,""
"hmh01416","super-sprouter-heat-mat","","Unknown","",woo,no,yes,no,""
"hmh01430","atami-rootblastic","","Unknown","",woo,no,yes,no,""
"hmh01436","universal-t5ho-sunblaster-light-stand","","Unknown","",woo,no,yes,no,""
"hmh01445","decision","","Unknown","",woo,no,yes,no,""
"hmh01449","equinox","","Unknown","",woo,no,yes,no,""
"hmh01453","lightning-start","","Unknown","",woo,no,yes,no,""
"hmh01457","ruby-ful","","Unknown","",woo,no,yes,no,""
"hmh01461","spring","","Unknown","",woo,no,yes,no,""
"hmh01465","summer","","Unknown","",woo,no,yes,no,""
"hmh01470","autumn","","Unknown","",woo,no,yes,no,""
"hmh01474","winter-frost","","Unknown","",woo,no,yes,no,""
"hmh01489","drying-rack-4-tier","","Unknown","",woo,no,yes,no,""
"hmh01527","pk-apatite","","Unknown","",woo,no,yes,no,""
"hmh01537","black-white-panda-film-poly","","Unknown","",woo,no,yes,no,""
"hmh01538","diamond-silver-white-film","","Unknown","",woo,no,yes,no,""
"hmh01570","bcuzz-blossom-builder-0-9-19","","Unknown","",woo,no,yes,no,""
"hmh01583","uno-2-speed-controled-in-line-blowers","","Unknown","",woo,no,yes,no,""
"hmh01589","nutradip-growboss","","Unknown","",woo,no,yes,no,""
"hmh01592","dual-lamp-fixture","","Unknown","",woo,no,yes,no,""
"hmh01596","accurate-ph-4-w-remote-probe","","Unknown","",woo,no,yes,no,""
"hmh01601","hydrodynamics-ionic-bloom-3-2-6-premium-plant-nutrient","","Unknown","",woo,no,yes,no,""
"reducing pH fluctuations in the reservoir.</li>","reducing pH fluctuations in the reservoir.</li>","","Unknown","",woo,no,yes,no,""
"hmh01611","hydrodynamics-ionic�-pk-boost-0-5-6-premium-plant-nutrient","","Unknown","",woo,no,yes,no,""
"hmh01615","hydrodynamics-int-coco-soil-grow-bloom","","Unknown","",woo,no,yes,no,""
"hmh01624","plagron-terra-bloom-grow","","Unknown","",woo,no,yes,no,""
"hmh01636","d‐papillon-315w-full-spectrum-240v","","Unknown","",woo,no,yes,no,""
"hmh01640","green-sensation","","Unknown","",woo,no,yes,no,""
"hmh01658","humboldt-nutrients-s-i-structural-integrity","","Unknown","",woo,no,yes,no,""
"hmh01674","prue-clean-natural-enzymes","","Unknown","",woo,no,yes,no,""
"hmh01677","plagron-royal-rush","","Unknown","",woo,no,yes,no,""
"hmh01680","plagron-power-roots","","Unknown","",woo,no,yes,no,""
"hmh01683","cocos-a-b","","Unknown","",woo,no,yes,no,""
"hmh01688","plagron-hydro-ab","","Unknown","",woo,no,yes,no,""
"hmh01700","badboy-t5-lighting-system","","Unknown","",woo,no,yes,no,""
"hmh01711","eye-hortilux-e-start-metal-halide-lamps","","Unknown","",woo,no,yes,no,""
"hmh01748","clonex-root-maximizer-granular-for-soil-applications","","Unknown","",woo,no,yes,no,""
"hmh01751","clonex-root-maximizer-mycorrhizae-soluble-for-hydro","","Unknown","",woo,no,yes,no,""
"hmh01755","gro-pro-root-master-pots","","Unknown","",woo,no,yes,no,""
"hmh01756","black-plastic-buckets-3-5-gallon","","Unknown","",woo,no,yes,no,""
"hmh01761","silicium","","Unknown","",woo,no,yes,no,""
"hmh01764","greenpowerluminaires-remote-315","","Unknown","",woo,no,yes,no,""
"hmh01766","315-socket-adapter-for-38-mogal-315-socket-adapter-for-lamp-base-pgzx18","","Unknown","",woo,no,yes,no,""
"hmh01770","rosin-pro-press-auto-electirc","","Unknown","",woo,no,yes,no,""
"hmh01772","rosin-pro-press-co-pneumatic-dual-element","","Unknown","",woo,no,yes,no,""
"hmh01774","rosin-pro-press-co-manual","","Unknown","",woo,no,yes,no,""
"hmh01776","rosin-pro-press-co-pneumatic","","Unknown","",woo,no,yes,no,""
"hmh01779","greenpowerluminaires-630-remote","","Unknown","",woo,no,yes,no,""
"hmh01784","the-ozone-generator-5000-cu-ft","","Unknown","",woo,no,yes,no,""
"sentenceLength:{score:9","additional:[]},{analysis:{basic:{metadescriptionLength:{score:6","","Unknown","",multi,no,yes,no,""
"hmh01791","botanicare-growilla-bud-2-5-4-veg-5-4-2","","Unknown","",woo,no,yes,no,""
"hmh01795","down-to-earth-bat-guano-9-3-1","","Unknown","",woo,no,yes,no,""
"hmh01798","down-to-earth-neem-seed-meal-6-1-2","","Unknown","",woo,no,yes,no,""
"hmh01801","down-to-earth-granular-humic-acids","","Unknown","",woo,no,yes,no,""
"hmh01804","down-to-earth-bone-meal-3-15-0","","Unknown","",woo,no,yes,no,""
"hmh01807","down-to-earth-vegan-mix-3-2-2","","Unknown","",woo,no,yes,no,""
"hmh01810","down-to-earth-kelp-meal-1-0-1-2","","Unknown","",woo,no,yes,no,""
"hmh01813","down-to-earth-fish-bone-meal-3-16-0","","Unknown","",woo,no,yes,no,""
"hmh01816","down-to-earth-bat-guano-7-3-1","","Unknown","",woo,no,yes,no,""
"hmh01854","calnesium-deficiency-correction-supplement","","Unknown","",woo,no,yes,no,""
"hmh01869","sticky-thrip-leafminer-traps","","Unknown","",woo,no,yes,no,""
"hmh01871","sticky-whitefly-trap-3-pack","","Unknown","",woo,no,yes,no,""
"hmh01903","microbiometer�-refill-kit","","Unknown","",woo,no,yes,no,""
"hmh01906","carb-o-naria-0-0-0-3","","Unknown","",woo,no,yes,no,""
"hmh01937","ripen-0-5-7-6","","Unknown","",woo,no,yes,no,""
"hmh01970","flashgro-roll","","Unknown","",woo,no,yes,no,""
"and more.","and more.","","Unknown","",woo,no,yes,no,""
"setting up of the garden","setting up of the garden","","Unknown","",multi,no,yes,no,""
"dolomitic and calcitic limestone (pH adjuster)","dolomitic and calcitic limestone (pH adjuster)","","Unknown","",woo,no,yes,no,""
"Sodium Molybdate,,2021-12-23 13:17:34,product,athena-pro-core-10-lb,https://hmoonhydro.com/product/athena-pro-core-10-lb/,Athena,,Nutrients &amp; Supplements > ATHENA,Athena Pro Core,simple,visible,No,Domestic,No,,,instock,no,no,110,79,,12,14,14,11,,,,79,no,no,,,,,,,0,0,,,no,taxable,,0,,,0,0,,,0,,,0,,,default,,,,default,,,0,,,default,,,default,1,0,0,0,0,0,0,0,'-1,'-1,large,,,default,,{blockGraphs:[]","Sodium Molybdate,,2021-12-23 13:17:34,product,athena-pro-core-10-lb,https://hmoonhydro.com/product/athena-pro-core-10-lb/,Athena,,Nutrients &amp; Supplements > ATHENA,Athena Pro Core,simple,visible,No,Domestic,No,,,instock,no,no,110,79,,12,14,14,11,,,,79,no,no,,,,,,,0,0,,,no,taxable,,0,,,0,0,,,0,,,0,,,default,,,,default,,,0,,,default,,,default,1,0,0,0,0,0,0,0,'-1,'-1,large,,,default,,{blockGraphs:[]","","Unknown","",woo,no,yes,no,""
"default:{data:{Article:[]","default:{data:{Article:[]","","Unknown","",multi,no,yes,no,""
"MN","MN","","Ny","",woo,no,yes,no,""
"WA</b>,,2021-12-23 13:46:12,product,athena-mildew-control-32-oz,https://hmoonhydro.com/product/athena-mildew-control-32-oz/,Athena,,Nutrients &amp; Supplements > ATHENA,Athena Mildew Control,simple,visible,No,70.0,No,,,instock,no,no,90,79,,8,8,4,6,,,,79,no,no,,,,,,,0,0,,,no,taxable,,0,,,0,0,,,0,,,0,,,default,,,,default,,,0,,,default,,,default,1,0,0,0,0,0,0,0,'-1,'-1,large,,,default,,{blockGraphs:[]","WA</b>,,2021-12-23 13:46:12,product,athena-mildew-control-32-oz,https://hmoonhydro.com/product/athena-mildew-control-32-oz/,Athena,,Nutrients &amp; Supplements > ATHENA,Athena Mildew Control,simple,visible,No,70.0,No,,,instock,no,no,90,79,,8,8,4,6,,,,79,no,no,,,,,,,0,0,,,no,taxable,,0,,,0,0,,,0,,,0,,,default,,,,default,,,0,,,default,,,default,1,0,0,0,0,0,0,0,'-1,'-1,large,,,default,,{blockGraphs:[]","","Unknown","",woo,no,yes,no,""
"TN","DE","","Hi","",woo,no,yes,no,""
"and fruit trees.","and fruit trees.","","Unknown","",multi,no,yes,no,""
"Teaming with Bacteria is a must-have addition to every organic gardener’s library.,Jeff Lowenfels","Teaming with Bacteria is a must-have addition to every organic gardener’s library.,Jeff Lowenfels","","Unknown","",woo,no,yes,no,""
"houseplants and EVEN trees.","houseplants and EVEN trees.","","Unknown","",woo,no,yes,no,""
"status:imported}},0,,no,,,90,0,,,,380,189,,,,,,,,,,,,0,,,,,,,,,,,,,,,,,,,,,,,,,,,,,,,,,publish,,,0,,,0,closed,2025-08-09 17:31:15","or optional 1:1 ratio (included). Includes custom KDF/catalytic carbon filter for reduction of chlorine","","Unknown","",woo,no,yes,no,""
"208-400V,,,,,,,,,5,yocina2,yocina2@gmail.com,michael,yocina,,,,,,,,classic-editor,,0,,,no,,no,,,{h-moon-hydro.myshopify.com:{_w2s_shopify_product_id:8043108892746","208-400V,,,,,,,,,5,yocina2,yocina2@gmail.com,michael,yocina,,,,,,,,classic-editor,,0,,,no,,no,,,{h-moon-hydro.myshopify.com:{_w2s_shopify_product_id:8043108892746","","Unknown","",woo,no,yes,no,""
"and growth patterns. These variations can result in a more diverse and unique experience.","and growth patterns. These variations can result in a more diverse and unique experience.","","Unknown","",woo,no,yes,no,""
"and pest prevention measures.","and pest prevention measures.","","Unknown","",woo,no,yes,no,""
"spicy","spicy","","Unknown","",woo,no,yes,no,""
"tangy","tangy","","Unknown","",woo,no,yes,no,""
"indicating the ideal time for harvest. You can monitor the trichomes using a magnifying tool and harvest when they appear milky or amber in color.","indicating the ideal time for harvest. You can monitor the trichomes using a magnifying tool and harvest when they appear milky or amber in color.","","Unknown","",woo,no,yes,no,""
"and the leaves may start to yellow and wither. These are natural signs of the plant's final growth phase.","and the leaves may start to yellow and wither. These are natural signs of the plant's final growth phase.","","Unknown","",woo,no,yes,no,""
"and signal transduction pathways","and signal transduction pathways","","Fruiting","",woo,no,yes,no,""
"flavor","flavor","","Unknown","",woo,no,yes,no,""
"highly compatible with ALL fertilizers. If using as your base nutrient","highly compatible with ALL fertilizers. If using as your base nutrient","","Unknown","",woo,no,yes,no,""
"thereby lowering cultivation costs.,,2024-03-24 14:56:28,product,grow-grease-fermented-vegetative-plant-juice,https://hmoonhydro.com/product/grow-grease-fermented-vegetative-plant-juice/,GREASE™,,Grease,,simple,visible,No,Domestic,No,,,instock,no,no,29.97,,,8.45351,,,,,,,29.97,no,yes,100,,,,,,0,0,,,no,taxable,,0,,,0,0,,,0,,,0,,,default,,,,default,,,0,,,default,,,default,1,0,0,0,0,0,0,0,,,large,,,,,{blockGraphs:[]","thereby lowering cultivation costs.,,2024-03-24 14:56:28,product,grow-grease-fermented-vegetative-plant-juice,https://hmoonhydro.com/product/grow-grease-fermented-vegetative-plant-juice/,GREASE™,,Grease,,simple,visible,No,Domestic,No,,,instock,no,no,29.97,,,8.45351,,,,,,,29.97,no,yes,100,,,,,,0,0,,,no,taxable,,0,,,0,0,,,0,,,0,,,default,,,,default,,,0,,,default,,,default,1,0,0,0,0,0,0,0,,,large,,,,,{blockGraphs:[]","","Unknown","",woo,no,yes,no,""
"iron","iron","","Unknown","",woo,no,yes,no,""
"enhance root systems","enhance root systems","","Unknown","",woo,no,yes,no,""
"and with a short term plant with a narrow window of growth this is critical.","and with a short term plant with a narrow window of growth this is critical.","","Unknown","",woo,no,yes,no,""
"plants can enhance their ability to produce terpenes with defensive properties.</li>","plants can enhance their ability to produce terpenes with defensive properties.</li>","","Unknown","",woo,no,yes,no,""
"and reduced crop yields.</li>","and reduced crop yields.</li>","","Unknown","",woo,no,yes,no,""
"and local recommendations.</li>","and local recommendations.</li>","","Unknown","",woo,no,yes,no,""
"and organic matter decomposition. The increased microbial activity can also suppress harmful pathogens and diseases in the soil.</li>","and organic matter decomposition. The increased microbial activity can also suppress harmful pathogens and diseases in the soil.</li>","","Unknown","",woo,no,yes,no,""
"error:1}","additional:[]},{analysis:{basic:{metadescriptionLength:[]","","Unknown","",multi,no,yes,no,""
"10-Level Auto Oscillation[/caption]","10-Level Auto Oscillation[/caption]","","Unknown","",woo,no,yes,no,""
"from ultra-gentle breezes for germination and seedlings to a powerful airflow for vegetative and flowering.","from ultra-gentle breezes for germination and seedlings to a powerful airflow for vegetative and flowering.","","Unknown","",woo,no,yes,no,""
"status:imported}},0,,,,,,,,,,,,,,,,,,,,,,,,,,,,,,,,,,,,,,,,,,,,,,,,,,,,,,,,publish,,,0,,,0,closed,2025-08-27 01:01:28","status:imported}},0,,,,,,,,,,,,,,,,,,,,,,,,,,,,,,,,,,,,,,,,,,,,,,,,,,,,,,,,publish,,,0,,,0,closed,2025-08-27 01:01:28","","Unknown","",woo,no,yes,no,""
"error:1}","and the ability to chat with our AI bot about your grow. Mix and match up to 32 devices from the largest platform of smart fans","","Heaters","",woo,no,yes,no,""
"status:imported}},0,,,,,,,,,,,,,,,,,,,,,,,,,,,,,,,,,,,,,,,,,,,,,,,,,,,,,,,,publish,,,0,,,0,closed,2025-07-28 14:24:28","status:imported}},0,,,,,,,,,,,,,,,,,,,,,,,,,,,,,,,,,,,,,,,,,,,,,,,,,,,,,,,,publish,,,0,,,0,closed,2025-07-28 14:24:28","","Unknown","",woo,no,yes,no,""
"evenly hydrated and ready-to-use. It is suitable for both organic production and salt-based feeding regimens.","evenly hydrated and ready-to-use. It is suitable for both organic production and salt-based feeding regimens.","","Unknown","",woo,no,yes,no,""
"and perlite","and perlite","","Watering","",woo,no,yes,no,""
"heat","heat","","Unknown","",woo,no,yes,no,""
"score:1","like having an expert in your garden.,,2025-04-09 14:32:18,product,cannabis-growers-handbook-the-complete-guide-to-marijuana-and-hemp-cultivationcannabis-growers-handbook-the-complete-guide-to-marijuana-and-hemp-cultivationcannabis-growers-handbook-the-compl,https://hmoonhydro.com/product/cannabis-growers-handbook-the-complete-guide-to-marijuana-and-hemp-cultivationcannabis-growers-handbook-the-complete-guide-to-marijuana-and-hemp-cultivationcannabis-growers-handbook-the-compl/,,,Books,,simple,visible,No,70.0,No,,,instock,no,no,44.95,34.95,,2,10,9,4,,,,34.95,no,no,,,,,,,'-1,'-1,,,no,taxable,,0,,,0,0,,,0,{focus:{keyphrase:""","","Maxscore:9","",woo,no,yes,no,""
"readability:{contentHasAssets:{error:1","Fungicide","","Unknown","",woo,no,yes,no,""
"maxScore:5}","score:0","","Unknown","",woo,no,yes,no,""
"or in combination with BIOALL™","or in combination with BIOALL™","","Unknown","",woo,no,yes,no,""
"//jugdealers.shop/cdn/shop/files/Coco_Feed_Schedule_-_josh_5eight.com_-_Phive.8_Mail_-_Google_Chrome_5_8_2025_2_13_05_PM.png?v=1746736911&amp;width=713 713w","//jugdealers.shop/cdn/shop/files/Coco_Feed_Schedule_-_josh_5eight.com_-_Phive.8_Mail_-_Google_Chrome_5_8_2025_2_13_05_PM.png?v=1746736911&amp;width=713 713w","","Unknown","",woo,no,yes,no,""
"//jugdealers.shop/cdn/shop/files/1000015343-removebg-preview.png?v=1746736911&amp;width=713 713w","//jugdealers.shop/cdn/shop/files/1000015343-removebg-preview.png?v=1746736911&amp;width=713 713w","","Unknown","",woo,no,yes,no,""
"//jugdealers.shop/cdn/shop/files/Picsart_24-06-18_12-53-43-982.jpg?v=1746736911&amp;width=713 713w","//jugdealers.shop/cdn/shop/files/Picsart_24-06-18_12-53-43-982.jpg?v=1746736911&amp;width=713 713w","","Unknown","",woo,no,yes,no,""
"seeds","seeds","","Atlas Seed, Greenhouse Seed","",woo,no,yes,no,""
"passiveVoice:{score:9","lengthContent:{score:9","","Unknown","",multi,no,yes,no,""
"is one of our latest selections from Sunset Sherbert x Diagonal OG by Cannarado Genetics.","is one of our latest selections from Sunset Sherbert x Diagonal OG by Cannarado Genetics.","","Unknown","",woo,no,yes,no,""
"brings light earthy and mossy undertones","brings light earthy and mossy undertones","","Unknown","",woo,no,yes,no,""
"passiveVoice:{score:9","lengthContent:{score:3","","Unknown","",multi,no,yes,no,""
"passiveVoice:{score:9","lengthContent:{score:6","","Unknown","",multi,no,yes,no,""
"purple flowers. A top performing extraction line with equal potential as finished flower. Good structure for machine trimming. Excellent uniformity across this lot.&quot;} data-sheets-userformat={&quot;2&quot;:961","purple flowers. A top performing extraction line with equal potential as finished flower. Good structure for machine trimming. Excellent uniformity across this lot.&quot;} data-sheets-userformat={&quot;2&quot;:961","","&quot;10&quot;:1","",woo,no,yes,no,""
"fuel nose.","fuel nose.","","Unknown","",woo,no,yes,no,""
"eliminates waste","eliminates waste","","Unknown","",woo,no,yes,no,""
"or any combination of a vessel and heat source. Infusion devices don’t concentrate oil or butter in any way. Instead","or any combination of a vessel and heat source. Infusion devices don’t concentrate oil or butter in any way. Instead","","Unknown","",woo,no,yes,no,""
"concentrated tincture","concentrated tincture","","Budder","",woo,no,yes,no,""
"but they’re unsafe","and affordability problems. When performing extractions","","Unknown","",multi,no,yes,no,""
"most of these devices drain into an open recovery vessel from condensers that get overwhelmed by the volume of hot vapor pushed through them","most of these devices drain into an open recovery vessel from condensers that get overwhelmed by the volume of hot vapor pushed through them","","Unknown","",woo,no,yes,no,""
"protected","protected","","Unknown","",multi,no,yes,no,""
"and loads of fun experimenting with unlimited crafting possibilities.","and loads of fun experimenting with unlimited crafting possibilities.","","Unknown","",woo,no,yes,no,""
"scenting","scenting","","Unknown","",woo,no,yes,no,""
"and outside ambient temperature","and outside ambient temperature","","Unknown","",woo,no,yes,no,""
"the average ethanol reclaim with these is around 60%-70%. A water distiller can be more expensive than a rice cooker","the average ethanol reclaim with these is around 60%-70%. A water distiller can be more expensive than a rice cooker","","Unknown","",woo,no,yes,no,""
"score:1","and loads of fun experimenting with unlimited crafting possibilities.,2025-07-28 15:29:04,product,meet-source-turbo,https://hmoonhydro.com/product/meet-source-turbo/,Extraction Craft,,Drying &amp; Extraction,THE SOURCE TURBO,simple,visible,No,,No,,,instock,no,no,659,600.00,,15,12,12,14,,,,600.00,no,no,,,,,,,'-1,'-1,,,no,taxable,,0,,,0,0,,,0,{focus:{keyphrase:""","","Maxscore:9","",woo,no,yes,no,""